[
  {
    "model": "sessions.session",
    "pk": "53zwxn3208baamw362tda5jxelxmnsrt",
    "fields": {
      "session_data": "YTEzODk5NWNjY2ZmY2QzNjk4MDhkNGI3NzU5N2FlZTMyNTljM2UzOTp7Imdvb2dsZS1vYXV0aDJfc3RhdGUiOiI2R0NtVGVnZ3VBM2JwWnhYOW5YQWlQVFpjN25Bem9ZZiIsIl9hdXRoX3VzZXJfaWQiOiI5IiwiX2F1dGhfdXNlcl9iYWNrZW5kIjoic29jaWFsX2NvcmUuYmFja2VuZHMuZ29vZ2xlLkdvb2dsZU9BdXRoMiIsIl9hdXRoX3VzZXJfaGFzaCI6ImJiMzFkNjE0ZjAxMzk5MGViYThhZjlmMzk1N2ZkYmU2OTQzZDZhNzkiLCJzb2NpYWxfYXV0aF9sYXN0X2xvZ2luX2JhY2tlbmQiOiJnb29nbGUtb2F1dGgyIn0=",
      "expire_date": "2019-06-05T01:35:39.865Z"
    }
  },
  {
    "model": "sessions.session",
    "pk": "b98ti84t3hy6jgw3ywfuo8ckvz11y2n0",
    "fields": {
      "session_data": "MDQyYWE5YTIwZmUwNTI3ZWIwNDI2ZDI1MWQ2NWViMGNjMDMzZGM3Mzp7Imdvb2dsZS1vYXV0aDJfc3RhdGUiOiJyQjBGNEZ0d2w5SHF3dTdSSDZWSDY2S0pBSk1TTHpTcCIsIl9hdXRoX3VzZXJfaWQiOiI5IiwiX2F1dGhfdXNlcl9iYWNrZW5kIjoic29jaWFsX2NvcmUuYmFja2VuZHMuZ29vZ2xlLkdvb2dsZU9BdXRoMiIsIl9hdXRoX3VzZXJfaGFzaCI6ImJiMzFkNjE0ZjAxMzk5MGViYThhZjlmMzk1N2ZkYmU2OTQzZDZhNzkiLCJzb2NpYWxfYXV0aF9sYXN0X2xvZ2luX2JhY2tlbmQiOiJnb29nbGUtb2F1dGgyIn0=",
      "expire_date": "2019-05-30T09:05:14.889Z"
    }
  },
  {
    "model": "sessions.session",
    "pk": "dqjj2bppzuufinic4v7r9t12y2bn932o",
    "fields": {
      "session_data": "NzRmMTMzNzQ5MTdiYTQzM2RmYWY0NWM2OWU3ZjViMjBhZGI5N2U3MTp7Imdvb2dsZS1vYXV0aDJfc3RhdGUiOiIzUEU1akFmaXpDMUhnY3ZiNmdkd2Y0bEgycGZJQ21kSiIsIl9hdXRoX3VzZXJfaWQiOiIxMCIsIl9hdXRoX3VzZXJfYmFja2VuZCI6InNvY2lhbF9jb3JlLmJhY2tlbmRzLmdvb2dsZS5Hb29nbGVPQXV0aDIiLCJfYXV0aF91c2VyX2hhc2giOiJmMTEwMGZiODhlNmMxOGZhZjJmZGZiYThjZTE3OWMxNWVjYmE1NmRmIiwic29jaWFsX2F1dGhfbGFzdF9sb2dpbl9iYWNrZW5kIjoiZ29vZ2xlLW9hdXRoMiJ9",
      "expire_date": "2019-05-31T02:28:00.894Z"
    }
  },
  {
    "model": "sessions.session",
    "pk": "fcsutyk9v3fcl2r81egw5elwlwuew5hu",
    "fields": {
      "session_data": "M2MzMmNhZGYyOWIzYWRlZDI3YzYxMjkyMGU2YjcyMDI2MjAzOThlZDp7Imdvb2dsZS1vYXV0aDJfc3RhdGUiOiI4Rm9oNGtscEwyektWSXBmd095QjlpME16aERsZkFPQiIsIl9hdXRoX3VzZXJfaWQiOiIxIiwiX2F1dGhfdXNlcl9iYWNrZW5kIjoiZGphbmdvLmNvbnRyaWIuYXV0aC5iYWNrZW5kcy5Nb2RlbEJhY2tlbmQiLCJfYXV0aF91c2VyX2hhc2giOiI2NWUzZmYzMDQxMTVhODM0YTM2ZjA3MjU2OTExOTRhMWI4NThjODJlIn0=",
      "expire_date": "2019-06-04T09:25:39.390Z"
    }
  },
  {
    "model": "sessions.session",
    "pk": "y4mvexe6wywfo9wbv4leo8ghe10vxhxs",
    "fields": {
      "session_data": "ODVhZmQ5MTY0OWNhMzZiNTcwZjljNDIwYjgwYzdmMWVkYjM4NTAxMDp7Imdvb2dsZS1vYXV0aDJfc3RhdGUiOiJMNjN3M0FKbFZHNFJoUk5JZUZoSWE4TEdNOXdSaUVkWCIsIl9hdXRoX3VzZXJfaWQiOiI5IiwiX2F1dGhfdXNlcl9iYWNrZW5kIjoic29jaWFsX2NvcmUuYmFja2VuZHMuZ29vZ2xlLkdvb2dsZU9BdXRoMiIsIl9hdXRoX3VzZXJfaGFzaCI6ImJiMzFkNjE0ZjAxMzk5MGViYThhZjlmMzk1N2ZkYmU2OTQzZDZhNzkiLCJzb2NpYWxfYXV0aF9sYXN0X2xvZ2luX2JhY2tlbmQiOiJnb29nbGUtb2F1dGgyIn0=",
      "expire_date": "2019-05-30T09:30:33.834Z"
    }
  },
  {
    "model": "sessions.session",
    "pk": "z0rseas65nsmdnrl0wm0fd20h5swhqv0",
    "fields": {
      "session_data": "YmE1MThlMDkwMGM3Y2QwZmMzYjA1MDNjZTQyZTAwZGFiZjA4NjBmYzp7Imdvb2dsZS1vYXV0aDJfc3RhdGUiOiJwOHU1akxqTm1NMUlqYWpqU0JJQjg0cEtxYVpSQkQ4QiIsIl9hdXRoX3VzZXJfaWQiOiIxMSIsIl9hdXRoX3VzZXJfYmFja2VuZCI6InNvY2lhbF9jb3JlLmJhY2tlbmRzLmdvb2dsZS5Hb29nbGVPQXV0aDIiLCJfYXV0aF91c2VyX2hhc2giOiI0YjFjMWFhNTIyODI0NzRjYjk1OWM4Mjk0OTE2NWY5NjM3ZTA3ZTcxIiwic29jaWFsX2F1dGhfbGFzdF9sb2dpbl9iYWNrZW5kIjoiZ29vZ2xlLW9hdXRoMiJ9",
      "expire_date": "2019-06-03T05:50:16.019Z"
    }
  },
  {
    "model": "accounts.taste",
    "pk": 1,
    "fields": {
      "created_time": "2019-05-02T07:49:55.498Z",
      "updated_time": "2019-05-02T07:49:55.498Z",
      "name": "\ub2ec\ucf64"
    }
  },
  {
    "model": "accounts.taste",
    "pk": 2,
    "fields": {
      "created_time": "2019-05-02T13:35:22.073Z",
      "updated_time": "2019-05-02T13:35:22.073Z",
      "name": "\ub9e4\ucf64"
    }
  },
  {
    "model": "accounts.taste",
    "pk": 3,
    "fields": {
      "created_time": "2019-05-16T08:59:03.124Z",
      "updated_time": "2019-05-16T08:59:03.124Z",
      "name": "\uc9ed\uc9e4"
    }
  },
  {
    "model": "category.category",
    "pk": 3,
    "fields": {
      "created_time": "2019-05-20T05:59:55.600Z",
      "updated_time": "2019-05-20T05:59:55.609Z",
      "name": "\uc804\uccb4\ubcf4\uae30",
      "img": "category/category-01.png"
    }
  },
  {
    "model": "category.category",
    "pk": 4,
    "fields": {
      "created_time": "2019-05-20T05:59:55.600Z",
      "updated_time": "2019-05-20T05:59:55.609Z",
      "name": "1\uc778\ubd84 \uc8fc\ubb38",
      "img": "category/category-onedish.png"
    }
  },
  {
    "model": "category.category",
    "pk": 5,
    "fields": {
      "created_time": "2019-05-20T05:59:55.600Z",
      "updated_time": "2019-05-20T05:59:55.609Z",
      "name": "\ud504\ub79c\ucc28\uc774\uc988",
      "img": "category/category-10.png"
    }
  },
  {
    "model": "category.category",
    "pk": 6,
    "fields": {
      "created_time": "2019-05-20T05:59:55.600Z",
      "updated_time": "2019-05-20T05:59:55.609Z",
      "name": "\uce58\ud0a8",
      "img": "category/category-02.png"
    }
  },
  {
    "model": "category.category",
    "pk": 7,
    "fields": {
      "created_time": "2019-05-20T05:59:55.600Z",
      "updated_time": "2019-05-20T05:59:55.609Z",
      "name": "\ud53c\uc790/\uc591\uc2dd",
      "img": "category/category-03.png"
    }
  },
  {
    "model": "category.category",
    "pk": 8,
    "fields": {
      "created_time": "2019-05-20T05:59:55.600Z",
      "updated_time": "2019-05-20T05:59:55.609Z",
      "name": "\uc911\uad6d\uc9d1",
      "img": "category/category-04.png"
    }
  },
  {
    "model": "category.category",
    "pk": 9,
    "fields": {
      "created_time": "2019-05-20T05:59:55.600Z",
      "updated_time": "2019-05-20T05:59:55.609Z",
      "name": "\ud55c\uc2dd",
      "img": "category/category-05.png"
    }
  },
  {
    "model": "category.category",
    "pk": 10,
    "fields": {
      "created_time": "2019-05-20T05:59:55.600Z",
      "updated_time": "2019-05-20T05:59:55.609Z",
      "name": "\uc77c\uc2dd/\ub3c8\uae4c\uc2a4",
      "img": "category/category-06.png"
    }
  },
  {
    "model": "category.category",
    "pk": 11,
    "fields": {
      "created_time": "2019-05-20T05:59:55.600Z",
      "updated_time": "2019-05-20T05:59:55.609Z",
      "name": "\uc871\ubc1c/\ubcf4\uc308",
      "img": "category/category-07.png"
    }
  },
  {
    "model": "category.category",
    "pk": 12,
    "fields": {
      "created_time": "2019-05-20T05:59:55.600Z",
      "updated_time": "2019-05-20T05:59:55.609Z",
      "name": "\uc57c\uc2dd",
      "img": "category/category-08.png"
    }
  },
  {
    "model": "category.category",
    "pk": 13,
    "fields": {
      "created_time": "2019-05-20T05:59:55.600Z",
      "updated_time": "2019-05-20T05:59:55.609Z",
      "name": "\ubd84\uc2dd",
      "img": "category/category-09.png"
    }
  },
  {
    "model": "category.category",
    "pk": 14,
    "fields": {
      "created_time": "2019-05-20T05:59:55.600Z",
      "updated_time": "2019-05-20T05:59:55.609Z",
      "name": "\uce74\ud398/\ub514\uc800\ud2b8",
      "img": "category/category-11.png"
    }
  },
  {
    "model": "category.category",
    "pk": 15,
    "fields": {
      "created_time": "2019-05-20T05:59:55.600Z",
      "updated_time": "2019-05-20T05:59:55.609Z",
      "name": "\ub0a0\uc528\ubcc4 \ucd94\ucc9c",
      "img": "category/\u1102\u1161\u11af\u110a\u1175_ZRr3ijj.jpg"
    }
  },
  {
    "model": "restaurant.restaurant",
    "pk": 1,
    "fields": {
      "created_time": "2019-05-20T05:59:55.665Z",
      "updated_time": "2019-05-20T05:59:55.671Z",
      "name": "\uad7d\ub124\uce58\ud0a8",
      "owner": "\uae40\uad7d\ub124",
      "title": "\uad7d\ub124\uce58\ud0a8-\uc11c\ucd08\uc810",
      "img": "restaurant/2019/05/05/\u1100\u116e\u11b8\u1102\u1166\u110e\u1175\u110f\u1175\u11ab.jpg",
      "tel": "01034345666",
      "min_order_price": 17000,
      "order_way": "\ud604\uc7a5\uacb0\uc81c",
      "origin": "\uad6d\ub0b4\uc0b0",
      "delivery_charge": 2000,
      "info": "\ub9db\uc788\uc2b5\ub2c8\ub2e4",
      "type": "\uc694\uae30\uc694 \ub4f1\ub85d \uc74c\uc2dd\uc810",
      "estimated_delivery_time": "00:40:00",
      "operation_start_hour": "10:00:00",
      "operation_end_hour": "22:00:00",
      "category": [
        3,
        6
      ]
    }
  },
  {
    "model": "restaurant.restaurant",
    "pk": 2,
    "fields": {
      "created_time": "2019-05-20T05:59:55.665Z",
      "updated_time": "2019-05-20T05:59:55.671Z",
      "name": "\ub124\ub124\uce58\ud0a8",
      "owner": "\uae40\ub124\ub124",
      "title": "\ub124\ub124\uce58\ud0a8-\uc11c\ucd08\uc810",
      "img": "restaurant/2019/05/05/\u1102\u1166\u1102\u1166\u110e\u1175\u110f\u1175\u11ab.png",
      "tel": "0277777777",
      "min_order_price": 20000,
      "order_way": "\ud604\uc7a5\uacb0\uc81c",
      "origin": "\uad6d\ub0b4\uc0b0",
      "delivery_charge": 2000,
      "info": "\ub9db\uc788\ub294 \ub124\ub124\uce58\ud0a8\uc785\ub2c8\ub2e4.",
      "type": "\uc694\uae30\uc694 \ub4f1\ub85d \uc74c\uc2dd\uc810",
      "estimated_delivery_time": "00:30:00",
      "operation_start_hour": "11:30:00",
      "operation_end_hour": "23:40:00",
      "category": [
        3,
        6
      ]
    }
  },
  {
    "model": "restaurant.restaurant",
    "pk": 3,
    "fields": {
      "created_time": "2019-05-20T05:59:55.665Z",
      "updated_time": "2019-05-20T05:59:55.671Z",
      "name": "\ud398\ub9ac\uce74\ub098",
      "owner": "\ud3a0\ub9ac\ucee8",
      "title": "\ud398\ub9ac\uce74\ub098-\uc11c\ucd08\uc810",
      "img": "restaurant/2019/05/05/\u1111\u1166\u1105\u1175\u110f\u1161\u1102\u1161.jpeg",
      "tel": "0288885555",
      "min_order_price": 14000,
      "order_way": "\ud604\uc7a5\uacb0\uc81c",
      "origin": "\uad6d\ub0b4\uc0b0",
      "delivery_charge": 1000,
      "info": "\uc804\ud1b5\uc788\ub294 \ub9db\uc9d1",
      "type": "\uc694\uae30\uc694 \ub4f1\ub85d \uc74c\uc2dd\uc810",
      "estimated_delivery_time": "00:20:00",
      "operation_start_hour": "09:40:00",
      "operation_end_hour": "23:20:00",
      "category": [
        3,
        6
      ]
    }
  },
  {
    "model": "restaurant.restaurant",
    "pk": 4,
    "fields": {
      "created_time": "2019-05-20T05:59:55.665Z",
      "updated_time": "2019-05-20T05:59:55.671Z",
      "name": "\ud638\uce58\ud0a8",
      "owner": "\ud64d\uae38\ub3d9",
      "title": "\ud638\uce58\ud0a8-\uc11c\ucd08\uc810",
      "img": "restaurant/2019/05/05/\u1112\u1169\u110e\u1175\u110f\u1175\u11ab.png",
      "tel": "0233339999",
      "min_order_price": 13500,
      "order_way": "\ud604\uc7a5\uacb0\uc81c",
      "origin": "\uad6d\ub0b4\uc0b0",
      "delivery_charge": 0,
      "info": "\uc800\ub834\ud558\uace0 \ub9db\uc788\uc2b5\ub2c8\ub2e4",
      "type": "\uc694\uae30\uc694 \ub4f1\ub85d \uc74c\uc2dd\uc810",
      "estimated_delivery_time": "00:15:00",
      "operation_start_hour": "14:00:00",
      "operation_end_hour": "23:50:00",
      "category": [
        3,
        6
      ]
    }
  },
  {
    "model": "restaurant.restaurant",
    "pk": 5,
    "fields": {
      "created_time": "2019-05-21T02:32:01.282Z",
      "updated_time": "2019-05-21T02:32:01.282Z",
      "name": "\ud64d\ucf69\ubc18\uc810",
      "owner": "\ubc31\uc885\uc6d0",
      "title": "\ud64d\ucf69\ubc18\uc810-\uc11c\ucd08\uc810",
      "img": "restaurant/2019/05/21/\u1112\u1169\u11bc\u110f\u1169\u11bc\u1107\u1161\u11ab\u110c\u1165\u11b7.jpeg",
      "tel": "0234568764",
      "min_order_price": 10000,
      "order_way": "\ud604\uc7a5\uacb0\uc81c",
      "origin": "\ub2e8\ubb34\uc9c0 \uad6d\ub0b4\uc0b0\r\n\uae40\uce58 \uc911\uad6d\uc0b0",
      "delivery_charge": 2000,
      "info": "\uc9c1\uc811 \ubcf6\uc740 \ucd98\uc7a5",
      "type": "\uc694\uae30\uc694 \ub4f1\ub85d \uc74c\uc2dd\uc810",
      "estimated_delivery_time": "00:25:00",
      "operation_start_hour": "11:00:00",
      "operation_end_hour": "20:00:00",
      "category": [
        8
      ]
    }
  },
  {
    "model": "cart.cartitem",
    "pk": 1,
    "fields": {
      "menu": 4,
      "cart": "ecfc6d51-5d9d-4045-8657-ec15a8f93a5b",
      "quantity": 3
    }
  },
  {
    "model": "cart.cartitem",
    "pk": 2,
    "fields": {
      "menu": 3,
      "cart": "95277868-186f-42cb-b842-d3ddee0a12c8",
      "quantity": 2
    }
  },
  {
    "model": "cart.cartitem",
    "pk": 3,
    "fields": {
      "menu": 2,
      "cart": "9df13d0b-ab72-426a-b502-00381c625afc",
      "quantity": 10
    }
  },
  {
    "model": "cart.cartitem",
    "pk": 4,
    "fields": {
      "menu": 2,
      "cart": "d709d14b-f61a-429c-8973-4f2f55aa1e39",
      "quantity": 1
    }
  },
  {
    "model": "cart.cartitem",
    "pk": 5,
    "fields": {
      "menu": 3,
      "cart": "c19b759c-5693-48f3-a00f-f6acfe729fd9",
      "quantity": 3
    }
  },
  {
    "model": "cart.cartitem",
    "pk": 6,
    "fields": {
      "menu": 2,
      "cart": "897ff3c5-e130-4e93-9da0-91d81ede76a6",
      "quantity": 1
    }
  },
  {
    "model": "cart.cartitem",
    "pk": 7,
    "fields": {
      "menu": 4,
      "cart": "305e82c0-d065-4569-8644-eac938ea60bc",
      "quantity": 4
    }
  },
  {
    "model": "cart.cartitem",
    "pk": 8,
    "fields": {
      "menu": 3,
      "cart": "e6e6de67-8657-4ee3-be30-5aec24646ff7",
      "quantity": 2
    }
  },
  {
    "model": "cart.cartitem",
    "pk": 9,
    "fields": {
      "menu": 1,
      "cart": "cc076aa2-c541-43bc-8b27-f41b224de1d4",
      "quantity": 2
    }
  },
  {
    "model": "cart.cartitem",
    "pk": 10,
    "fields": {
      "menu": 4,
      "cart": "8f185d73-6281-4c02-88ad-128a7f791c0e",
      "quantity": 4
    }
  },
  {
    "model": "cart.cartitem",
    "pk": 11,
    "fields": {
      "menu": 2,
      "cart": "a6f39505-56ba-436d-a8eb-b9cecf20af23",
      "quantity": 3
    }
  },
  {
    "model": "cart.cartitem",
    "pk": 12,
    "fields": {
      "menu": 2,
      "cart": "1085db2e-216d-4e71-8ea1-905870fcb316",
      "quantity": 2
    }
  },
  {
    "model": "cart.cartitem",
    "pk": 14,
    "fields": {
      "menu": 6,
      "cart": "22f23f8c-d536-4dcb-8712-d2c6d978f1d0",
      "quantity": 1
    }
  },
  {
    "model": "cart.cartitem",
    "pk": 15,
    "fields": {
      "menu": 5,
      "cart": "22f23f8c-d536-4dcb-8712-d2c6d978f1d0",
      "quantity": 1
    }
  },
  {
    "model": "cart.cartitem",
    "pk": 16,
    "fields": {
      "menu": 5,
      "cart": "2a04f034-7cd5-4327-8204-7cada08eaa79",
      "quantity": 1
    }
  },
  {
    "model": "cart.cartitem",
    "pk": 17,
    "fields": {
      "menu": 6,
      "cart": "2a04f034-7cd5-4327-8204-7cada08eaa79",
      "quantity": 1
    }
  },
  {
    "model": "cart.cartitem",
    "pk": 18,
    "fields": {
      "menu": 6,
      "cart": "bd9dec5d-a028-4218-8efe-a32a0ba89e1d",
      "quantity": 3
    }
  },
  {
    "model": "cart.cartitem",
    "pk": 19,
    "fields": {
      "menu": 5,
      "cart": "bd9dec5d-a028-4218-8efe-a32a0ba89e1d",
      "quantity": 2
    }
  },
  {
    "model": "cart.cartitem",
    "pk": 20,
    "fields": {
      "menu": 6,
      "cart": "b7e61678-ce54-4ab5-b5fd-e911d80fba23",
      "quantity": 1
    }
  },
  {
    "model": "cart.cartitem",
    "pk": 21,
    "fields": {
      "menu": 5,
      "cart": "b7e61678-ce54-4ab5-b5fd-e911d80fba23",
      "quantity": 1
    }
  },
  {
    "model": "cart.cartitem",
    "pk": 23,
    "fields": {
      "menu": 6,
      "cart": "56e32587-2633-46be-ae48-6fc61fa8aabc",
      "quantity": 1
    }
  },
  {
    "model": "cart.cartitem",
    "pk": 24,
    "fields": {
      "menu": 2,
      "cart": "56e32587-2633-46be-ae48-6fc61fa8aabc",
      "quantity": 11
    }
  },
  {
    "model": "cart.cartitem",
    "pk": 25,
    "fields": {
      "menu": 2,
      "cart": "1085b4e3-bbf5-4aab-83fc-a11795758cf2",
      "quantity": 10
    }
  },
  {
    "model": "cart.cartitem",
    "pk": 26,
    "fields": {
      "menu": 2,
      "cart": "f9ab1d62-964e-48df-b859-5ca8993d6e9a",
      "quantity": 12
    }
  },
  {
    "model": "cart.cartitem",
    "pk": 27,
    "fields": {
      "menu": 2,
      "cart": "1404ee19-c201-4d95-aab1-b0a9fa4b272c",
      "quantity": 13
    }
  },
  {
    "model": "cart.cartitem",
    "pk": 28,
    "fields": {
      "menu": 1,
      "cart": "ecbc0737-8ad2-492f-a461-775fc2e7f791",
      "quantity": 3
    }
  },
  {
    "model": "cart.cartitem",
    "pk": 30,
    "fields": {
      "menu": 3,
      "cart": "5794abcb-da66-499c-b618-701182784644",
      "quantity": 3
    }
  },
  {
    "model": "cart.cartitem",
    "pk": 31,
    "fields": {
      "menu": 6,
      "cart": "33797e8a-a220-482c-9b76-102fe726c878",
      "quantity": 10
    }
  },
  {
    "model": "cart.cartitem",
    "pk": 32,
    "fields": {
      "menu": 2,
      "cart": "4f0ad4fc-e7e2-4ada-97f0-b2885ec8c280",
      "quantity": 3
    }
  },
  {
    "model": "cart.cartitem",
    "pk": 33,
    "fields": {
      "menu": 5,
      "cart": "4f0ad4fc-e7e2-4ada-97f0-b2885ec8c280",
      "quantity": 2
    }
  },
  {
    "model": "cart.cartitem",
    "pk": 37,
    "fields": {
      "menu": 14,
      "cart": "071805f7-81ee-4cb0-a32c-50a9a48b941e",
      "quantity": 11
    }
  },
  {
    "model": "cart.cartitem",
    "pk": 38,
    "fields": {
      "menu": 6,
      "cart": "fd507212-ed2b-45bd-a02a-8359a9f8f404",
      "quantity": 1
    }
  },
  {
    "model": "cart.cartitem",
    "pk": 39,
    "fields": {
      "menu": 13,
      "cart": "fd507212-ed2b-45bd-a02a-8359a9f8f404",
      "quantity": 5
    }
  },
  {
    "model": "cart.cartitem",
    "pk": 40,
    "fields": {
      "menu": 13,
      "cart": "01bf0df2-7a1c-48ff-8ec2-106921d2155b",
      "quantity": 6
    }
  },
  {
    "model": "cart.cartitem",
    "pk": 41,
    "fields": {
      "menu": 11,
      "cart": "8bf0e4f1-c515-4f49-8b94-6a209f3ba01b",
      "quantity": 7
    }
  },
  {
    "model": "cart.cartitem",
    "pk": 42,
    "fields": {
      "menu": 12,
      "cart": "904aa274-f9b8-406f-ab35-a7056888b3f0",
      "quantity": 11
    }
  },
  {
    "model": "cart.cartitem",
    "pk": 43,
    "fields": {
      "menu": 10,
      "cart": "cc1e30e6-3888-4813-a637-732ad56c39d8",
      "quantity": 3
    }
  },
  {
    "model": "grid.grid",
    "pk": 1,
    "fields": {
      "created_time": "2019-05-20T05:59:55.650Z",
      "updated_time": "2019-05-20T05:59:55.654Z",
      "name": "\uc11c\ucd082\ub3d9",
      "x": 61,
      "y": 125
    }
  },
  {
    "model": "grid.grid",
    "pk": 2,
    "fields": {
      "created_time": "2019-05-20T05:59:55.650Z",
      "updated_time": "2019-05-20T05:59:55.654Z",
      "name": "\uc911\ub3d9",
      "x": 99,
      "y": 75
    }
  },
  {
    "model": "grid.grid",
    "pk": 3,
    "fields": {
      "created_time": "2019-05-20T05:59:55.650Z",
      "updated_time": "2019-05-20T05:59:55.654Z",
      "name": "\uc6a9\ub2f42\ub3d9",
      "x": 52,
      "y": 38
    }
  },
  {
    "model": "auth.permission",
    "pk": 1,
    "fields": {
      "name": "Can add log entry",
      "content_type": 1,
      "codename": "add_logentry"
    }
  },
  {
    "model": "auth.permission",
    "pk": 2,
    "fields": {
      "name": "Can change log entry",
      "content_type": 1,
      "codename": "change_logentry"
    }
  },
  {
    "model": "auth.permission",
    "pk": 3,
    "fields": {
      "name": "Can delete log entry",
      "content_type": 1,
      "codename": "delete_logentry"
    }
  },
  {
    "model": "auth.permission",
    "pk": 4,
    "fields": {
      "name": "Can view log entry",
      "content_type": 1,
      "codename": "view_logentry"
    }
  },
  {
    "model": "auth.permission",
    "pk": 5,
    "fields": {
      "name": "Can add permission",
      "content_type": 2,
      "codename": "add_permission"
    }
  },
  {
    "model": "auth.permission",
    "pk": 6,
    "fields": {
      "name": "Can change permission",
      "content_type": 2,
      "codename": "change_permission"
    }
  },
  {
    "model": "auth.permission",
    "pk": 7,
    "fields": {
      "name": "Can delete permission",
      "content_type": 2,
      "codename": "delete_permission"
    }
  },
  {
    "model": "auth.permission",
    "pk": 8,
    "fields": {
      "name": "Can view permission",
      "content_type": 2,
      "codename": "view_permission"
    }
  },
  {
    "model": "auth.permission",
    "pk": 9,
    "fields": {
      "name": "Can add group",
      "content_type": 3,
      "codename": "add_group"
    }
  },
  {
    "model": "auth.permission",
    "pk": 10,
    "fields": {
      "name": "Can change group",
      "content_type": 3,
      "codename": "change_group"
    }
  },
  {
    "model": "auth.permission",
    "pk": 11,
    "fields": {
      "name": "Can delete group",
      "content_type": 3,
      "codename": "delete_group"
    }
  },
  {
    "model": "auth.permission",
    "pk": 12,
    "fields": {
      "name": "Can view group",
      "content_type": 3,
      "codename": "view_group"
    }
  },
  {
    "model": "auth.permission",
    "pk": 13,
    "fields": {
      "name": "Can add content type",
      "content_type": 4,
      "codename": "add_contenttype"
    }
  },
  {
    "model": "auth.permission",
    "pk": 14,
    "fields": {
      "name": "Can change content type",
      "content_type": 4,
      "codename": "change_contenttype"
    }
  },
  {
    "model": "auth.permission",
    "pk": 15,
    "fields": {
      "name": "Can delete content type",
      "content_type": 4,
      "codename": "delete_contenttype"
    }
  },
  {
    "model": "auth.permission",
    "pk": 16,
    "fields": {
      "name": "Can view content type",
      "content_type": 4,
      "codename": "view_contenttype"
    }
  },
  {
    "model": "auth.permission",
    "pk": 17,
    "fields": {
      "name": "Can add session",
      "content_type": 5,
      "codename": "add_session"
    }
  },
  {
    "model": "auth.permission",
    "pk": 18,
    "fields": {
      "name": "Can change session",
      "content_type": 5,
      "codename": "change_session"
    }
  },
  {
    "model": "auth.permission",
    "pk": 19,
    "fields": {
      "name": "Can delete session",
      "content_type": 5,
      "codename": "delete_session"
    }
  },
  {
    "model": "auth.permission",
    "pk": 20,
    "fields": {
      "name": "Can view session",
      "content_type": 5,
      "codename": "view_session"
    }
  },
  {
    "model": "auth.permission",
    "pk": 21,
    "fields": {
      "name": "Can add association",
      "content_type": 6,
      "codename": "add_association"
    }
  },
  {
    "model": "auth.permission",
    "pk": 22,
    "fields": {
      "name": "Can change association",
      "content_type": 6,
      "codename": "change_association"
    }
  },
  {
    "model": "auth.permission",
    "pk": 23,
    "fields": {
      "name": "Can delete association",
      "content_type": 6,
      "codename": "delete_association"
    }
  },
  {
    "model": "auth.permission",
    "pk": 24,
    "fields": {
      "name": "Can view association",
      "content_type": 6,
      "codename": "view_association"
    }
  },
  {
    "model": "auth.permission",
    "pk": 25,
    "fields": {
      "name": "Can add code",
      "content_type": 7,
      "codename": "add_code"
    }
  },
  {
    "model": "auth.permission",
    "pk": 26,
    "fields": {
      "name": "Can change code",
      "content_type": 7,
      "codename": "change_code"
    }
  },
  {
    "model": "auth.permission",
    "pk": 27,
    "fields": {
      "name": "Can delete code",
      "content_type": 7,
      "codename": "delete_code"
    }
  },
  {
    "model": "auth.permission",
    "pk": 28,
    "fields": {
      "name": "Can view code",
      "content_type": 7,
      "codename": "view_code"
    }
  },
  {
    "model": "auth.permission",
    "pk": 29,
    "fields": {
      "name": "Can add nonce",
      "content_type": 8,
      "codename": "add_nonce"
    }
  },
  {
    "model": "auth.permission",
    "pk": 30,
    "fields": {
      "name": "Can change nonce",
      "content_type": 8,
      "codename": "change_nonce"
    }
  },
  {
    "model": "auth.permission",
    "pk": 31,
    "fields": {
      "name": "Can delete nonce",
      "content_type": 8,
      "codename": "delete_nonce"
    }
  },
  {
    "model": "auth.permission",
    "pk": 32,
    "fields": {
      "name": "Can view nonce",
      "content_type": 8,
      "codename": "view_nonce"
    }
  },
  {
    "model": "auth.permission",
    "pk": 33,
    "fields": {
      "name": "Can add user social auth",
      "content_type": 9,
      "codename": "add_usersocialauth"
    }
  },
  {
    "model": "auth.permission",
    "pk": 34,
    "fields": {
      "name": "Can change user social auth",
      "content_type": 9,
      "codename": "change_usersocialauth"
    }
  },
  {
    "model": "auth.permission",
    "pk": 35,
    "fields": {
      "name": "Can delete user social auth",
      "content_type": 9,
      "codename": "delete_usersocialauth"
    }
  },
  {
    "model": "auth.permission",
    "pk": 36,
    "fields": {
      "name": "Can view user social auth",
      "content_type": 9,
      "codename": "view_usersocialauth"
    }
  },
  {
    "model": "auth.permission",
    "pk": 37,
    "fields": {
      "name": "Can add partial",
      "content_type": 10,
      "codename": "add_partial"
    }
  },
  {
    "model": "auth.permission",
    "pk": 38,
    "fields": {
      "name": "Can change partial",
      "content_type": 10,
      "codename": "change_partial"
    }
  },
  {
    "model": "auth.permission",
    "pk": 39,
    "fields": {
      "name": "Can delete partial",
      "content_type": 10,
      "codename": "delete_partial"
    }
  },
  {
    "model": "auth.permission",
    "pk": 40,
    "fields": {
      "name": "Can view partial",
      "content_type": 10,
      "codename": "view_partial"
    }
  },
  {
    "model": "auth.permission",
    "pk": 41,
    "fields": {
      "name": "Can add user",
      "content_type": 11,
      "codename": "add_user"
    }
  },
  {
    "model": "auth.permission",
    "pk": 42,
    "fields": {
      "name": "Can change user",
      "content_type": 11,
      "codename": "change_user"
    }
  },
  {
    "model": "auth.permission",
    "pk": 43,
    "fields": {
      "name": "Can delete user",
      "content_type": 11,
      "codename": "delete_user"
    }
  },
  {
    "model": "auth.permission",
    "pk": 44,
    "fields": {
      "name": "Can view user",
      "content_type": 11,
      "codename": "view_user"
    }
  },
  {
    "model": "auth.permission",
    "pk": 45,
    "fields": {
      "name": "Can add category",
      "content_type": 12,
      "codename": "add_category"
    }
  },
  {
    "model": "auth.permission",
    "pk": 46,
    "fields": {
      "name": "Can change category",
      "content_type": 12,
      "codename": "change_category"
    }
  },
  {
    "model": "auth.permission",
    "pk": 47,
    "fields": {
      "name": "Can delete category",
      "content_type": 12,
      "codename": "delete_category"
    }
  },
  {
    "model": "auth.permission",
    "pk": 48,
    "fields": {
      "name": "Can view category",
      "content_type": 12,
      "codename": "view_category"
    }
  },
  {
    "model": "auth.permission",
    "pk": 49,
    "fields": {
      "name": "Can add restaurant",
      "content_type": 13,
      "codename": "add_restaurant"
    }
  },
  {
    "model": "auth.permission",
    "pk": 50,
    "fields": {
      "name": "Can change restaurant",
      "content_type": 13,
      "codename": "change_restaurant"
    }
  },
  {
    "model": "auth.permission",
    "pk": 51,
    "fields": {
      "name": "Can delete restaurant",
      "content_type": 13,
      "codename": "delete_restaurant"
    }
  },
  {
    "model": "auth.permission",
    "pk": 52,
    "fields": {
      "name": "Can view restaurant",
      "content_type": 13,
      "codename": "view_restaurant"
    }
  },
  {
    "model": "auth.permission",
    "pk": 53,
    "fields": {
      "name": "Can add menu",
      "content_type": 14,
      "codename": "add_menu"
    }
  },
  {
    "model": "auth.permission",
    "pk": 54,
    "fields": {
      "name": "Can change menu",
      "content_type": 14,
      "codename": "change_menu"
    }
  },
  {
    "model": "auth.permission",
    "pk": 55,
    "fields": {
      "name": "Can delete menu",
      "content_type": 14,
      "codename": "delete_menu"
    }
  },
  {
    "model": "auth.permission",
    "pk": 56,
    "fields": {
      "name": "Can view menu",
      "content_type": 14,
      "codename": "view_menu"
    }
  },
  {
    "model": "auth.permission",
    "pk": 57,
    "fields": {
      "name": "Can add cart",
      "content_type": 15,
      "codename": "add_cart"
    }
  },
  {
    "model": "auth.permission",
    "pk": 58,
    "fields": {
      "name": "Can change cart",
      "content_type": 15,
      "codename": "change_cart"
    }
  },
  {
    "model": "auth.permission",
    "pk": 59,
    "fields": {
      "name": "Can delete cart",
      "content_type": 15,
      "codename": "delete_cart"
    }
  },
  {
    "model": "auth.permission",
    "pk": 60,
    "fields": {
      "name": "Can view cart",
      "content_type": 15,
      "codename": "view_cart"
    }
  },
  {
    "model": "auth.permission",
    "pk": 61,
    "fields": {
      "name": "Can add cart item",
      "content_type": 16,
      "codename": "add_cartitem"
    }
  },
  {
    "model": "auth.permission",
    "pk": 62,
    "fields": {
      "name": "Can change cart item",
      "content_type": 16,
      "codename": "change_cartitem"
    }
  },
  {
    "model": "auth.permission",
    "pk": 63,
    "fields": {
      "name": "Can delete cart item",
      "content_type": 16,
      "codename": "delete_cartitem"
    }
  },
  {
    "model": "auth.permission",
    "pk": 64,
    "fields": {
      "name": "Can view cart item",
      "content_type": 16,
      "codename": "view_cartitem"
    }
  },
  {
    "model": "auth.permission",
    "pk": 65,
    "fields": {
      "name": "Can add taste",
      "content_type": 17,
      "codename": "add_taste"
    }
  },
  {
    "model": "auth.permission",
    "pk": 66,
    "fields": {
      "name": "Can change taste",
      "content_type": 17,
      "codename": "change_taste"
    }
  },
  {
    "model": "auth.permission",
    "pk": 67,
    "fields": {
      "name": "Can delete taste",
      "content_type": 17,
      "codename": "delete_taste"
    }
  },
  {
    "model": "auth.permission",
    "pk": 68,
    "fields": {
      "name": "Can view taste",
      "content_type": 17,
      "codename": "view_taste"
    }
  },
  {
    "model": "auth.permission",
    "pk": 69,
    "fields": {
      "name": "Can add grid",
      "content_type": 18,
      "codename": "add_grid"
    }
  },
  {
    "model": "auth.permission",
    "pk": 70,
    "fields": {
      "name": "Can change grid",
      "content_type": 18,
      "codename": "change_grid"
    }
  },
  {
    "model": "auth.permission",
    "pk": 71,
    "fields": {
      "name": "Can delete grid",
      "content_type": 18,
      "codename": "delete_grid"
    }
  },
  {
    "model": "auth.permission",
    "pk": 72,
    "fields": {
      "name": "Can view grid",
      "content_type": 18,
      "codename": "view_grid"
    }
  },
  {
    "model": "auth.permission",
    "pk": 73,
    "fields": {
      "name": "Can add order",
      "content_type": 19,
      "codename": "add_order"
    }
  },
  {
    "model": "auth.permission",
    "pk": 74,
    "fields": {
      "name": "Can change order",
      "content_type": 19,
      "codename": "change_order"
    }
  },
  {
    "model": "auth.permission",
    "pk": 75,
    "fields": {
      "name": "Can delete order",
      "content_type": 19,
      "codename": "delete_order"
    }
  },
  {
    "model": "auth.permission",
    "pk": 76,
    "fields": {
      "name": "Can view order",
      "content_type": 19,
      "codename": "view_order"
    }
  },
  {
    "model": "auth.permission",
    "pk": 77,
    "fields": {
      "name": "Can add user gift coupon",
      "content_type": 20,
      "codename": "add_usergiftcoupon"
    }
  },
  {
    "model": "auth.permission",
    "pk": 78,
    "fields": {
      "name": "Can change user gift coupon",
      "content_type": 20,
      "codename": "change_usergiftcoupon"
    }
  },
  {
    "model": "auth.permission",
    "pk": 79,
    "fields": {
      "name": "Can delete user gift coupon",
      "content_type": 20,
      "codename": "delete_usergiftcoupon"
    }
  },
  {
    "model": "auth.permission",
    "pk": 80,
    "fields": {
      "name": "Can view user gift coupon",
      "content_type": 20,
      "codename": "view_usergiftcoupon"
    }
  },
  {
    "model": "auth.permission",
    "pk": 81,
    "fields": {
      "name": "Can add gift coupon",
      "content_type": 21,
      "codename": "add_giftcoupon"
    }
  },
  {
    "model": "auth.permission",
    "pk": 82,
    "fields": {
      "name": "Can change gift coupon",
      "content_type": 21,
      "codename": "change_giftcoupon"
    }
  },
  {
    "model": "auth.permission",
    "pk": 83,
    "fields": {
      "name": "Can delete gift coupon",
      "content_type": 21,
      "codename": "delete_giftcoupon"
    }
  },
  {
    "model": "auth.permission",
    "pk": 84,
    "fields": {
      "name": "Can view gift coupon",
      "content_type": 21,
      "codename": "view_giftcoupon"
    }
  },
  {
    "model": "accounts.user",
    "pk": 1,
    "fields": {
      "password": "pbkdf2_sha256$120000$Xx7NGr8gCJaQ$IN+jMOWkNF5HR2ZALji/q6eX1mIgpzfAP2vn8FLTXp8=",
      "last_login": "2019-05-22T01:35:08.763Z",
      "is_superuser": true,
      "username": "admin",
      "first_name": "",
      "last_name": "",
      "email": "admin@admin.com",
      "is_staff": true,
      "is_active": true,
      "date_joined": "2019-04-29T10:28:01.843Z",
      "phone": "0212341234",
      "address": "",
      "address_detail": "",
      "user_type": 1,
      "deactivate_date": null,
      "groups": [],
      "user_permissions": [],
      "tastes": []
    }
  },
  {
    "model": "accounts.user",
    "pk": 9,
    "fields": {
      "password": "!9lRw5i6UULqJwaKUVrCX1biLshWKubXukGKatV3a",
      "last_login": "2019-05-22T01:35:39.848Z",
      "is_superuser": false,
      "username": "mhshimtest",
      "first_name": "test",
      "last_name": "test",
      "email": "mhshimtest@gmail.com",
      "is_staff": false,
      "is_active": true,
      "date_joined": "2019-05-16T08:23:14.406Z",
      "phone": "010-1234-1234",
      "address": "\uc11c\uc6b8\uc2dc \uc11c\ucd08\uad6c \uc11c\ucd082\ub3d9 \ud790\uc2a4\ud14c\uc774\ud2b8 102\ub3d9 101\ud638",
      "address_detail": "\uc11c\ucd082\ub3d9 \ub9c8\uc81c\uc2a4\ud0c0 \uc2dc\ud2f0 \ud0c0\uc6cc 2",
      "user_type": 1,
      "deactivate_date": null,
      "groups": [],
      "user_permissions": [],
      "tastes": [
        1,
        2
      ]
    }
  },
  {
    "model": "accounts.user",
    "pk": 10,
    "fields": {
      "password": "!Ktw13NesYvB2w22NQpJmUDa182bC3FeOCOjsqHIS",
      "last_login": "2019-05-17T02:28:00.883Z",
      "is_superuser": false,
      "username": "sora.son",
      "first_name": "Sora",
      "last_name": "Son",
      "email": "sora.son@deliveryhero.co.kr",
      "is_staff": false,
      "is_active": true,
      "date_joined": "2019-05-17T02:28:00.776Z",
      "phone": "010-1111-1111",
      "address": "\uc11c\uc6b8 \ud2b9\ubcc4\uc2dc \uc11c\ucd08\uad6c",
      "address_detail": "\ub9c8\uc81c\uc2a4\uc2dc\ud2f0",
      "user_type": 1,
      "deactivate_date": null,
      "groups": [],
      "user_permissions": [],
      "tastes": [
        2,
        3
      ]
    }
  },
  {
    "model": "accounts.user",
    "pk": 11,
    "fields": {
      "password": "!bp65MNX3vxAy7G7wgQJx5C7Tz4oFulYW1FQCSTFk",
      "last_login": "2019-05-20T05:50:16.007Z",
      "is_superuser": false,
      "username": "julsnutini",
      "first_name": "\uba85\ud6c8",
      "last_name": "\uc2ec",
      "email": "julsnutini@gmail.com",
      "is_staff": false,
      "is_active": true,
      "date_joined": "2019-05-20T05:50:15.693Z",
      "phone": "",
      "address": "",
      "address_detail": "",
      "user_type": 1,
      "deactivate_date": null,
      "groups": [],
      "user_permissions": [],
      "tastes": []
    }
  },
  {
    "model": "cart.cart",
    "pk": "01bf0df2-7a1c-48ff-8ec2-106921d2155b",
    "fields": {
      "created_time": "2019-05-21T09:25:53.215Z",
      "updated_time": "2019-05-21T09:25:53.215Z",
      "user": 9
    }
  },
  {
    "model": "cart.cart",
    "pk": "04d49ad6-79da-459e-afde-b18a8118fbd7",
    "fields": {
      "created_time": "2019-05-22T01:35:00.351Z",
      "updated_time": "2019-05-22T01:35:00.351Z",
      "user": 9
    }
  },
  {
    "model": "cart.cart",
    "pk": "071805f7-81ee-4cb0-a32c-50a9a48b941e",
    "fields": {
      "created_time": "2019-05-17T06:06:02.356Z",
      "updated_time": "2019-05-17T06:06:02.356Z",
      "user": 9
    }
  },
  {
    "model": "cart.cart",
    "pk": "1085b4e3-bbf5-4aab-83fc-a11795758cf2",
    "fields": {
      "created_time": "2019-05-16T09:27:41.948Z",
      "updated_time": "2019-05-16T09:27:41.948Z",
      "user": 9
    }
  },
  {
    "model": "cart.cart",
    "pk": "1085db2e-216d-4e71-8ea1-905870fcb316",
    "fields": {
      "created_time": "2019-05-16T08:32:23.989Z",
      "updated_time": "2019-05-16T08:32:23.989Z",
      "user": 9
    }
  },
  {
    "model": "cart.cart",
    "pk": "1404ee19-c201-4d95-aab1-b0a9fa4b272c",
    "fields": {
      "created_time": "2019-05-16T09:28:33.444Z",
      "updated_time": "2019-05-16T09:28:33.444Z",
      "user": 9
    }
  },
  {
    "model": "cart.cart",
    "pk": "20d39f28-95b8-46ab-b8c9-685f3ae18bad",
    "fields": {
      "created_time": "2019-05-20T05:50:15.793Z",
      "updated_time": "2019-05-20T05:50:15.793Z",
      "user": 11
    }
  },
  {
    "model": "cart.cart",
    "pk": "22f23f8c-d536-4dcb-8712-d2c6d978f1d0",
    "fields": {
      "created_time": "2019-05-16T08:53:27.686Z",
      "updated_time": "2019-05-16T08:53:27.686Z",
      "user": 9
    }
  },
  {
    "model": "cart.cart",
    "pk": "2a04f034-7cd5-4327-8204-7cada08eaa79",
    "fields": {
      "created_time": "2019-05-16T09:01:01.132Z",
      "updated_time": "2019-05-16T09:01:01.132Z",
      "user": 9
    }
  },
  {
    "model": "cart.cart",
    "pk": "305e82c0-d065-4569-8644-eac938ea60bc",
    "fields": {
      "created_time": "2019-05-16T08:30:11.052Z",
      "updated_time": "2019-05-16T08:30:11.053Z",
      "user": 9
    }
  },
  {
    "model": "cart.cart",
    "pk": "33797e8a-a220-482c-9b76-102fe726c878",
    "fields": {
      "created_time": "2019-05-17T04:46:03.865Z",
      "updated_time": "2019-05-17T04:46:03.865Z",
      "user": 9
    }
  },
  {
    "model": "cart.cart",
    "pk": "4f0ad4fc-e7e2-4ada-97f0-b2885ec8c280",
    "fields": {
      "created_time": "2019-05-17T04:46:38.344Z",
      "updated_time": "2019-05-17T04:46:38.344Z",
      "user": 9
    }
  },
  {
    "model": "cart.cart",
    "pk": "56e32587-2633-46be-ae48-6fc61fa8aabc",
    "fields": {
      "created_time": "2019-05-16T09:02:26.003Z",
      "updated_time": "2019-05-16T09:02:26.003Z",
      "user": 9
    }
  },
  {
    "model": "cart.cart",
    "pk": "5794abcb-da66-499c-b618-701182784644",
    "fields": {
      "created_time": "2019-05-17T04:32:09.970Z",
      "updated_time": "2019-05-17T04:32:09.970Z",
      "user": 9
    }
  },
  {
    "model": "cart.cart",
    "pk": "763474f9-3897-4637-8945-666b9319c136",
    "fields": {
      "created_time": "2019-05-17T02:28:00.800Z",
      "updated_time": "2019-05-17T02:28:00.800Z",
      "user": 10
    }
  },
  {
    "model": "cart.cart",
    "pk": "897ff3c5-e130-4e93-9da0-91d81ede76a6",
    "fields": {
      "created_time": "2019-05-16T08:29:34.191Z",
      "updated_time": "2019-05-16T08:29:34.191Z",
      "user": 9
    }
  },
  {
    "model": "cart.cart",
    "pk": "8bf0e4f1-c515-4f49-8b94-6a209f3ba01b",
    "fields": {
      "created_time": "2019-05-21T09:27:48.016Z",
      "updated_time": "2019-05-21T09:27:48.016Z",
      "user": 9
    }
  },
  {
    "model": "cart.cart",
    "pk": "8f185d73-6281-4c02-88ad-128a7f791c0e",
    "fields": {
      "created_time": "2019-05-16T08:31:40.258Z",
      "updated_time": "2019-05-16T08:31:40.258Z",
      "user": 9
    }
  },
  {
    "model": "cart.cart",
    "pk": "904aa274-f9b8-406f-ab35-a7056888b3f0",
    "fields": {
      "created_time": "2019-05-21T09:28:58.759Z",
      "updated_time": "2019-05-21T09:28:58.759Z",
      "user": 9
    }
  },
  {
    "model": "cart.cart",
    "pk": "95277868-186f-42cb-b842-d3ddee0a12c8",
    "fields": {
      "created_time": "2019-05-16T08:24:10.471Z",
      "updated_time": "2019-05-16T08:24:10.472Z",
      "user": 9
    }
  },
  {
    "model": "cart.cart",
    "pk": "9df13d0b-ab72-426a-b502-00381c625afc",
    "fields": {
      "created_time": "2019-05-16T08:27:27.889Z",
      "updated_time": "2019-05-16T08:27:27.889Z",
      "user": 9
    }
  },
  {
    "model": "cart.cart",
    "pk": "a6f39505-56ba-436d-a8eb-b9cecf20af23",
    "fields": {
      "created_time": "2019-05-16T08:32:05.272Z",
      "updated_time": "2019-05-16T08:32:05.272Z",
      "user": 9
    }
  },
  {
    "model": "cart.cart",
    "pk": "b7e61678-ce54-4ab5-b5fd-e911d80fba23",
    "fields": {
      "created_time": "2019-05-16T09:01:57.390Z",
      "updated_time": "2019-05-16T09:01:57.390Z",
      "user": 9
    }
  },
  {
    "model": "cart.cart",
    "pk": "bd9dec5d-a028-4218-8efe-a32a0ba89e1d",
    "fields": {
      "created_time": "2019-05-16T09:01:29.659Z",
      "updated_time": "2019-05-16T09:01:29.659Z",
      "user": 9
    }
  },
  {
    "model": "cart.cart",
    "pk": "c19b759c-5693-48f3-a00f-f6acfe729fd9",
    "fields": {
      "created_time": "2019-05-16T08:29:00.721Z",
      "updated_time": "2019-05-16T08:29:00.721Z",
      "user": 9
    }
  },
  {
    "model": "cart.cart",
    "pk": "cc076aa2-c541-43bc-8b27-f41b224de1d4",
    "fields": {
      "created_time": "2019-05-16T08:31:20.932Z",
      "updated_time": "2019-05-16T08:31:20.932Z",
      "user": 9
    }
  },
  {
    "model": "cart.cart",
    "pk": "cc1e30e6-3888-4813-a637-732ad56c39d8",
    "fields": {
      "created_time": "2019-05-21T09:29:55.760Z",
      "updated_time": "2019-05-21T09:29:55.760Z",
      "user": 9
    }
  },
  {
    "model": "cart.cart",
    "pk": "d709d14b-f61a-429c-8973-4f2f55aa1e39",
    "fields": {
      "created_time": "2019-05-16T08:28:44.521Z",
      "updated_time": "2019-05-16T08:28:44.521Z",
      "user": 9
    }
  },
  {
    "model": "cart.cart",
    "pk": "e6e6de67-8657-4ee3-be30-5aec24646ff7",
    "fields": {
      "created_time": "2019-05-16T08:30:37.176Z",
      "updated_time": "2019-05-16T08:30:37.176Z",
      "user": 9
    }
  },
  {
    "model": "cart.cart",
    "pk": "ecbc0737-8ad2-492f-a461-775fc2e7f791",
    "fields": {
      "created_time": "2019-05-16T09:28:52.474Z",
      "updated_time": "2019-05-16T09:28:52.475Z",
      "user": 9
    }
  },
  {
    "model": "cart.cart",
    "pk": "ecfc6d51-5d9d-4045-8657-ec15a8f93a5b",
    "fields": {
      "created_time": "2019-05-16T08:23:14.421Z",
      "updated_time": "2019-05-16T08:23:14.421Z",
      "user": 9
    }
  },
  {
    "model": "cart.cart",
    "pk": "f9ab1d62-964e-48df-b859-5ca8993d6e9a",
    "fields": {
      "created_time": "2019-05-16T09:28:14.900Z",
      "updated_time": "2019-05-16T09:28:14.900Z",
      "user": 9
    }
  },
  {
    "model": "cart.cart",
    "pk": "fb34eb43-e301-4ffc-aecb-2ced812b01ba",
    "fields": {
      "created_time": "2019-05-17T04:40:40.290Z",
      "updated_time": "2019-05-17T04:40:40.290Z",
      "user": 1
    }
  },
  {
    "model": "cart.cart",
    "pk": "fd507212-ed2b-45bd-a02a-8359a9f8f404",
    "fields": {
      "created_time": "2019-05-21T02:54:21.686Z",
      "updated_time": "2019-05-21T02:54:21.686Z",
      "user": 9
    }
  },
  {
    "model": "order.order",
    "pk": "055bcdea-c2dd-4291-8931-75f2824b9661",
    "fields": {
      "created_time": "2019-05-16T09:28:33.431Z",
      "updated_time": "2019-05-16T09:29:14.030Z",
      "user": 9,
      "cart": "f9ab1d62-964e-48df-b859-5ca8993d6e9a",
      "restaurant": 1,
      "total_price": 242000,
      "address": "\uc11c\uc6b8\uc2dc \uc11c\ucd08\uad6c \uc11c\ucd082\ub3d9 \ud790\uc2a4\ud14c\uc774\ud2b8 102\ub3d9 101\ud638",
      "address_detail": "\uc11c\ucd082\ub3d9 \ub9c8\uc81c\uc2a4\ud0c0 \uc2dc\ud2f0 \ud0c0\uc6cc 2",
      "status": 0,
      "is_delivery_completed": false,
      "weather": 1,
      "phone_num": "010-1234-1234",
      "payment_status": 0
    }
  },
  {
    "model": "order.order",
    "pk": "058518bf-7234-43a1-b653-9ceefa276436",
    "fields": {
      "created_time": "2019-05-16T08:32:23.986Z",
      "updated_time": "2019-05-16T08:32:36.514Z",
      "user": 9,
      "cart": "a6f39505-56ba-436d-a8eb-b9cecf20af23",
      "restaurant": 1,
      "total_price": 62000,
      "address": "\uc11c\uc6b8\uc2dc \uc11c\ucd08\uad6c \uc11c\ucd082\ub3d9 \ud790\uc2a4\ud14c\uc774\ub4dc 102\ub3d9 101\ud638",
      "address_detail": "\uc11c\ucd082\ub3d9 \ub9c8\uc81c\uc2a4\ud0c0 \uc2dc\ud2f0 \ud0c0\uc6cc 2",
      "status": 0,
      "is_delivery_completed": false,
      "weather": 1,
      "phone_num": "010-1234-1234",
      "payment_status": 0
    }
  },
  {
    "model": "order.order",
    "pk": "0d6da988-692f-44a2-835b-8b633b80149a",
    "fields": {
      "created_time": "2019-05-16T08:31:40.256Z",
      "updated_time": "2019-05-16T08:32:43.030Z",
      "user": 9,
      "cart": "cc076aa2-c541-43bc-8b27-f41b224de1d4",
      "restaurant": 1,
      "total_price": 38000,
      "address": "\uc11c\uc6b8\uc2dc \uc11c\ucd08\uad6c \uc11c\ucd082\ub3d9 \ud790\uc2a4\ud14c\uc774\ub4dc 102\ub3d9 101\ud638",
      "address_detail": "\uc11c\ucd082\ub3d9 \ub9c8\uc81c\uc2a4\ud0c0 \uc2dc\ud2f0 \ud0c0\uc6cc 2",
      "status": 0,
      "is_delivery_completed": false,
      "weather": 1,
      "phone_num": "010-1234-1234",
      "payment_status": 0
    }
  },
  {
    "model": "order.order",
    "pk": "22e512e8-d999-4fa5-b3f5-a9c5cc9ff380",
    "fields": {
      "created_time": "2019-05-16T09:02:25.994Z",
      "updated_time": "2019-05-17T04:49:25.425Z",
      "user": 9,
      "cart": "b7e61678-ce54-4ab5-b5fd-e911d80fba23",
      "restaurant": 1,
      "total_price": 47000,
      "address": "\uc11c\uc6b8\uc2dc \uc11c\ucd08\uad6c \uc11c\ucd082\ub3d9 \ud790\uc2a4\ud14c\uc774\ud2b8 102\ub3d9 101\ud638",
      "address_detail": "\uc11c\ucd082\ub3d9 \ub9c8\uc81c\uc2a4\ud0c0 \uc2dc\ud2f0 \ud0c0\uc6cc 2",
      "status": 0,
      "is_delivery_completed": false,
      "weather": 3,
      "phone_num": "010-1234-1234",
      "payment_status": 0
    }
  },
  {
    "model": "order.order",
    "pk": "29311e77-08e2-4461-9811-53b6f1547b97",
    "fields": {
      "created_time": "2019-05-16T09:01:57.379Z",
      "updated_time": "2019-05-16T09:03:23.639Z",
      "user": 9,
      "cart": "bd9dec5d-a028-4218-8efe-a32a0ba89e1d",
      "restaurant": 1,
      "total_price": 116000,
      "address": "\uc11c\uc6b8\uc2dc \uc11c\ucd08\uad6c \uc11c\ucd082\ub3d9 \ud790\uc2a4\ud14c\uc774\ud2b8 102\ub3d9 101\ud638",
      "address_detail": "\uc11c\ucd082\ub3d9 \ub9c8\uc81c\uc2a4\ud0c0 \uc2dc\ud2f0 \ud0c0\uc6cc 2",
      "status": 0,
      "is_delivery_completed": false,
      "weather": 2,
      "phone_num": "010-1234-1234",
      "payment_status": 0
    }
  },
  {
    "model": "order.order",
    "pk": "5475f56d-c173-4463-9c11-26fde93acd2c",
    "fields": {
      "created_time": "2019-05-21T09:28:58.748Z",
      "updated_time": "2019-05-21T09:29:15.807Z",
      "user": 9,
      "cart": "8bf0e4f1-c515-4f49-8b94-6a209f3ba01b",
      "restaurant": 5,
      "total_price": 58000,
      "address": "\uc11c\uc6b8\uc2dc \uc11c\ucd08\uad6c \uc11c\ucd082\ub3d9 \ud790\uc2a4\ud14c\uc774\ud2b8 102\ub3d9 101\ud638",
      "address_detail": "\uc11c\ucd082\ub3d9 \ub9c8\uc81c\uc2a4\ud0c0 \uc2dc\ud2f0 \ud0c0\uc6cc 2",
      "status": 0,
      "is_delivery_completed": false,
      "weather": 1,
      "phone_num": "010-1234-1234",
      "payment_status": 0
    }
  },
  {
    "model": "order.order",
    "pk": "615f58ad-e82d-4898-b64f-baf2adfcf2ad",
    "fields": {
      "created_time": "2019-05-16T09:28:14.891Z",
      "updated_time": "2019-05-16T09:29:40.229Z",
      "user": 9,
      "cart": "1085b4e3-bbf5-4aab-83fc-a11795758cf2",
      "restaurant": 1,
      "total_price": 202000,
      "address": "\uc11c\uc6b8\uc2dc \uc11c\ucd08\uad6c \uc11c\ucd082\ub3d9 \ud790\uc2a4\ud14c\uc774\ud2b8 102\ub3d9 101\ud638",
      "address_detail": "\uc11c\ucd082\ub3d9 \ub9c8\uc81c\uc2a4\ud0c0 \uc2dc\ud2f0 \ud0c0\uc6cc 2",
      "status": 0,
      "is_delivery_completed": false,
      "weather": 2,
      "phone_num": "010-1234-1234",
      "payment_status": 0
    }
  },
  {
    "model": "order.order",
    "pk": "66fd70b8-66d6-4883-8c34-d0d5bb3c57d8",
    "fields": {
      "created_time": "2019-05-16T08:27:27.886Z",
      "updated_time": "2019-05-16T08:35:56.160Z",
      "user": 9,
      "cart": "95277868-186f-42cb-b842-d3ddee0a12c8",
      "restaurant": 1,
      "total_price": 44000,
      "address": "\uc11c\uc6b8\uc2dc \uc11c\ucd08\uad6c \uc11c\ucd082\ub3d9 \ud790\uc2a4\ud14c\uc774\ub4dc 102\ub3d9 101\ud638",
      "address_detail": "\uc11c\ucd082\ub3d9 \ub9c8\uc81c\uc2a4\ud0c0 \uc2dc\ud2f0 \ud0c0\uc6cc 2",
      "status": 0,
      "is_delivery_completed": false,
      "weather": 1,
      "phone_num": "010-1234-1234",
      "payment_status": 0
    }
  },
  {
    "model": "order.order",
    "pk": "6af0dc15-b990-4ebf-b851-040fbe3b197a",
    "fields": {
      "created_time": "2019-05-17T05:25:57.152Z",
      "updated_time": "2019-05-17T05:25:57.152Z",
      "user": 9,
      "cart": "4f0ad4fc-e7e2-4ada-97f0-b2885ec8c280",
      "restaurant": 1,
      "total_price": 104000,
      "address": "\uc11c\uc6b8\uc2dc \uc11c\ucd08\uad6c \uc11c\ucd082\ub3d9 \ud790\uc2a4\ud14c\uc774\ud2b8 102\ub3d9 101\ud638",
      "address_detail": "\uc11c\ucd082\ub3d9 \ub9c8\uc81c\uc2a4\ud0c0 \uc2dc\ud2f0 \ud0c0\uc6cc 2",
      "status": 0,
      "is_delivery_completed": false,
      "weather": 0,
      "phone_num": "010-1234-1234",
      "payment_status": 0
    }
  },
  {
    "model": "order.order",
    "pk": "705fff2f-9883-4266-9c9a-42ee1efb1037",
    "fields": {
      "created_time": "2019-05-21T02:54:21.682Z",
      "updated_time": "2019-05-21T02:58:35.079Z",
      "user": 9,
      "cart": "071805f7-81ee-4cb0-a32c-50a9a48b941e",
      "restaurant": 5,
      "total_price": 211000,
      "address": "\uc11c\uc6b8\uc2dc \uc11c\ucd08\uad6c \uc11c\ucd082\ub3d9 \ud790\uc2a4\ud14c\uc774\ud2b8 102\ub3d9 101\ud638",
      "address_detail": "\uc11c\ucd082\ub3d9 \ub9c8\uc81c\uc2a4\ud0c0 \uc2dc\ud2f0 \ud0c0\uc6cc 2",
      "status": 0,
      "is_delivery_completed": false,
      "weather": 2,
      "phone_num": "010-1234-1234",
      "payment_status": 0
    }
  },
  {
    "model": "order.order",
    "pk": "70885252-75e8-4c2e-9de7-c7558bffe0cf",
    "fields": {
      "created_time": "2019-05-16T09:28:52.420Z",
      "updated_time": "2019-05-16T09:29:54.485Z",
      "user": 9,
      "cart": "1404ee19-c201-4d95-aab1-b0a9fa4b272c",
      "restaurant": 1,
      "total_price": 262000,
      "address": "\uc11c\uc6b8\uc2dc \uc11c\ucd08\uad6c \uc11c\ucd082\ub3d9 \ud790\uc2a4\ud14c\uc774\ud2b8 102\ub3d9 101\ud638",
      "address_detail": "\uc11c\ucd082\ub3d9 \ub9c8\uc81c\uc2a4\ud0c0 \uc2dc\ud2f0 \ud0c0\uc6cc 2",
      "status": 0,
      "is_delivery_completed": false,
      "weather": 3,
      "phone_num": "010-1234-1234",
      "payment_status": 0
    }
  },
  {
    "model": "order.order",
    "pk": "72f3cb12-64e1-444a-95f5-83ce83749251",
    "fields": {
      "created_time": "2019-05-17T04:46:03.855Z",
      "updated_time": "2019-05-17T04:47:40.540Z",
      "user": 9,
      "cart": "5794abcb-da66-499c-b618-701182784644",
      "restaurant": 1,
      "total_price": 65000,
      "address": "\uc11c\uc6b8\uc2dc \uc11c\ucd08\uad6c \uc11c\ucd082\ub3d9 \ud790\uc2a4\ud14c\uc774\ud2b8 102\ub3d9 101\ud638",
      "address_detail": "\uc11c\ucd082\ub3d9 \ub9c8\uc81c\uc2a4\ud0c0 \uc2dc\ud2f0 \ud0c0\uc6cc 2",
      "status": 0,
      "is_delivery_completed": false,
      "weather": 4,
      "phone_num": "010-1234-1234",
      "payment_status": 0
    }
  },
  {
    "model": "order.order",
    "pk": "772b5ce2-a2ca-4ba5-ac99-e64726f3e703",
    "fields": {
      "created_time": "2019-05-16T08:29:34.189Z",
      "updated_time": "2019-05-16T08:36:04.691Z",
      "user": 9,
      "cart": "c19b759c-5693-48f3-a00f-f6acfe729fd9",
      "restaurant": 1,
      "total_price": 65000,
      "address": "\uc11c\uc6b8\uc2dc \uc11c\ucd08\uad6c \uc11c\ucd082\ub3d9 \ud790\uc2a4\ud14c\uc774\ub4dc 102\ub3d9 101\ud638",
      "address_detail": "\uc11c\ucd082\ub3d9 \ub9c8\uc81c\uc2a4\ud0c0 \uc2dc\ud2f0 \ud0c0\uc6cc 2",
      "status": 0,
      "is_delivery_completed": false,
      "weather": 2,
      "phone_num": "010-1234-1234",
      "payment_status": 0
    }
  },
  {
    "model": "order.order",
    "pk": "78c2faa8-aa5d-4268-82c8-f16013b3b7ef",
    "fields": {
      "created_time": "2019-05-16T08:30:37.173Z",
      "updated_time": "2019-05-16T09:03:35.165Z",
      "user": 9,
      "cart": "305e82c0-d065-4569-8644-eac938ea60bc",
      "restaurant": 1,
      "total_price": 90000,
      "address": "\uc11c\uc6b8\uc2dc \uc11c\ucd08\uad6c \uc11c\ucd082\ub3d9 \ud790\uc2a4\ud14c\uc774\ub4dc 102\ub3d9 101\ud638",
      "address_detail": "\uc11c\ucd082\ub3d9 \ub9c8\uc81c\uc2a4\ud0c0 \uc2dc\ud2f0 \ud0c0\uc6cc 2",
      "status": 0,
      "is_delivery_completed": false,
      "weather": 3,
      "phone_num": "010-1234-1234",
      "payment_status": 0
    }
  },
  {
    "model": "order.order",
    "pk": "7a46c8d3-293d-44b1-a773-5689162d2173",
    "fields": {
      "created_time": "2019-05-16T09:01:01.123Z",
      "updated_time": "2019-05-16T09:03:42.346Z",
      "user": 9,
      "cart": "22f23f8c-d536-4dcb-8712-d2c6d978f1d0",
      "restaurant": 1,
      "total_price": 47000,
      "address": "\uc11c\uc6b8\uc2dc \uc11c\ucd08\uad6c \uc11c\ucd082\ub3d9 \ud790\uc2a4\ud14c\uc774\ud2b8 102\ub3d9 101\ud638",
      "address_detail": "\uc11c\ucd082\ub3d9 \ub9c8\uc81c\uc2a4\ud0c0 \uc2dc\ud2f0 \ud0c0\uc6cc 2",
      "status": 0,
      "is_delivery_completed": false,
      "weather": 4,
      "phone_num": "010-1234-1234",
      "payment_status": 0
    }
  },
  {
    "model": "order.order",
    "pk": "7cc72f4a-e7e0-48e2-b9d4-8e497bacc30e",
    "fields": {
      "created_time": "2019-05-16T09:27:41.939Z",
      "updated_time": "2019-05-16T09:30:25.443Z",
      "user": 9,
      "cart": "56e32587-2633-46be-ae48-6fc61fa8aabc",
      "restaurant": 1,
      "total_price": 246000,
      "address": "\uc11c\uc6b8\uc2dc \uc11c\ucd08\uad6c \uc11c\ucd082\ub3d9 \ud790\uc2a4\ud14c\uc774\ud2b8 102\ub3d9 101\ud638",
      "address_detail": "\uc11c\ucd082\ub3d9 \ub9c8\uc81c\uc2a4\ud0c0 \uc2dc\ud2f0 \ud0c0\uc6cc 2",
      "status": 0,
      "is_delivery_completed": false,
      "weather": 4,
      "phone_num": "010-1234-1234",
      "payment_status": 0
    }
  },
  {
    "model": "order.order",
    "pk": "89b27d6c-ac49-4c2e-981f-a0bf5c5fd4b7",
    "fields": {
      "created_time": "2019-05-16T08:53:27.677Z",
      "updated_time": "2019-05-17T04:48:41.038Z",
      "user": 9,
      "cart": "1085db2e-216d-4e71-8ea1-905870fcb316",
      "restaurant": 1,
      "total_price": 42000,
      "address": "\uc11c\uc6b8\uc2dc \uc11c\ucd08\uad6c \uc11c\ucd082\ub3d9 \ud790\uc2a4\ud14c\uc774\ud2b8 102\ub3d9 101\ud638",
      "address_detail": "\uc11c\ucd082\ub3d9 \ub9c8\uc81c\uc2a4\ud0c0 \uc2dc\ud2f0 \ud0c0\uc6cc 2",
      "status": 0,
      "is_delivery_completed": false,
      "weather": 3,
      "phone_num": "010-1234-1234",
      "payment_status": 0
    }
  },
  {
    "model": "order.order",
    "pk": "93e3d362-57b7-4fff-8d8c-0015526f7ac6",
    "fields": {
      "created_time": "2019-05-16T09:01:29.650Z",
      "updated_time": "2019-05-21T09:29:25.766Z",
      "user": 9,
      "cart": "2a04f034-7cd5-4327-8204-7cada08eaa79",
      "restaurant": 1,
      "total_price": 47000,
      "address": "\uc11c\uc6b8\uc2dc \uc11c\ucd08\uad6c \uc11c\ucd082\ub3d9 \ud790\uc2a4\ud14c\uc774\ud2b8 102\ub3d9 101\ud638",
      "address_detail": "\uc11c\ucd082\ub3d9 \ub9c8\uc81c\uc2a4\ud0c0 \uc2dc\ud2f0 \ud0c0\uc6cc 2",
      "status": 0,
      "is_delivery_completed": false,
      "weather": 1,
      "phone_num": "010-1234-1234",
      "payment_status": 0
    }
  },
  {
    "model": "order.order",
    "pk": "9be4c8f9-2afe-47ca-8734-e3d6b53cea97",
    "fields": {
      "created_time": "2019-05-22T01:35:00.341Z",
      "updated_time": "2019-05-22T01:35:24.317Z",
      "user": 9,
      "cart": "cc1e30e6-3888-4813-a637-732ad56c39d8",
      "restaurant": 5,
      "total_price": 20000,
      "address": "\uc11c\uc6b8\uc2dc \uc11c\ucd08\uad6c \uc11c\ucd082\ub3d9 \ud790\uc2a4\ud14c\uc774\ud2b8 102\ub3d9 101\ud638",
      "address_detail": "\uc11c\ucd082\ub3d9 \ub9c8\uc81c\uc2a4\ud0c0 \uc2dc\ud2f0 \ud0c0\uc6cc 2",
      "status": 0,
      "is_delivery_completed": false,
      "weather": 1,
      "phone_num": "010-1234-1234",
      "payment_status": 0
    }
  },
  {
    "model": "order.order",
    "pk": "ae5d5901-dee2-49b7-b9d9-ef7abc6b7e9d",
    "fields": {
      "created_time": "2019-05-21T09:29:55.725Z",
      "updated_time": "2019-05-21T09:30:08.397Z",
      "user": 9,
      "cart": "904aa274-f9b8-406f-ab35-a7056888b3f0",
      "restaurant": 5,
      "total_price": 167000,
      "address": "\uc11c\uc6b8\uc2dc \uc11c\ucd08\uad6c \uc11c\ucd082\ub3d9 \ud790\uc2a4\ud14c\uc774\ud2b8 102\ub3d9 101\ud638",
      "address_detail": "\uc11c\ucd082\ub3d9 \ub9c8\uc81c\uc2a4\ud0c0 \uc2dc\ud2f0 \ud0c0\uc6cc 2",
      "status": 0,
      "is_delivery_completed": false,
      "weather": 1,
      "phone_num": "010-1234-1234",
      "payment_status": 0
    }
  },
  {
    "model": "order.order",
    "pk": "af56cf85-fcd0-4001-b782-5d7f6a6adf0a",
    "fields": {
      "created_time": "2019-05-17T04:46:38.334Z",
      "updated_time": "2019-05-17T04:50:00.693Z",
      "user": 9,
      "cart": "33797e8a-a220-482c-9b76-102fe726c878",
      "restaurant": 1,
      "total_price": 242000,
      "address": "\uc11c\uc6b8\uc2dc \uc11c\ucd08\uad6c \uc11c\ucd082\ub3d9 \ud790\uc2a4\ud14c\uc774\ud2b8 102\ub3d9 101\ud638",
      "address_detail": "\uc11c\ucd082\ub3d9 \ub9c8\uc81c\uc2a4\ud0c0 \uc2dc\ud2f0 \ud0c0\uc6cc 2",
      "status": 0,
      "is_delivery_completed": false,
      "weather": 3,
      "phone_num": "010-1234-1234",
      "payment_status": 0
    }
  },
  {
    "model": "order.order",
    "pk": "b0f90083-7c66-4617-897e-1604ade5df1e",
    "fields": {
      "created_time": "2019-05-16T08:32:05.271Z",
      "updated_time": "2019-05-16T08:38:28.189Z",
      "user": 9,
      "cart": "8f185d73-6281-4c02-88ad-128a7f791c0e",
      "restaurant": 1,
      "total_price": 90000,
      "address": "\uc11c\uc6b8\uc2dc \uc11c\ucd08\uad6c \uc11c\ucd082\ub3d9 \ud790\uc2a4\ud14c\uc774\ub4dc 102\ub3d9 101\ud638",
      "address_detail": "\uc11c\ucd082\ub3d9 \ub9c8\uc81c\uc2a4\ud0c0 \uc2dc\ud2f0 \ud0c0\uc6cc 2",
      "status": 0,
      "is_delivery_completed": false,
      "weather": 2,
      "phone_num": "010-1234-1234",
      "payment_status": 0
    }
  },
  {
    "model": "order.order",
    "pk": "b69afe54-49dd-4fcc-9349-0cb210799539",
    "fields": {
      "created_time": "2019-05-16T08:24:10.466Z",
      "updated_time": "2019-05-16T08:27:54.010Z",
      "user": 9,
      "cart": "ecfc6d51-5d9d-4045-8657-ec15a8f93a5b",
      "restaurant": 1,
      "total_price": 68000,
      "address": "\uc11c\uc6b8\uc2dc \uc11c\ucd08\uad6c \uc11c\ucd082\ub3d9 \ud790\uc2a4\ud14c\uc774\ub4dc 102\ub3d9 101\ud638",
      "address_detail": "\uc11c\ucd082\ub3d9 \ub9c8\uc81c\uc2a4\ud0c0 \uc2dc\ud2f0 \ud0c0\uc6cc 2",
      "status": 0,
      "is_delivery_completed": false,
      "weather": 3,
      "phone_num": "010-1234-1234",
      "payment_status": 0
    }
  },
  {
    "model": "order.order",
    "pk": "ba2ae6f2-4136-4181-9a5a-050911cf24f4",
    "fields": {
      "created_time": "2019-05-16T08:30:11.050Z",
      "updated_time": "2019-05-16T09:04:05.114Z",
      "user": 9,
      "cart": "897ff3c5-e130-4e93-9da0-91d81ede76a6",
      "restaurant": 1,
      "total_price": 22000,
      "address": "\uc11c\uc6b8\uc2dc \uc11c\ucd08\uad6c \uc11c\ucd082\ub3d9 \ud790\uc2a4\ud14c\uc774\ub4dc 102\ub3d9 101\ud638",
      "address_detail": "\uc11c\ucd082\ub3d9 \ub9c8\uc81c\uc2a4\ud0c0 \uc2dc\ud2f0 \ud0c0\uc6cc 2",
      "status": 0,
      "is_delivery_completed": false,
      "weather": 3,
      "phone_num": "010-1234-1234",
      "payment_status": 0
    }
  },
  {
    "model": "order.order",
    "pk": "be23363e-9ee7-4441-a955-cba98b74ddaa",
    "fields": {
      "created_time": "2019-05-21T09:27:48.004Z",
      "updated_time": "2019-05-21T09:28:12.754Z",
      "user": 9,
      "cart": "01bf0df2-7a1c-48ff-8ec2-106921d2155b",
      "restaurant": 5,
      "total_price": 80000,
      "address": "\uc11c\uc6b8\uc2dc \uc11c\ucd08\uad6c \uc11c\ucd082\ub3d9 \ud790\uc2a4\ud14c\uc774\ud2b8 102\ub3d9 101\ud638",
      "address_detail": "\uc11c\ucd082\ub3d9 \ub9c8\uc81c\uc2a4\ud0c0 \uc2dc\ud2f0 \ud0c0\uc6cc 2",
      "status": 0,
      "is_delivery_completed": false,
      "weather": 1,
      "phone_num": "010-1234-1234",
      "payment_status": 0
    }
  },
  {
    "model": "order.order",
    "pk": "cdef90e0-86ab-484f-9086-df51b2deffd4",
    "fields": {
      "created_time": "2019-05-16T08:28:44.518Z",
      "updated_time": "2019-05-16T08:38:40.143Z",
      "user": 9,
      "cart": "9df13d0b-ab72-426a-b502-00381c625afc",
      "restaurant": 1,
      "total_price": 202000,
      "address": "\uc11c\uc6b8\uc2dc \uc11c\ucd08\uad6c \uc11c\ucd082\ub3d9 \ud790\uc2a4\ud14c\uc774\ub4dc 102\ub3d9 101\ud638",
      "address_detail": "\uc11c\ucd082\ub3d9 \ub9c8\uc81c\uc2a4\ud0c0 \uc2dc\ud2f0 \ud0c0\uc6cc 2",
      "status": 0,
      "is_delivery_completed": false,
      "weather": 3,
      "phone_num": "010-1234-1234",
      "payment_status": 0
    }
  },
  {
    "model": "order.order",
    "pk": "cebcdeba-feba-4e05-8acf-921d3dbbb97e",
    "fields": {
      "created_time": "2019-05-17T04:32:09.960Z",
      "updated_time": "2019-05-17T04:49:39.413Z",
      "user": 9,
      "cart": "ecbc0737-8ad2-492f-a461-775fc2e7f791",
      "restaurant": 1,
      "total_price": 56000,
      "address": "\uc11c\uc6b8\uc2dc \uc11c\ucd08\uad6c \uc11c\ucd082\ub3d9 \ud790\uc2a4\ud14c\uc774\ud2b8 102\ub3d9 101\ud638",
      "address_detail": "\uc11c\ucd082\ub3d9 \ub9c8\uc81c\uc2a4\ud0c0 \uc2dc\ud2f0 \ud0c0\uc6cc 2",
      "status": 0,
      "is_delivery_completed": false,
      "weather": 3,
      "phone_num": "010-1234-1234",
      "payment_status": 0
    }
  },
  {
    "model": "order.order",
    "pk": "e06c2641-0f4e-4e81-9a57-1148ff272ef8",
    "fields": {
      "created_time": "2019-05-16T08:29:00.718Z",
      "updated_time": "2019-05-16T08:38:53.861Z",
      "user": 9,
      "cart": "d709d14b-f61a-429c-8973-4f2f55aa1e39",
      "restaurant": 1,
      "total_price": 22000,
      "address": "\uc11c\uc6b8\uc2dc \uc11c\ucd08\uad6c \uc11c\ucd082\ub3d9 \ud790\uc2a4\ud14c\uc774\ub4dc 102\ub3d9 101\ud638",
      "address_detail": "\uc11c\ucd082\ub3d9 \ub9c8\uc81c\uc2a4\ud0c0 \uc2dc\ud2f0 \ud0c0\uc6cc 2",
      "status": 0,
      "is_delivery_completed": false,
      "weather": 4,
      "phone_num": "010-1234-1234",
      "payment_status": 0
    }
  },
  {
    "model": "order.order",
    "pk": "e9a6f186-9763-471a-9510-d9cea8ebebfc",
    "fields": {
      "created_time": "2019-05-16T08:31:20.929Z",
      "updated_time": "2019-05-16T08:54:27.890Z",
      "user": 9,
      "cart": "e6e6de67-8657-4ee3-be30-5aec24646ff7",
      "restaurant": 1,
      "total_price": 44000,
      "address": "\uc11c\uc6b8\uc2dc \uc11c\ucd08\uad6c \uc11c\ucd082\ub3d9 \ud790\uc2a4\ud14c\uc774\ub4dc 102\ub3d9 101\ud638",
      "address_detail": "\uc11c\ucd082\ub3d9 \ub9c8\uc81c\uc2a4\ud0c0 \uc2dc\ud2f0 \ud0c0\uc6cc 2",
      "status": 0,
      "is_delivery_completed": false,
      "weather": 4,
      "phone_num": "010-1234-1234",
      "payment_status": 0
    }
  },
  {
    "model": "menu.menu",
    "pk": 1,
    "fields": {
      "created_time": "2019-05-02T06:08:55.691Z",
      "updated_time": "2019-05-02T06:08:55.720Z",
      "restaurant": 1,
      "name": "\uace0\ucd94\ubc14\uc0ac\uc0ad",
      "img": "menu/2019/05/01/\u1100\u1169\u110e\u116e\u1107\u1161\u1109\u1161\u1109\u1161\u11a8.jpeg",
      "detail": "\ub9e4\ucf64 \ubc14\uc0ad\ud55c \uce58\ud0a8",
      "price": 18000,
      "type": "\uc778\uae30 \uba54\ub274",
      "hit": 0,
      "score": 0,
      "tastes": [],
      "like": []
    }
  },
  {
    "model": "menu.menu",
    "pk": 2,
    "fields": {
      "created_time": "2019-05-02T06:08:55.691Z",
      "updated_time": "2019-05-02T06:08:55.720Z",
      "restaurant": 1,
      "name": "\uac08\ube44\ucc9c\uc655",
      "img": "menu/2019/05/01/\u1100\u1161\u11af\u1107\u1175\u110e\u1165\u11ab\u110b\u116a\u11bc.jpg",
      "detail": "\uac08\ube44\uc591\ub150\uc774 \ub4e4\uc5b4\uac04 \uce58\ud0a8",
      "price": 20000,
      "type": "\uc591\ub150\ub958",
      "hit": 0,
      "score": 0,
      "tastes": [],
      "like": []
    }
  },
  {
    "model": "menu.menu",
    "pk": 3,
    "fields": {
      "created_time": "2019-05-02T06:08:55.691Z",
      "updated_time": "2019-05-02T07:49:57.440Z",
      "restaurant": 1,
      "name": "\ud5c8\ub2c8\uba5c\ub85c",
      "img": "menu/2019/05/01/\u1112\u1165\u1102\u1175\u1106\u1166\u11af\u1105\u1169.jpg",
      "detail": "\ub2ec\ucf64\ud55c\uce58\ud0a8",
      "price": 21000,
      "type": "\uc778\uae30 \uba54\ub274",
      "hit": 0,
      "score": 0,
      "tastes": [
        1
      ],
      "like": []
    }
  },
  {
    "model": "menu.menu",
    "pk": 4,
    "fields": {
      "created_time": "2019-05-02T13:35:40.826Z",
      "updated_time": "2019-05-05T05:45:17.632Z",
      "restaurant": 1,
      "name": "\ubcfc\ucf00\uc774\ub178",
      "img": "menu/2019/05/05/\u1107\u1169\u11af\u110f\u1166\u110b\u1175\u1102\u1169.png",
      "detail": "\ub9e4\ucf64\ud55c \uce58\ud0a8",
      "price": 22000,
      "type": "\uc778\uae30 \uba54\ub274",
      "hit": 0,
      "score": 0,
      "tastes": [
        2
      ],
      "like": []
    }
  },
  {
    "model": "menu.menu",
    "pk": 5,
    "fields": {
      "created_time": "2019-05-16T08:59:13.787Z",
      "updated_time": "2019-05-16T08:59:13.787Z",
      "restaurant": 1,
      "name": "\ud1b5\ub0a0\uac1c",
      "img": "menu/2019/05/16/\u1110\u1169\u11bc\u1102\u1161\u11af\u1100\u1162.jpeg",
      "detail": "\ub0a0\uac1c\ub9cc \uc788\ub294 \uba54\ub274",
      "price": 21000,
      "type": "\ub2e8\uba54\ub274",
      "hit": 0,
      "score": 0,
      "tastes": [
        3
      ],
      "like": []
    }
  },
  {
    "model": "menu.menu",
    "pk": 6,
    "fields": {
      "created_time": "2019-05-16T08:59:55.082Z",
      "updated_time": "2019-05-16T08:59:55.082Z",
      "restaurant": 1,
      "name": "\ud1b5\ub2e4\ub9ac",
      "img": "menu/2019/05/16/\u1110\u1169\u11bc\u1103\u1161\u1105\u1175.png",
      "detail": "\ub2e4\ub9ac\uac00 \uc788\ub294 \uba54\ub274",
      "price": 24000,
      "type": "\ub2e8\uba54\ub274",
      "hit": 0,
      "score": 0,
      "tastes": [
        3
      ],
      "like": []
    }
  },
  {
    "model": "menu.menu",
    "pk": 7,
    "fields": {
      "created_time": "2019-05-21T02:42:24.455Z",
      "updated_time": "2019-05-21T02:42:24.455Z",
      "restaurant": 5,
      "name": "\uc9dc\uc7a5\uba74",
      "img": "menu/2019/05/21/\u110d\u1161\u110c\u1161\u11bc\u1106\u1167\u11ab.jpeg",
      "detail": "\ucc30\uc9c4\uba74",
      "price": 5000,
      "type": "\uba74\ub958",
      "hit": 0,
      "score": 0,
      "tastes": [
        3
      ],
      "like": []
    }
  },
  {
    "model": "menu.menu",
    "pk": 8,
    "fields": {
      "created_time": "2019-05-21T02:42:49.666Z",
      "updated_time": "2019-05-21T02:43:18.636Z",
      "restaurant": 5,
      "name": "\uc9dc\uc7a5\ubc25",
      "img": "menu/2019/05/21/\u110d\u1161\u110c\u1161\u11bc\u1107\u1161\u11b8.jpg",
      "detail": "\uace0\uc2ac\uace0\uc2ac\ud55c \ubc25",
      "price": 5500,
      "type": "\ubc25\ub958",
      "hit": 0,
      "score": 0,
      "tastes": [
        3
      ],
      "like": []
    }
  },
  {
    "model": "menu.menu",
    "pk": 9,
    "fields": {
      "created_time": "2019-05-21T02:43:48.780Z",
      "updated_time": "2019-05-21T02:43:48.780Z",
      "restaurant": 5,
      "name": "\uc9ec\ubf55",
      "img": "menu/2019/05/21/\u110d\u1161\u11b7\u1108\u1169\u11bc.jpg",
      "detail": "\ub2e4\uc591\ud55c \ud574\uc0b0\ubb3c",
      "price": 6000,
      "type": "\uba74\ub958",
      "hit": 0,
      "score": 0,
      "tastes": [
        2,
        3
      ],
      "like": []
    }
  },
  {
    "model": "menu.menu",
    "pk": 10,
    "fields": {
      "created_time": "2019-05-21T02:44:19.981Z",
      "updated_time": "2019-05-21T02:44:19.981Z",
      "restaurant": 5,
      "name": "\uc9ec\ubf55\ubc25",
      "img": "menu/2019/05/21/\u110d\u1161\u11b7\u1108\u1169\u11bc\u1107\u1161\u11b8.jpeg",
      "detail": "\uc2dc\uc6d0\ud55c \uad6d\ubb3c",
      "price": 6000,
      "type": "\ubc25\ub958",
      "hit": 0,
      "score": 0,
      "tastes": [
        2,
        3
      ],
      "like": []
    }
  },
  {
    "model": "menu.menu",
    "pk": 11,
    "fields": {
      "created_time": "2019-05-21T02:44:49.827Z",
      "updated_time": "2019-05-21T02:44:49.827Z",
      "restaurant": 5,
      "name": "\uad70\ub9cc\ub450",
      "img": "menu/2019/05/21/\u1100\u116e\u11ab\u1106\u1161\u11ab\u1103\u116e.jpg",
      "detail": "\ubc14\uc0ad\ud55c \ucac4\uae43\ud55c \ub9cc\ub450\ud53c",
      "price": 8000,
      "type": "\ud280\uae40\ub958",
      "hit": 0,
      "score": 0,
      "tastes": [
        3
      ],
      "like": []
    }
  },
  {
    "model": "menu.menu",
    "pk": 12,
    "fields": {
      "created_time": "2019-05-21T02:45:27.959Z",
      "updated_time": "2019-05-21T02:45:27.959Z",
      "restaurant": 5,
      "name": "\uae50\ud48d\uae30",
      "img": "menu/2019/05/21/\u1101\u1161\u11ab\u1111\u116e\u11bc\u1100\u1175.jpeg",
      "detail": "\uce58\ud0a8\ubcf4\ub2e4 \ub9db\uc788\uc74c",
      "price": 15000,
      "type": "\ud280\uae40\ub958",
      "hit": 0,
      "score": 0,
      "tastes": [
        3
      ],
      "like": []
    }
  },
  {
    "model": "menu.menu",
    "pk": 13,
    "fields": {
      "created_time": "2019-05-21T02:45:57.670Z",
      "updated_time": "2019-05-21T02:45:57.671Z",
      "restaurant": 5,
      "name": "\ud0d5\uc218\uc721 \uc18c",
      "img": "menu/2019/05/21/\u1110\u1161\u11bc\u1109\u116e\u110b\u1172\u11a8_\u1109\u1169.jpeg",
      "detail": "\ucc39\uc300 \ubc18\uc8fd",
      "price": 13000,
      "type": "\ud280\uae40\ub958",
      "hit": 0,
      "score": 0,
      "tastes": [],
      "like": []
    }
  },
  {
    "model": "menu.menu",
    "pk": 14,
    "fields": {
      "created_time": "2019-05-21T02:46:21.958Z",
      "updated_time": "2019-05-21T02:46:21.958Z",
      "restaurant": 5,
      "name": "\ud0d5\uc218\uc721 \ub300",
      "img": "menu/2019/05/21/\u1110\u1161\u11bc\u1109\u116e\u110b\u1172\u11a8_\u1103\u1162.jpeg",
      "detail": "\ucc39\uc300 \ubc18\uc8fd",
      "price": 19000,
      "type": "\ud280\uae40\ub958",
      "hit": 0,
      "score": 0,
      "tastes": [],
      "like": []
    }
  },
  {
    "model": "coupon.giftcoupon",
    "pk": 1,
    "fields": {
      "created_time": "2019-05-16T08:25:21.991Z",
      "updated_time": "2019-05-16T08:25:21.991Z",
      "sender": 9,
      "sender_msg": "10\ub9cc\uc6d0",
      "receiver_name": "\ud64d\uae38\ub3d9",
      "receiver_phone": "",
      "receiver_email": "myunghun.shim@deliveryhero.co.kr",
      "expire_date": "2019-08-14",
      "coupon_code": "7b64b886-f8bd-4154-90a3-df5a8150f8a4",
      "price": 100000,
      "is_used": false,
      "used_date": null
    }
  },
  {
    "model": "coupon.giftcoupon",
    "pk": 2,
    "fields": {
      "created_time": "2019-05-17T02:29:25.510Z",
      "updated_time": "2019-05-17T02:29:25.510Z",
      "sender": 10,
      "sender_msg": "\uc548\ub155                    ",
      "receiver_name": "\uac15\uac10\ucc2c",
      "receiver_phone": "",
      "receiver_email": "sora.son@deliveryhero.co.kr",
      "expire_date": "2019-08-15",
      "coupon_code": "0d2bf9c0-6584-49d2-b296-243b3c91e7c8",
      "price": 30000,
      "is_used": true,
      "used_date": null
    }
  },
  {
    "model": "coupon.giftcoupon",
    "pk": 3,
    "fields": {
      "created_time": "2019-05-17T02:30:41.159Z",
      "updated_time": "2019-05-17T02:30:41.159Z",
      "sender": 10,
      "sender_msg": "\uad6c\uad6c\uad6c\uad6c\uad6c                    ",
      "receiver_name": "\uc774\uc21c\uc2e0",
      "receiver_phone": "",
      "receiver_email": "sora.son@deliveryhero.co.kr",
      "expire_date": "2019-08-15",
      "coupon_code": "e61c3d08-e2e1-4842-bbb1-b5be5dbc7125",
      "price": 50000,
      "is_used": false,
      "used_date": null
    }
  },
  {
    "model": "coupon.giftcoupon",
    "pk": 4,
    "fields": {
      "created_time": "2019-05-17T02:31:50.135Z",
      "updated_time": "2019-05-17T02:31:50.135Z",
      "sender": 10,
      "sender_msg": "1                    ",
      "receiver_name": "\uac15\uac10\ucc2c",
      "receiver_phone": "",
      "receiver_email": "sora.son@deliveryhero.co.kr",
      "expire_date": "2019-08-15",
      "coupon_code": "7e67d492-0578-48b8-a307-41c8a7bbbde0",
      "price": 10000,
      "is_used": false,
      "used_date": null
    }
  },
  {
    "model": "coupon.giftcoupon",
    "pk": 5,
    "fields": {
      "created_time": "2019-05-17T04:32:48.208Z",
      "updated_time": "2019-05-17T04:32:48.208Z",
      "sender": 9,
      "sender_msg": "                    ",
      "receiver_name": "\ud64d\uae38\ub3d9",
      "receiver_phone": "",
      "receiver_email": "myunghun.shim@deliveryhero.co.kr",
      "expire_date": "2019-08-15",
      "coupon_code": "f0235c01-5f67-4825-906e-09a44a6e403a",
      "price": 30000,
      "is_used": false,
      "used_date": null
    }
  },
  {
    "model": "coupon.giftcoupon",
    "pk": 6,
    "fields": {
      "created_time": "2019-05-17T05:19:39.498Z",
      "updated_time": "2019-05-17T05:19:39.498Z",
      "sender": 9,
      "sender_msg": "                    ",
      "receiver_name": "\ud64d\uae38\ub3d9",
      "receiver_phone": "",
      "receiver_email": "myunghun.shim@deliveryhero.co.kr",
      "expire_date": "2019-08-15",
      "coupon_code": "6383a462-2928-4447-b5dc-b7b2ee8925ab",
      "price": 30000,
      "is_used": false,
      "used_date": null
    }
  },
  {
    "model": "coupon.giftcoupon",
    "pk": 7,
    "fields": {
      "created_time": "2019-05-17T06:09:51.011Z",
      "updated_time": "2019-05-17T06:09:51.011Z",
      "sender": 9,
      "sender_msg": "1\uc5b5\uc9dc\ub9ac",
      "receiver_name": "\ud61c\uc9c4\ub2d8",
      "receiver_phone": "",
      "receiver_email": "hyejin_830@naver.com",
      "expire_date": "2019-08-15",
      "coupon_code": "88b0feab-af79-45de-a2e9-4c852823759b",
      "price": 100000,
      "is_used": false,
      "used_date": null
    }
  },
  {
    "model": "coupon.usergiftcoupon",
    "pk": 1,
    "fields": {
      "created_time": "2019-05-16T08:25:48.096Z",
      "updated_time": "2019-05-16T08:25:48.096Z",
      "gift_coupon": 1,
      "user": 9,
      "prior_user": null,
      "is_owner": true,
      "is_registrant": true
    }
  },
  {
    "model": "coupon.usergiftcoupon",
    "pk": 2,
    "fields": {
      "created_time": "2019-05-17T02:29:51.843Z",
      "updated_time": "2019-05-17T02:29:51.843Z",
      "gift_coupon": 2,
      "user": 9,
      "prior_user": null,
      "is_owner": true,
      "is_registrant": true
    }
  },
  {
    "model": "coupon.usergiftcoupon",
    "pk": 3,
    "fields": {
      "created_time": "2019-05-17T02:31:02.114Z",
      "updated_time": "2019-05-17T02:31:02.114Z",
      "gift_coupon": 3,
      "user": 9,
      "prior_user": null,
      "is_owner": false,
      "is_registrant": true
    }
  },
  {
    "model": "coupon.usergiftcoupon",
    "pk": 4,
    "fields": {
      "created_time": "2019-05-17T02:32:15.113Z",
      "updated_time": "2019-05-17T02:32:15.113Z",
      "gift_coupon": 4,
      "user": 9,
      "prior_user": null,
      "is_owner": true,
      "is_registrant": true
    }
  },
  {
    "model": "coupon.usergiftcoupon",
    "pk": 6,
    "fields": {
      "created_time": "2019-05-17T02:42:26.230Z",
      "updated_time": "2019-05-17T02:42:26.230Z",
      "gift_coupon": 3,
      "user": 10,
      "prior_user": 9,
      "is_owner": true,
      "is_registrant": false
    }
  },
  {
    "model": "coupon.usergiftcoupon",
    "pk": 7,
    "fields": {
      "created_time": "2019-05-17T04:33:20.158Z",
      "updated_time": "2019-05-17T04:33:20.158Z",
      "gift_coupon": 5,
      "user": 9,
      "prior_user": null,
      "is_owner": true,
      "is_registrant": true
    }
  },
  {
    "model": "coupon.usergiftcoupon",
    "pk": 8,
    "fields": {
      "created_time": "2019-05-17T05:20:11.794Z",
      "updated_time": "2019-05-17T05:20:11.794Z",
      "gift_coupon": 6,
      "user": 9,
      "prior_user": null,
      "is_owner": true,
      "is_registrant": true
    }
  },
  {
    "model": "social_django.usersocialauth",
    "pk": 8,
    "fields": {
      "user": 9,
      "provider": "google-oauth2",
      "uid": "mhshimtest@gmail.com",
      "extra_data": "{}"
    }
  },
  {
    "model": "social_django.usersocialauth",
    "pk": 9,
    "fields": {
      "user": 10,
      "provider": "google-oauth2",
      "uid": "sora.son@deliveryhero.co.kr",
      "extra_data": "{}"
    }
  },
  {
    "model": "social_django.usersocialauth",
    "pk": 10,
    "fields": {
      "user": 11,
      "provider": "google-oauth2",
      "uid": "julsnutini@gmail.com",
      "extra_data": "{}"
    }
  },
  {
    "model": "admin.logentry",
    "pk": 1,
    "fields": {
      "action_time": "2019-04-29T13:35:14.531Z",
      "user": 1,
      "content_type": 12,
      "object_id": "1",
      "object_repr": "1\uc778\ubd84 \uc8fc\ubb38",
      "action_flag": 1,
      "change_message": "[{\"added\": {}}]"
    }
  },
  {
    "model": "admin.logentry",
    "pk": 2,
    "fields": {
      "action_time": "2019-04-29T13:35:34.768Z",
      "user": 1,
      "content_type": 12,
      "object_id": "1",
      "object_repr": "1\uc778\ubd84 \uc8fc\ubb38",
      "action_flag": 2,
      "change_message": "[{\"changed\": {\"fields\": [\"img\"]}}]"
    }
  },
  {
    "model": "admin.logentry",
    "pk": 3,
    "fields": {
      "action_time": "2019-04-29T13:35:46.002Z",
      "user": 1,
      "content_type": 12,
      "object_id": "1",
      "object_repr": "1\uc778\ubd84 \uc8fc\ubb38",
      "action_flag": 2,
      "change_message": "[{\"changed\": {\"fields\": [\"img\"]}}]"
    }
  },
  {
    "model": "admin.logentry",
    "pk": 4,
    "fields": {
      "action_time": "2019-04-29T13:35:46.222Z",
      "user": 1,
      "content_type": 12,
      "object_id": "1",
      "object_repr": "1\uc778\ubd84 \uc8fc\ubb38",
      "action_flag": 2,
      "change_message": "[{\"changed\": {\"fields\": [\"img\"]}}]"
    }
  },
  {
    "model": "admin.logentry",
    "pk": 5,
    "fields": {
      "action_time": "2019-04-29T13:36:18.404Z",
      "user": 1,
      "content_type": 12,
      "object_id": "2",
      "object_repr": "\uc804\uccb4\ubcf4\uae30",
      "action_flag": 1,
      "change_message": "[{\"added\": {}}]"
    }
  },
  {
    "model": "admin.logentry",
    "pk": 6,
    "fields": {
      "action_time": "2019-04-29T13:40:05.649Z",
      "user": 1,
      "content_type": 12,
      "object_id": "1",
      "object_repr": "1\uc778\ubd84 \uc8fc\ubb38",
      "action_flag": 3,
      "change_message": ""
    }
  },
  {
    "model": "admin.logentry",
    "pk": 7,
    "fields": {
      "action_time": "2019-04-29T13:40:08.667Z",
      "user": 1,
      "content_type": 12,
      "object_id": "2",
      "object_repr": "\uc804\uccb4\ubcf4\uae30",
      "action_flag": 3,
      "change_message": ""
    }
  },
  {
    "model": "admin.logentry",
    "pk": 8,
    "fields": {
      "action_time": "2019-04-29T13:40:23.913Z",
      "user": 1,
      "content_type": 12,
      "object_id": "3",
      "object_repr": "\uc804\uccb4\ubcf4\uae30",
      "action_flag": 1,
      "change_message": "[{\"added\": {}}]"
    }
  },
  {
    "model": "admin.logentry",
    "pk": 9,
    "fields": {
      "action_time": "2019-04-29T13:40:37.428Z",
      "user": 1,
      "content_type": 12,
      "object_id": "4",
      "object_repr": "1\uc778\ubd84 \uc8fc\ubb38",
      "action_flag": 1,
      "change_message": "[{\"added\": {}}]"
    }
  },
  {
    "model": "admin.logentry",
    "pk": 10,
    "fields": {
      "action_time": "2019-04-29T13:40:48.671Z",
      "user": 1,
      "content_type": 12,
      "object_id": "5",
      "object_repr": "\ud504\ub79c\ucc28\uc774\uc988",
      "action_flag": 1,
      "change_message": "[{\"added\": {}}]"
    }
  },
  {
    "model": "admin.logentry",
    "pk": 11,
    "fields": {
      "action_time": "2019-04-29T13:40:56.629Z",
      "user": 1,
      "content_type": 12,
      "object_id": "6",
      "object_repr": "\uce58\ud0a8",
      "action_flag": 1,
      "change_message": "[{\"added\": {}}]"
    }
  },
  {
    "model": "admin.logentry",
    "pk": 12,
    "fields": {
      "action_time": "2019-04-29T13:41:09.975Z",
      "user": 1,
      "content_type": 12,
      "object_id": "7",
      "object_repr": "\ud53c\uc790/\uc591\uc2dd",
      "action_flag": 1,
      "change_message": "[{\"added\": {}}]"
    }
  },
  {
    "model": "admin.logentry",
    "pk": 13,
    "fields": {
      "action_time": "2019-04-29T13:41:21.695Z",
      "user": 1,
      "content_type": 12,
      "object_id": "8",
      "object_repr": "\uc911\uad6d\uc9d1",
      "action_flag": 1,
      "change_message": "[{\"added\": {}}]"
    }
  },
  {
    "model": "admin.logentry",
    "pk": 14,
    "fields": {
      "action_time": "2019-04-29T13:41:31.524Z",
      "user": 1,
      "content_type": 12,
      "object_id": "9",
      "object_repr": "\ud55c\uc2dd",
      "action_flag": 1,
      "change_message": "[{\"added\": {}}]"
    }
  },
  {
    "model": "admin.logentry",
    "pk": 15,
    "fields": {
      "action_time": "2019-04-29T13:41:42.871Z",
      "user": 1,
      "content_type": 12,
      "object_id": "10",
      "object_repr": "\uc77c\uc2dd/\ub3c8\uae4c\uc2a4",
      "action_flag": 1,
      "change_message": "[{\"added\": {}}]"
    }
  },
  {
    "model": "admin.logentry",
    "pk": 16,
    "fields": {
      "action_time": "2019-04-29T13:41:48.961Z",
      "user": 1,
      "content_type": 12,
      "object_id": "11",
      "object_repr": "\uc871\ubc1c/\ubcf4\uc308",
      "action_flag": 1,
      "change_message": "[{\"added\": {}}]"
    }
  },
  {
    "model": "admin.logentry",
    "pk": 17,
    "fields": {
      "action_time": "2019-04-29T13:41:57.608Z",
      "user": 1,
      "content_type": 12,
      "object_id": "12",
      "object_repr": "\uc57c\uc2dd",
      "action_flag": 1,
      "change_message": "[{\"added\": {}}]"
    }
  },
  {
    "model": "admin.logentry",
    "pk": 18,
    "fields": {
      "action_time": "2019-04-29T13:42:07.262Z",
      "user": 1,
      "content_type": 12,
      "object_id": "13",
      "object_repr": "\ubd84\uc2dd",
      "action_flag": 1,
      "change_message": "[{\"added\": {}}]"
    }
  },
  {
    "model": "admin.logentry",
    "pk": 19,
    "fields": {
      "action_time": "2019-04-29T13:42:13.307Z",
      "user": 1,
      "content_type": 12,
      "object_id": "14",
      "object_repr": "\uce74\ud398/\ub514\uc800\ud2b8",
      "action_flag": 1,
      "change_message": "[{\"added\": {}}]"
    }
  },
  {
    "model": "admin.logentry",
    "pk": 20,
    "fields": {
      "action_time": "2019-04-29T13:44:01.704Z",
      "user": 1,
      "content_type": 12,
      "object_id": "3",
      "object_repr": "\uc804\uccb4\ubcf4\uae30",
      "action_flag": 2,
      "change_message": "[{\"changed\": {\"fields\": [\"img\"]}}]"
    }
  },
  {
    "model": "admin.logentry",
    "pk": 21,
    "fields": {
      "action_time": "2019-04-29T13:44:13.978Z",
      "user": 1,
      "content_type": 12,
      "object_id": "3",
      "object_repr": "\uc804\uccb4\ubcf4\uae30",
      "action_flag": 2,
      "change_message": "[{\"changed\": {\"fields\": [\"img\"]}}]"
    }
  },
  {
    "model": "admin.logentry",
    "pk": 22,
    "fields": {
      "action_time": "2019-04-29T13:44:29.391Z",
      "user": 1,
      "content_type": 12,
      "object_id": "3",
      "object_repr": "\uc804\uccb4\ubcf4\uae30",
      "action_flag": 2,
      "change_message": "[{\"changed\": {\"fields\": [\"img\"]}}]"
    }
  },
  {
    "model": "admin.logentry",
    "pk": 23,
    "fields": {
      "action_time": "2019-04-29T13:44:34.462Z",
      "user": 1,
      "content_type": 12,
      "object_id": "3",
      "object_repr": "\uc804\uccb4\ubcf4\uae30",
      "action_flag": 2,
      "change_message": "[{\"changed\": {\"fields\": [\"img\"]}}]"
    }
  },
  {
    "model": "admin.logentry",
    "pk": 24,
    "fields": {
      "action_time": "2019-04-29T13:44:42.971Z",
      "user": 1,
      "content_type": 12,
      "object_id": "4",
      "object_repr": "1\uc778\ubd84 \uc8fc\ubb38",
      "action_flag": 2,
      "change_message": "[{\"changed\": {\"fields\": [\"img\"]}}]"
    }
  },
  {
    "model": "admin.logentry",
    "pk": 25,
    "fields": {
      "action_time": "2019-04-29T13:44:49.432Z",
      "user": 1,
      "content_type": 12,
      "object_id": "4",
      "object_repr": "1\uc778\ubd84 \uc8fc\ubb38",
      "action_flag": 2,
      "change_message": "[{\"changed\": {\"fields\": [\"img\"]}}]"
    }
  },
  {
    "model": "admin.logentry",
    "pk": 26,
    "fields": {
      "action_time": "2019-04-29T13:50:56.850Z",
      "user": 1,
      "content_type": 13,
      "object_id": "1",
      "object_repr": "\uad7d\ub124\uce58\ud0a8",
      "action_flag": 1,
      "change_message": "[{\"added\": {}}]"
    }
  },
  {
    "model": "admin.logentry",
    "pk": 27,
    "fields": {
      "action_time": "2019-05-01T10:21:15.700Z",
      "user": 1,
      "content_type": 14,
      "object_id": "1",
      "object_repr": "\uace0\ucd94\ubc14\uc0ac\uc0ad",
      "action_flag": 1,
      "change_message": "[{\"added\": {}}]"
    }
  },
  {
    "model": "admin.logentry",
    "pk": 28,
    "fields": {
      "action_time": "2019-05-01T10:22:28.072Z",
      "user": 1,
      "content_type": 14,
      "object_id": "2",
      "object_repr": "\uac08\ube44\ucc9c\uc655",
      "action_flag": 1,
      "change_message": "[{\"added\": {}}]"
    }
  },
  {
    "model": "admin.logentry",
    "pk": 29,
    "fields": {
      "action_time": "2019-05-01T14:17:17.847Z",
      "user": 1,
      "content_type": 14,
      "object_id": "3",
      "object_repr": "\ud5c8\ub2c8\uba5c\ub85c",
      "action_flag": 1,
      "change_message": "[{\"added\": {}}]"
    }
  },
  {
    "model": "admin.logentry",
    "pk": 30,
    "fields": {
      "action_time": "2019-05-02T02:11:58.180Z",
      "user": 1,
      "content_type": 13,
      "object_id": "2",
      "object_repr": "\ub124\ub124\uce58\ud0a8",
      "action_flag": 1,
      "change_message": "[{\"added\": {}}]"
    }
  },
  {
    "model": "admin.logentry",
    "pk": 31,
    "fields": {
      "action_time": "2019-05-02T03:02:14.036Z",
      "user": 1,
      "content_type": 13,
      "object_id": "2",
      "object_repr": "\ub124\ub124\uce58\ud0a8",
      "action_flag": 2,
      "change_message": "[{\"changed\": {\"fields\": [\"img\"]}}]"
    }
  },
  {
    "model": "admin.logentry",
    "pk": 32,
    "fields": {
      "action_time": "2019-05-02T06:14:56.248Z",
      "user": 1,
      "content_type": 13,
      "object_id": "2",
      "object_repr": "\ub124\ub124\uce58\ud0a8",
      "action_flag": 2,
      "change_message": "[{\"changed\": {\"fields\": [\"img\"]}}]"
    }
  },
  {
    "model": "admin.logentry",
    "pk": 33,
    "fields": {
      "action_time": "2019-05-02T06:15:02.433Z",
      "user": 1,
      "content_type": 13,
      "object_id": "2",
      "object_repr": "\ub124\ub124\uce58\ud0a8",
      "action_flag": 2,
      "change_message": "[{\"changed\": {\"fields\": [\"img\"]}}]"
    }
  },
  {
    "model": "admin.logentry",
    "pk": 34,
    "fields": {
      "action_time": "2019-05-02T07:49:55.510Z",
      "user": 1,
      "content_type": 17,
      "object_id": "1",
      "object_repr": "\ub2ec\ucf64",
      "action_flag": 1,
      "change_message": "[{\"added\": {}}]"
    }
  },
  {
    "model": "admin.logentry",
    "pk": 35,
    "fields": {
      "action_time": "2019-05-02T07:49:57.483Z",
      "user": 1,
      "content_type": 14,
      "object_id": "3",
      "object_repr": "\ud5c8\ub2c8\uba5c\ub85c",
      "action_flag": 2,
      "change_message": "[{\"changed\": {\"fields\": [\"tastes\"]}}]"
    }
  },
  {
    "model": "admin.logentry",
    "pk": 36,
    "fields": {
      "action_time": "2019-05-02T08:38:56.232Z",
      "user": 1,
      "content_type": 15,
      "object_id": "4f5f9c22-208c-4140-9ef5-364341ec7b48",
      "object_repr": "admin - 4f5f9c22-208c-4140-9ef5-364341ec7b48",
      "action_flag": 1,
      "change_message": "[{\"added\": {}}]"
    }
  },
  {
    "model": "admin.logentry",
    "pk": 37,
    "fields": {
      "action_time": "2019-05-02T09:35:52.429Z",
      "user": 1,
      "content_type": 15,
      "object_id": "4f5f9c22-208c-4140-9ef5-364341ec7b48",
      "object_repr": "admin - 4f5f9c22-208c-4140-9ef5-364341ec7b48",
      "action_flag": 3,
      "change_message": ""
    }
  },
  {
    "model": "admin.logentry",
    "pk": 38,
    "fields": {
      "action_time": "2019-05-02T09:36:04.396Z",
      "user": 1,
      "content_type": 9,
      "object_id": "1",
      "object_repr": "myunghun.shim",
      "action_flag": 3,
      "change_message": ""
    }
  },
  {
    "model": "admin.logentry",
    "pk": 39,
    "fields": {
      "action_time": "2019-05-02T09:36:20.890Z",
      "user": 1,
      "content_type": 11,
      "object_id": "2",
      "object_repr": "myunghun.shim",
      "action_flag": 3,
      "change_message": ""
    }
  },
  {
    "model": "admin.logentry",
    "pk": 40,
    "fields": {
      "action_time": "2019-05-02T09:37:26.579Z",
      "user": 1,
      "content_type": 9,
      "object_id": "2",
      "object_repr": "myunghun.shim",
      "action_flag": 3,
      "change_message": ""
    }
  },
  {
    "model": "admin.logentry",
    "pk": 41,
    "fields": {
      "action_time": "2019-05-02T09:37:36.132Z",
      "user": 1,
      "content_type": 11,
      "object_id": "3",
      "object_repr": "myunghun.shim",
      "action_flag": 3,
      "change_message": ""
    }
  },
  {
    "model": "admin.logentry",
    "pk": 42,
    "fields": {
      "action_time": "2019-05-02T09:43:35.370Z",
      "user": 1,
      "content_type": 9,
      "object_id": "3",
      "object_repr": "myunghun.shim",
      "action_flag": 3,
      "change_message": ""
    }
  },
  {
    "model": "admin.logentry",
    "pk": 43,
    "fields": {
      "action_time": "2019-05-02T09:43:42.335Z",
      "user": 1,
      "content_type": 11,
      "object_id": "4",
      "object_repr": "myunghun.shim",
      "action_flag": 3,
      "change_message": ""
    }
  },
  {
    "model": "admin.logentry",
    "pk": 44,
    "fields": {
      "action_time": "2019-05-02T13:24:04.413Z",
      "user": 1,
      "content_type": 13,
      "object_id": "2",
      "object_repr": "\ub124\ub124\uce58\ud0a8",
      "action_flag": 2,
      "change_message": "[{\"changed\": {\"fields\": [\"img\"]}}]"
    }
  },
  {
    "model": "admin.logentry",
    "pk": 45,
    "fields": {
      "action_time": "2019-05-02T13:24:15.512Z",
      "user": 1,
      "content_type": 13,
      "object_id": "2",
      "object_repr": "\ub124\ub124\uce58\ud0a8",
      "action_flag": 2,
      "change_message": "[{\"changed\": {\"fields\": [\"img\"]}}]"
    }
  },
  {
    "model": "admin.logentry",
    "pk": 46,
    "fields": {
      "action_time": "2019-05-02T13:26:42.592Z",
      "user": 1,
      "content_type": 13,
      "object_id": "3",
      "object_repr": "\ud398\ub9ac\uce74\ub098",
      "action_flag": 1,
      "change_message": "[{\"added\": {}}]"
    }
  },
  {
    "model": "admin.logentry",
    "pk": 47,
    "fields": {
      "action_time": "2019-05-02T13:28:16.626Z",
      "user": 1,
      "content_type": 13,
      "object_id": "4",
      "object_repr": "\ud638\uce58\ud0a8",
      "action_flag": 1,
      "change_message": "[{\"added\": {}}]"
    }
  },
  {
    "model": "admin.logentry",
    "pk": 48,
    "fields": {
      "action_time": "2019-05-02T13:32:29.315Z",
      "user": 1,
      "content_type": 13,
      "object_id": "1",
      "object_repr": "\uad7d\ub124\uce58\ud0a8",
      "action_flag": 2,
      "change_message": "[{\"changed\": {\"fields\": [\"img\"]}}]"
    }
  },
  {
    "model": "admin.logentry",
    "pk": 49,
    "fields": {
      "action_time": "2019-05-02T13:32:36.745Z",
      "user": 1,
      "content_type": 13,
      "object_id": "1",
      "object_repr": "\uad7d\ub124\uce58\ud0a8",
      "action_flag": 2,
      "change_message": "[{\"changed\": {\"fields\": [\"img\"]}}]"
    }
  },
  {
    "model": "admin.logentry",
    "pk": 50,
    "fields": {
      "action_time": "2019-05-02T13:35:22.089Z",
      "user": 1,
      "content_type": 17,
      "object_id": "2",
      "object_repr": "\ub9e4\ucf64",
      "action_flag": 1,
      "change_message": "[{\"added\": {}}]"
    }
  },
  {
    "model": "admin.logentry",
    "pk": 51,
    "fields": {
      "action_time": "2019-05-02T13:35:40.867Z",
      "user": 1,
      "content_type": 14,
      "object_id": "4",
      "object_repr": "\ubcfc\ucf00\uc774\ub178",
      "action_flag": 1,
      "change_message": "[{\"added\": {}}]"
    }
  },
  {
    "model": "admin.logentry",
    "pk": 52,
    "fields": {
      "action_time": "2019-05-02T13:38:28.367Z",
      "user": 1,
      "content_type": 14,
      "object_id": "4",
      "object_repr": "\ubcfc\ucf00\uc774\ub178",
      "action_flag": 2,
      "change_message": "[{\"changed\": {\"fields\": [\"type\"]}}]"
    }
  },
  {
    "model": "admin.logentry",
    "pk": 53,
    "fields": {
      "action_time": "2019-05-02T13:43:46.819Z",
      "user": 1,
      "content_type": 13,
      "object_id": "4",
      "object_repr": "\ud638\uce58\ud0a8",
      "action_flag": 2,
      "change_message": "[{\"changed\": {\"fields\": [\"category\"]}}]"
    }
  },
  {
    "model": "admin.logentry",
    "pk": 54,
    "fields": {
      "action_time": "2019-05-02T13:43:55.873Z",
      "user": 1,
      "content_type": 13,
      "object_id": "3",
      "object_repr": "\ud398\ub9ac\uce74\ub098",
      "action_flag": 2,
      "change_message": "[{\"changed\": {\"fields\": [\"category\"]}}]"
    }
  },
  {
    "model": "admin.logentry",
    "pk": 55,
    "fields": {
      "action_time": "2019-05-02T13:44:39.783Z",
      "user": 1,
      "content_type": 13,
      "object_id": "1",
      "object_repr": "\uad7d\ub124\uce58\ud0a8",
      "action_flag": 2,
      "change_message": "[{\"changed\": {\"fields\": [\"category\"]}}]"
    }
  },
  {
    "model": "admin.logentry",
    "pk": 56,
    "fields": {
      "action_time": "2019-05-02T13:44:52.415Z",
      "user": 1,
      "content_type": 13,
      "object_id": "1",
      "object_repr": "\uad7d\ub124\uce58\ud0a8",
      "action_flag": 2,
      "change_message": "[{\"changed\": {\"fields\": [\"category\"]}}]"
    }
  },
  {
    "model": "admin.logentry",
    "pk": 57,
    "fields": {
      "action_time": "2019-05-04T23:28:42.419Z",
      "user": 1,
      "content_type": 16,
      "object_id": "12",
      "object_repr": "\ud5c8\ub2c8\uba5c\ub85c - 1",
      "action_flag": 2,
      "change_message": "[]"
    }
  },
  {
    "model": "admin.logentry",
    "pk": 58,
    "fields": {
      "action_time": "2019-05-05T05:44:28.696Z",
      "user": 1,
      "content_type": 14,
      "object_id": "4",
      "object_repr": "\ubcfc\ucf00\uc774\ub178",
      "action_flag": 2,
      "change_message": "[{\"changed\": {\"fields\": [\"img\"]}}]"
    }
  },
  {
    "model": "admin.logentry",
    "pk": 59,
    "fields": {
      "action_time": "2019-05-05T05:45:17.654Z",
      "user": 1,
      "content_type": 14,
      "object_id": "4",
      "object_repr": "\ubcfc\ucf00\uc774\ub178",
      "action_flag": 2,
      "change_message": "[{\"changed\": {\"fields\": [\"img\"]}}]"
    }
  },
  {
    "model": "admin.logentry",
    "pk": 60,
    "fields": {
      "action_time": "2019-05-05T05:45:46.359Z",
      "user": 1,
      "content_type": 13,
      "object_id": "4",
      "object_repr": "\ud638\uce58\ud0a8",
      "action_flag": 2,
      "change_message": "[{\"changed\": {\"fields\": [\"img\"]}}]"
    }
  },
  {
    "model": "admin.logentry",
    "pk": 61,
    "fields": {
      "action_time": "2019-05-05T05:45:58.669Z",
      "user": 1,
      "content_type": 13,
      "object_id": "4",
      "object_repr": "\ud638\uce58\ud0a8",
      "action_flag": 2,
      "change_message": "[{\"changed\": {\"fields\": [\"img\"]}}]"
    }
  },
  {
    "model": "admin.logentry",
    "pk": 62,
    "fields": {
      "action_time": "2019-05-05T05:46:03.542Z",
      "user": 1,
      "content_type": 13,
      "object_id": "3",
      "object_repr": "\ud398\ub9ac\uce74\ub098",
      "action_flag": 2,
      "change_message": "[{\"changed\": {\"fields\": [\"img\"]}}]"
    }
  },
  {
    "model": "admin.logentry",
    "pk": 63,
    "fields": {
      "action_time": "2019-05-05T05:46:14.671Z",
      "user": 1,
      "content_type": 13,
      "object_id": "3",
      "object_repr": "\ud398\ub9ac\uce74\ub098",
      "action_flag": 2,
      "change_message": "[{\"changed\": {\"fields\": [\"img\"]}}]"
    }
  },
  {
    "model": "admin.logentry",
    "pk": 64,
    "fields": {
      "action_time": "2019-05-05T05:46:20.302Z",
      "user": 1,
      "content_type": 13,
      "object_id": "2",
      "object_repr": "\ub124\ub124\uce58\ud0a8",
      "action_flag": 2,
      "change_message": "[{\"changed\": {\"fields\": [\"img\"]}}]"
    }
  },
  {
    "model": "admin.logentry",
    "pk": 65,
    "fields": {
      "action_time": "2019-05-05T05:46:26.274Z",
      "user": 1,
      "content_type": 13,
      "object_id": "2",
      "object_repr": "\ub124\ub124\uce58\ud0a8",
      "action_flag": 2,
      "change_message": "[{\"changed\": {\"fields\": [\"img\"]}}]"
    }
  },
  {
    "model": "admin.logentry",
    "pk": 66,
    "fields": {
      "action_time": "2019-05-05T05:46:34.399Z",
      "user": 1,
      "content_type": 13,
      "object_id": "1",
      "object_repr": "\uad7d\ub124\uce58\ud0a8",
      "action_flag": 2,
      "change_message": "[{\"changed\": {\"fields\": [\"img\"]}}]"
    }
  },
  {
    "model": "admin.logentry",
    "pk": 67,
    "fields": {
      "action_time": "2019-05-05T05:46:41.255Z",
      "user": 1,
      "content_type": 13,
      "object_id": "1",
      "object_repr": "\uad7d\ub124\uce58\ud0a8",
      "action_flag": 2,
      "change_message": "[{\"changed\": {\"fields\": [\"img\"]}}]"
    }
  },
  {
    "model": "admin.logentry",
    "pk": 68,
    "fields": {
      "action_time": "2019-05-09T02:19:20.468Z",
      "user": 1,
      "content_type": 18,
      "object_id": "1",
      "object_repr": "\uc11c\ucd082\ub3d9",
      "action_flag": 1,
      "change_message": "[{\"added\": {}}]"
    }
  },
  {
    "model": "admin.logentry",
    "pk": 69,
    "fields": {
      "action_time": "2019-05-09T02:20:21.483Z",
      "user": 1,
      "content_type": 18,
      "object_id": "1",
      "object_repr": "\uc11c\ucd082\ub3d9",
      "action_flag": 2,
      "change_message": "[]"
    }
  },
  {
    "model": "admin.logentry",
    "pk": 70,
    "fields": {
      "action_time": "2019-05-09T02:20:50.351Z",
      "user": 1,
      "content_type": 18,
      "object_id": "2",
      "object_repr": "\uc911\ub3d9",
      "action_flag": 1,
      "change_message": "[{\"added\": {}}]"
    }
  },
  {
    "model": "admin.logentry",
    "pk": 71,
    "fields": {
      "action_time": "2019-05-09T02:20:58.544Z",
      "user": 1,
      "content_type": 18,
      "object_id": "3",
      "object_repr": "\uc6a9\ub2f42\ub3d9",
      "action_flag": 1,
      "change_message": "[{\"added\": {}}]"
    }
  },
  {
    "model": "admin.logentry",
    "pk": 72,
    "fields": {
      "action_time": "2019-05-09T02:58:13.240Z",
      "user": 1,
      "content_type": 16,
      "object_id": "13",
      "object_repr": "\uace0\ucd94\ubc14\uc0ac\uc0ad - 1",
      "action_flag": 1,
      "change_message": "[{\"added\": {}}]"
    }
  },
  {
    "model": "admin.logentry",
    "pk": 73,
    "fields": {
      "action_time": "2019-05-09T02:58:59.299Z",
      "user": 1,
      "content_type": 19,
      "object_id": "c9796c0a-3554-4589-8a27-8dfc96565b04",
      "object_repr": "myunghun.shim - \uad7d\ub124\uce58\ud0a8",
      "action_flag": 1,
      "change_message": "[{\"added\": {}}]"
    }
  },
  {
    "model": "admin.logentry",
    "pk": 74,
    "fields": {
      "action_time": "2019-05-09T02:59:05.433Z",
      "user": 1,
      "content_type": 19,
      "object_id": "c9796c0a-3554-4589-8a27-8dfc96565b04",
      "object_repr": "myunghun.shim - \ub124\ub124\uce58\ud0a8",
      "action_flag": 2,
      "change_message": "[{\"changed\": {\"fields\": [\"restaurant\"]}}]"
    }
  },
  {
    "model": "admin.logentry",
    "pk": 75,
    "fields": {
      "action_time": "2019-05-09T02:59:19.152Z",
      "user": 1,
      "content_type": 19,
      "object_id": "c9796c0a-3554-4589-8a27-8dfc96565b04",
      "object_repr": "myunghun.shim - \uad7d\ub124\uce58\ud0a8",
      "action_flag": 2,
      "change_message": "[{\"changed\": {\"fields\": [\"restaurant\"]}}]"
    }
  },
  {
    "model": "admin.logentry",
    "pk": 76,
    "fields": {
      "action_time": "2019-05-09T03:10:49.895Z",
      "user": 1,
      "content_type": 12,
      "object_id": "15",
      "object_repr": "\ub0a0\uc528\ubcc4 \ucd94\ucc9c",
      "action_flag": 1,
      "change_message": "[{\"added\": {}}]"
    }
  },
  {
    "model": "admin.logentry",
    "pk": 77,
    "fields": {
      "action_time": "2019-05-09T03:11:50.292Z",
      "user": 1,
      "content_type": 12,
      "object_id": "15",
      "object_repr": "\ub0a0\uc528\ubcc4 \ucd94\ucc9c",
      "action_flag": 2,
      "change_message": "[{\"changed\": {\"fields\": [\"img\"]}}]"
    }
  },
  {
    "model": "admin.logentry",
    "pk": 78,
    "fields": {
      "action_time": "2019-05-09T03:11:55.493Z",
      "user": 1,
      "content_type": 12,
      "object_id": "15",
      "object_repr": "\ub0a0\uc528\ubcc4 \ucd94\ucc9c",
      "action_flag": 2,
      "change_message": "[{\"changed\": {\"fields\": [\"img\"]}}]"
    }
  },
  {
    "model": "admin.logentry",
    "pk": 79,
    "fields": {
      "action_time": "2019-05-09T03:14:06.042Z",
      "user": 1,
      "content_type": 12,
      "object_id": "15",
      "object_repr": "\ub0a0\uc528\ubcc4 \ucd94\ucc9c",
      "action_flag": 2,
      "change_message": "[{\"changed\": {\"fields\": [\"img\"]}}]"
    }
  },
  {
    "model": "admin.logentry",
    "pk": 80,
    "fields": {
      "action_time": "2019-05-09T05:08:12.237Z",
      "user": 1,
      "content_type": 11,
      "object_id": "5",
      "object_repr": "myunghun.shim",
      "action_flag": 2,
      "change_message": "[{\"changed\": {\"fields\": [\"address\"]}}]"
    }
  },
  {
    "model": "admin.logentry",
    "pk": 81,
    "fields": {
      "action_time": "2019-05-09T05:09:14.451Z",
      "user": 1,
      "content_type": 19,
      "object_id": "c9796c0a-3554-4589-8a27-8dfc96565b04",
      "object_repr": "myunghun.shim - \uad7d\ub124\uce58\ud0a8",
      "action_flag": 2,
      "change_message": "[{\"changed\": {\"fields\": [\"address\"]}}]"
    }
  },
  {
    "model": "admin.logentry",
    "pk": 82,
    "fields": {
      "action_time": "2019-05-09T05:11:08.096Z",
      "user": 1,
      "content_type": 19,
      "object_id": "575e6dd0-f011-4ad0-82e9-69dbb221fbad",
      "object_repr": "julsnutini - \uad7d\ub124\uce58\ud0a8",
      "action_flag": 1,
      "change_message": "[{\"added\": {}}]"
    }
  },
  {
    "model": "admin.logentry",
    "pk": 83,
    "fields": {
      "action_time": "2019-05-09T07:39:37.997Z",
      "user": 1,
      "content_type": 16,
      "object_id": "14",
      "object_repr": "\ubcfc\ucf00\uc774\ub178 - 3",
      "action_flag": 1,
      "change_message": "[{\"added\": {}}]"
    }
  },
  {
    "model": "admin.logentry",
    "pk": 84,
    "fields": {
      "action_time": "2019-05-10T05:27:34.177Z",
      "user": 1,
      "content_type": 19,
      "object_id": "b20a4bda-cf94-4ed5-88d8-e172685b89ed",
      "object_repr": "mhshimtest - \uad7d\ub124\uce58\ud0a8",
      "action_flag": 1,
      "change_message": "[{\"added\": {}}]"
    }
  },
  {
    "model": "admin.logentry",
    "pk": 85,
    "fields": {
      "action_time": "2019-05-10T05:28:31.392Z",
      "user": 1,
      "content_type": 16,
      "object_id": "15",
      "object_repr": "\ud5c8\ub2c8\uba5c\ub85c - 1",
      "action_flag": 1,
      "change_message": "[{\"added\": {}}]"
    }
  },
  {
    "model": "admin.logentry",
    "pk": 86,
    "fields": {
      "action_time": "2019-05-10T06:40:06.869Z",
      "user": 1,
      "content_type": 19,
      "object_id": "b20a4bda-cf94-4ed5-88d8-e172685b89ed",
      "object_repr": "mhshimtest - \uad7d\ub124\uce58\ud0a8",
      "action_flag": 2,
      "change_message": "[{\"changed\": {\"fields\": [\"weather\"]}}]"
    }
  },
  {
    "model": "admin.logentry",
    "pk": 87,
    "fields": {
      "action_time": "2019-05-10T06:56:29.541Z",
      "user": 1,
      "content_type": 19,
      "object_id": "1b18af72-dc08-4d16-921a-ad5b231a5dd9",
      "object_repr": "mhshimtest1 - \uad7d\ub124\uce58\ud0a8",
      "action_flag": 1,
      "change_message": "[{\"added\": {}}]"
    }
  },
  {
    "model": "admin.logentry",
    "pk": 88,
    "fields": {
      "action_time": "2019-05-10T06:57:36.897Z",
      "user": 1,
      "content_type": 16,
      "object_id": "16",
      "object_repr": "\ud5c8\ub2c8\uba5c\ub85c - 1",
      "action_flag": 1,
      "change_message": "[{\"added\": {}}]"
    }
  },
  {
    "model": "admin.logentry",
    "pk": 89,
    "fields": {
      "action_time": "2019-05-10T06:57:43.695Z",
      "user": 1,
      "content_type": 16,
      "object_id": "17",
      "object_repr": "\ud5c8\ub2c8\uba5c\ub85c - 1",
      "action_flag": 1,
      "change_message": "[{\"added\": {}}]"
    }
  },
  {
    "model": "admin.logentry",
    "pk": 90,
    "fields": {
      "action_time": "2019-05-15T02:08:38.196Z",
      "user": 1,
      "content_type": 19,
      "object_id": "c9796c0a-3554-4589-8a27-8dfc96565b04",
      "object_repr": "myunghun.shim - \uad7d\ub124\uce58\ud0a8",
      "action_flag": 2,
      "change_message": "[{\"changed\": {\"fields\": [\"weather\"]}}]"
    }
  },
  {
    "model": "admin.logentry",
    "pk": 91,
    "fields": {
      "action_time": "2019-05-15T02:08:44.292Z",
      "user": 1,
      "content_type": 19,
      "object_id": "b20a4bda-cf94-4ed5-88d8-e172685b89ed",
      "object_repr": "mhshimtest - \uad7d\ub124\uce58\ud0a8",
      "action_flag": 2,
      "change_message": "[{\"changed\": {\"fields\": [\"weather\"]}}]"
    }
  },
  {
    "model": "admin.logentry",
    "pk": 92,
    "fields": {
      "action_time": "2019-05-15T02:08:50.037Z",
      "user": 1,
      "content_type": 19,
      "object_id": "575e6dd0-f011-4ad0-82e9-69dbb221fbad",
      "object_repr": "julsnutini - \uad7d\ub124\uce58\ud0a8",
      "action_flag": 2,
      "change_message": "[{\"changed\": {\"fields\": [\"weather\"]}}]"
    }
  },
  {
    "model": "admin.logentry",
    "pk": 93,
    "fields": {
      "action_time": "2019-05-15T02:08:53.976Z",
      "user": 1,
      "content_type": 19,
      "object_id": "1b18af72-dc08-4d16-921a-ad5b231a5dd9",
      "object_repr": "mhshimtest1 - \uad7d\ub124\uce58\ud0a8",
      "action_flag": 2,
      "change_message": "[{\"changed\": {\"fields\": [\"weather\"]}}]"
    }
  },
  {
    "model": "admin.logentry",
    "pk": 94,
    "fields": {
      "action_time": "2019-05-15T07:45:06.060Z",
      "user": 1,
      "content_type": 15,
      "object_id": "5f860aa3-2fbf-46e5-b819-a7aee1c3c747",
      "object_repr": "mhshimtest - 5f860aa3-2fbf-46e5-b819-a7aee1c3c747",
      "action_flag": 1,
      "change_message": "[{\"added\": {}}]"
    }
  },
  {
    "model": "admin.logentry",
    "pk": 95,
    "fields": {
      "action_time": "2019-05-15T07:46:24.944Z",
      "user": 1,
      "content_type": 16,
      "object_id": "18",
      "object_repr": "\uace0\ucd94\ubc14\uc0ac\uc0ad - 3",
      "action_flag": 1,
      "change_message": "[{\"added\": {}}]"
    }
  },
  {
    "model": "admin.logentry",
    "pk": 96,
    "fields": {
      "action_time": "2019-05-15T07:46:58.244Z",
      "user": 1,
      "content_type": 19,
      "object_id": "999815af-e6ab-4742-a845-5ca9432b6b7e",
      "object_repr": "mhshimtest - \uad7d\ub124\uce58\ud0a8",
      "action_flag": 1,
      "change_message": "[{\"added\": {}}]"
    }
  },
  {
    "model": "admin.logentry",
    "pk": 97,
    "fields": {
      "action_time": "2019-05-15T07:48:41.927Z",
      "user": 1,
      "content_type": 15,
      "object_id": "1a337a7a-723e-4ef6-a4c4-de0825f6dffc",
      "object_repr": "mhshimtest1 - 1a337a7a-723e-4ef6-a4c4-de0825f6dffc",
      "action_flag": 1,
      "change_message": "[{\"added\": {}}]"
    }
  },
  {
    "model": "admin.logentry",
    "pk": 98,
    "fields": {
      "action_time": "2019-05-15T07:49:01.870Z",
      "user": 1,
      "content_type": 16,
      "object_id": "19",
      "object_repr": "\uac08\ube44\ucc9c\uc655 - 1",
      "action_flag": 1,
      "change_message": "[{\"added\": {}}]"
    }
  },
  {
    "model": "admin.logentry",
    "pk": 99,
    "fields": {
      "action_time": "2019-05-15T07:49:52.721Z",
      "user": 1,
      "content_type": 19,
      "object_id": "a5239bd9-0f9e-4142-900b-c8b8afc2ad26",
      "object_repr": "mhshimtest1 - \uad7d\ub124\uce58\ud0a8",
      "action_flag": 1,
      "change_message": "[{\"added\": {}}]"
    }
  },
  {
    "model": "admin.logentry",
    "pk": 100,
    "fields": {
      "action_time": "2019-05-15T07:52:29.817Z",
      "user": 1,
      "content_type": 15,
      "object_id": "60078e16-8612-4dcb-b013-18ce7bc9f174",
      "object_repr": "mhshimtest1 - 60078e16-8612-4dcb-b013-18ce7bc9f174",
      "action_flag": 1,
      "change_message": "[{\"added\": {}}]"
    }
  },
  {
    "model": "admin.logentry",
    "pk": 101,
    "fields": {
      "action_time": "2019-05-15T07:53:46.537Z",
      "user": 1,
      "content_type": 16,
      "object_id": "20",
      "object_repr": "\uace0\ucd94\ubc14\uc0ac\uc0ad - 1",
      "action_flag": 1,
      "change_message": "[{\"added\": {}}]"
    }
  },
  {
    "model": "admin.logentry",
    "pk": 102,
    "fields": {
      "action_time": "2019-05-15T07:54:12.429Z",
      "user": 1,
      "content_type": 19,
      "object_id": "188f5a97-d6a7-49eb-bddb-b7f33b818f47",
      "object_repr": "mhshimtest1 - \uad7d\ub124\uce58\ud0a8",
      "action_flag": 1,
      "change_message": "[{\"added\": {}}]"
    }
  },
  {
    "model": "admin.logentry",
    "pk": 103,
    "fields": {
      "action_time": "2019-05-15T07:54:48.024Z",
      "user": 1,
      "content_type": 15,
      "object_id": "0a5064af-91f9-4ff8-beb6-13db6d7cd1db",
      "object_repr": "mhshimtest1 - 0a5064af-91f9-4ff8-beb6-13db6d7cd1db",
      "action_flag": 1,
      "change_message": "[{\"added\": {}}]"
    }
  },
  {
    "model": "admin.logentry",
    "pk": 104,
    "fields": {
      "action_time": "2019-05-15T07:55:30.852Z",
      "user": 1,
      "content_type": 16,
      "object_id": "21",
      "object_repr": "\uac08\ube44\ucc9c\uc655 - 10",
      "action_flag": 1,
      "change_message": "[{\"added\": {}}]"
    }
  },
  {
    "model": "admin.logentry",
    "pk": 105,
    "fields": {
      "action_time": "2019-05-15T07:55:55.500Z",
      "user": 1,
      "content_type": 19,
      "object_id": "1d415736-4e7c-43a5-a706-ff5030869ecb",
      "object_repr": "mhshimtest1 - \uad7d\ub124\uce58\ud0a8",
      "action_flag": 1,
      "change_message": "[{\"added\": {}}]"
    }
  },
  {
    "model": "admin.logentry",
    "pk": 106,
    "fields": {
      "action_time": "2019-05-16T08:22:51.318Z",
      "user": 1,
      "content_type": 11,
      "object_id": "8",
      "object_repr": "mhshimtest1",
      "action_flag": 3,
      "change_message": ""
    }
  },
  {
    "model": "admin.logentry",
    "pk": 107,
    "fields": {
      "action_time": "2019-05-16T08:22:51.370Z",
      "user": 1,
      "content_type": 11,
      "object_id": "7",
      "object_repr": "mhshimtest",
      "action_flag": 3,
      "change_message": ""
    }
  },
  {
    "model": "admin.logentry",
    "pk": 108,
    "fields": {
      "action_time": "2019-05-16T08:22:51.386Z",
      "user": 1,
      "content_type": 11,
      "object_id": "6",
      "object_repr": "julsnutini",
      "action_flag": 3,
      "change_message": ""
    }
  },
  {
    "model": "admin.logentry",
    "pk": 109,
    "fields": {
      "action_time": "2019-05-16T08:22:51.396Z",
      "user": 1,
      "content_type": 11,
      "object_id": "5",
      "object_repr": "myunghun.shim",
      "action_flag": 3,
      "change_message": ""
    }
  },
  {
    "model": "admin.logentry",
    "pk": 110,
    "fields": {
      "action_time": "2019-05-16T08:27:46.545Z",
      "user": 1,
      "content_type": 19,
      "object_id": "66fd70b8-66d6-4883-8c34-d0d5bb3c57d8",
      "object_repr": "mhshimtest - \uad7d\ub124\uce58\ud0a8",
      "action_flag": 2,
      "change_message": "[{\"changed\": {\"fields\": [\"weather\"]}}]"
    }
  },
  {
    "model": "admin.logentry",
    "pk": 111,
    "fields": {
      "action_time": "2019-05-16T08:27:54.020Z",
      "user": 1,
      "content_type": 19,
      "object_id": "b69afe54-49dd-4fcc-9349-0cb210799539",
      "object_repr": "mhshimtest - \uad7d\ub124\uce58\ud0a8",
      "action_flag": 2,
      "change_message": "[{\"changed\": {\"fields\": [\"weather\"]}}]"
    }
  },
  {
    "model": "admin.logentry",
    "pk": 112,
    "fields": {
      "action_time": "2019-05-16T08:32:36.524Z",
      "user": 1,
      "content_type": 19,
      "object_id": "058518bf-7234-43a1-b653-9ceefa276436",
      "object_repr": "mhshimtest - \uad7d\ub124\uce58\ud0a8",
      "action_flag": 2,
      "change_message": "[{\"changed\": {\"fields\": [\"weather\"]}}]"
    }
  },
  {
    "model": "admin.logentry",
    "pk": 113,
    "fields": {
      "action_time": "2019-05-16T08:32:43.040Z",
      "user": 1,
      "content_type": 19,
      "object_id": "0d6da988-692f-44a2-835b-8b633b80149a",
      "object_repr": "mhshimtest - \uad7d\ub124\uce58\ud0a8",
      "action_flag": 2,
      "change_message": "[{\"changed\": {\"fields\": [\"weather\"]}}]"
    }
  },
  {
    "model": "admin.logentry",
    "pk": 114,
    "fields": {
      "action_time": "2019-05-16T08:35:56.169Z",
      "user": 1,
      "content_type": 19,
      "object_id": "66fd70b8-66d6-4883-8c34-d0d5bb3c57d8",
      "object_repr": "mhshimtest - \uad7d\ub124\uce58\ud0a8",
      "action_flag": 2,
      "change_message": "[]"
    }
  },
  {
    "model": "admin.logentry",
    "pk": 115,
    "fields": {
      "action_time": "2019-05-16T08:36:04.701Z",
      "user": 1,
      "content_type": 19,
      "object_id": "772b5ce2-a2ca-4ba5-ac99-e64726f3e703",
      "object_repr": "mhshimtest - \uad7d\ub124\uce58\ud0a8",
      "action_flag": 2,
      "change_message": "[{\"changed\": {\"fields\": [\"weather\"]}}]"
    }
  },
  {
    "model": "admin.logentry",
    "pk": 116,
    "fields": {
      "action_time": "2019-05-16T08:38:28.199Z",
      "user": 1,
      "content_type": 19,
      "object_id": "b0f90083-7c66-4617-897e-1604ade5df1e",
      "object_repr": "mhshimtest - \uad7d\ub124\uce58\ud0a8",
      "action_flag": 2,
      "change_message": "[{\"changed\": {\"fields\": [\"weather\"]}}]"
    }
  },
  {
    "model": "admin.logentry",
    "pk": 117,
    "fields": {
      "action_time": "2019-05-16T08:38:40.153Z",
      "user": 1,
      "content_type": 19,
      "object_id": "cdef90e0-86ab-484f-9086-df51b2deffd4",
      "object_repr": "mhshimtest - \uad7d\ub124\uce58\ud0a8",
      "action_flag": 2,
      "change_message": "[{\"changed\": {\"fields\": [\"weather\"]}}]"
    }
  },
  {
    "model": "admin.logentry",
    "pk": 118,
    "fields": {
      "action_time": "2019-05-16T08:38:53.870Z",
      "user": 1,
      "content_type": 19,
      "object_id": "e06c2641-0f4e-4e81-9a57-1148ff272ef8",
      "object_repr": "mhshimtest - \uad7d\ub124\uce58\ud0a8",
      "action_flag": 2,
      "change_message": "[{\"changed\": {\"fields\": [\"weather\"]}}]"
    }
  },
  {
    "model": "admin.logentry",
    "pk": 119,
    "fields": {
      "action_time": "2019-05-16T08:54:27.910Z",
      "user": 1,
      "content_type": 19,
      "object_id": "e9a6f186-9763-471a-9510-d9cea8ebebfc",
      "object_repr": "mhshimtest - \uad7d\ub124\uce58\ud0a8",
      "action_flag": 2,
      "change_message": "[{\"changed\": {\"fields\": [\"weather\"]}}]"
    }
  },
  {
    "model": "admin.logentry",
    "pk": 120,
    "fields": {
      "action_time": "2019-05-16T08:59:03.139Z",
      "user": 1,
      "content_type": 17,
      "object_id": "3",
      "object_repr": "\uc9ed\uc9e4",
      "action_flag": 1,
      "change_message": "[{\"added\": {}}]"
    }
  },
  {
    "model": "admin.logentry",
    "pk": 121,
    "fields": {
      "action_time": "2019-05-16T08:59:13.891Z",
      "user": 1,
      "content_type": 14,
      "object_id": "5",
      "object_repr": "\ud1b5\ub0a0\uac1c",
      "action_flag": 1,
      "change_message": "[{\"added\": {}}]"
    }
  },
  {
    "model": "admin.logentry",
    "pk": 122,
    "fields": {
      "action_time": "2019-05-16T08:59:55.143Z",
      "user": 1,
      "content_type": 14,
      "object_id": "6",
      "object_repr": "\ud1b5\ub2e4\ub9ac",
      "action_flag": 1,
      "change_message": "[{\"added\": {}}]"
    }
  },
  {
    "model": "admin.logentry",
    "pk": 123,
    "fields": {
      "action_time": "2019-05-16T09:03:15.337Z",
      "user": 1,
      "content_type": 19,
      "object_id": "22e512e8-d999-4fa5-b3f5-a9c5cc9ff380",
      "object_repr": "mhshimtest - \uad7d\ub124\uce58\ud0a8",
      "action_flag": 2,
      "change_message": "[{\"changed\": {\"fields\": [\"weather\"]}}]"
    }
  },
  {
    "model": "admin.logentry",
    "pk": 124,
    "fields": {
      "action_time": "2019-05-16T09:03:23.660Z",
      "user": 1,
      "content_type": 19,
      "object_id": "29311e77-08e2-4461-9811-53b6f1547b97",
      "object_repr": "mhshimtest - \uad7d\ub124\uce58\ud0a8",
      "action_flag": 2,
      "change_message": "[{\"changed\": {\"fields\": [\"weather\"]}}]"
    }
  },
  {
    "model": "admin.logentry",
    "pk": 125,
    "fields": {
      "action_time": "2019-05-16T09:03:35.184Z",
      "user": 1,
      "content_type": 19,
      "object_id": "78c2faa8-aa5d-4268-82c8-f16013b3b7ef",
      "object_repr": "mhshimtest - \uad7d\ub124\uce58\ud0a8",
      "action_flag": 2,
      "change_message": "[{\"changed\": {\"fields\": [\"weather\"]}}]"
    }
  },
  {
    "model": "admin.logentry",
    "pk": 126,
    "fields": {
      "action_time": "2019-05-16T09:03:42.367Z",
      "user": 1,
      "content_type": 19,
      "object_id": "7a46c8d3-293d-44b1-a773-5689162d2173",
      "object_repr": "mhshimtest - \uad7d\ub124\uce58\ud0a8",
      "action_flag": 2,
      "change_message": "[{\"changed\": {\"fields\": [\"weather\"]}}]"
    }
  },
  {
    "model": "admin.logentry",
    "pk": 127,
    "fields": {
      "action_time": "2019-05-16T09:04:05.137Z",
      "user": 1,
      "content_type": 19,
      "object_id": "ba2ae6f2-4136-4181-9a5a-050911cf24f4",
      "object_repr": "mhshimtest - \uad7d\ub124\uce58\ud0a8",
      "action_flag": 2,
      "change_message": "[{\"changed\": {\"fields\": [\"weather\"]}}]"
    }
  },
  {
    "model": "admin.logentry",
    "pk": 128,
    "fields": {
      "action_time": "2019-05-16T09:29:14.062Z",
      "user": 1,
      "content_type": 19,
      "object_id": "055bcdea-c2dd-4291-8931-75f2824b9661",
      "object_repr": "mhshimtest - \uad7d\ub124\uce58\ud0a8",
      "action_flag": 2,
      "change_message": "[{\"changed\": {\"fields\": [\"weather\"]}}]"
    }
  },
  {
    "model": "admin.logentry",
    "pk": 129,
    "fields": {
      "action_time": "2019-05-16T09:29:40.250Z",
      "user": 1,
      "content_type": 19,
      "object_id": "615f58ad-e82d-4898-b64f-baf2adfcf2ad",
      "object_repr": "mhshimtest - \uad7d\ub124\uce58\ud0a8",
      "action_flag": 2,
      "change_message": "[{\"changed\": {\"fields\": [\"weather\"]}}]"
    }
  },
  {
    "model": "admin.logentry",
    "pk": 130,
    "fields": {
      "action_time": "2019-05-16T09:29:54.504Z",
      "user": 1,
      "content_type": 19,
      "object_id": "70885252-75e8-4c2e-9de7-c7558bffe0cf",
      "object_repr": "mhshimtest - \uad7d\ub124\uce58\ud0a8",
      "action_flag": 2,
      "change_message": "[{\"changed\": {\"fields\": [\"weather\"]}}]"
    }
  },
  {
    "model": "admin.logentry",
    "pk": 131,
    "fields": {
      "action_time": "2019-05-16T09:30:25.463Z",
      "user": 1,
      "content_type": 19,
      "object_id": "7cc72f4a-e7e0-48e2-b9d4-8e497bacc30e",
      "object_repr": "mhshimtest - \uad7d\ub124\uce58\ud0a8",
      "action_flag": 2,
      "change_message": "[{\"changed\": {\"fields\": [\"weather\"]}}]"
    }
  },
  {
    "model": "admin.logentry",
    "pk": 132,
    "fields": {
      "action_time": "2019-05-17T04:40:40.303Z",
      "user": 1,
      "content_type": 15,
      "object_id": "fb34eb43-e301-4ffc-aecb-2ced812b01ba",
      "object_repr": "admin - fb34eb43-e301-4ffc-aecb-2ced812b01ba",
      "action_flag": 1,
      "change_message": "[{\"added\": {}}]"
    }
  },
  {
    "model": "admin.logentry",
    "pk": 133,
    "fields": {
      "action_time": "2019-05-17T04:47:40.570Z",
      "user": 1,
      "content_type": 19,
      "object_id": "72f3cb12-64e1-444a-95f5-83ce83749251",
      "object_repr": "mhshimtest - \uad7d\ub124\uce58\ud0a8",
      "action_flag": 2,
      "change_message": "[{\"changed\": {\"fields\": [\"weather\"]}}]"
    }
  },
  {
    "model": "admin.logentry",
    "pk": 134,
    "fields": {
      "action_time": "2019-05-17T04:48:41.060Z",
      "user": 1,
      "content_type": 19,
      "object_id": "89b27d6c-ac49-4c2e-981f-a0bf5c5fd4b7",
      "object_repr": "mhshimtest - \uad7d\ub124\uce58\ud0a8",
      "action_flag": 2,
      "change_message": "[{\"changed\": {\"fields\": [\"weather\"]}}]"
    }
  },
  {
    "model": "admin.logentry",
    "pk": 135,
    "fields": {
      "action_time": "2019-05-17T04:49:25.445Z",
      "user": 1,
      "content_type": 19,
      "object_id": "22e512e8-d999-4fa5-b3f5-a9c5cc9ff380",
      "object_repr": "mhshimtest - \uad7d\ub124\uce58\ud0a8",
      "action_flag": 2,
      "change_message": "[{\"changed\": {\"fields\": [\"weather\"]}}]"
    }
  },
  {
    "model": "admin.logentry",
    "pk": 136,
    "fields": {
      "action_time": "2019-05-17T04:49:39.433Z",
      "user": 1,
      "content_type": 19,
      "object_id": "cebcdeba-feba-4e05-8acf-921d3dbbb97e",
      "object_repr": "mhshimtest - \uad7d\ub124\uce58\ud0a8",
      "action_flag": 2,
      "change_message": "[{\"changed\": {\"fields\": [\"weather\"]}}]"
    }
  },
  {
    "model": "admin.logentry",
    "pk": 137,
    "fields": {
      "action_time": "2019-05-17T04:50:00.714Z",
      "user": 1,
      "content_type": 19,
      "object_id": "af56cf85-fcd0-4001-b782-5d7f6a6adf0a",
      "object_repr": "mhshimtest - \uad7d\ub124\uce58\ud0a8",
      "action_flag": 2,
      "change_message": "[{\"changed\": {\"fields\": [\"weather\"]}}]"
    }
  },
  {
    "model": "admin.logentry",
    "pk": 138,
    "fields": {
      "action_time": "2019-05-21T02:32:01.436Z",
      "user": 1,
      "content_type": 13,
      "object_id": "5",
      "object_repr": "\ud64d\ucf69\ubc18\uc810",
      "action_flag": 1,
      "change_message": "[{\"added\": {}}]"
    }
  },
  {
    "model": "admin.logentry",
    "pk": 139,
    "fields": {
      "action_time": "2019-05-21T02:42:24.649Z",
      "user": 1,
      "content_type": 14,
      "object_id": "7",
      "object_repr": "\uc9dc\uc7a5\uba74",
      "action_flag": 1,
      "change_message": "[{\"added\": {}}]"
    }
  },
  {
    "model": "admin.logentry",
    "pk": 140,
    "fields": {
      "action_time": "2019-05-21T02:42:49.752Z",
      "user": 1,
      "content_type": 14,
      "object_id": "8",
      "object_repr": "\uc911\uad6d\uc9d1",
      "action_flag": 1,
      "change_message": "[{\"added\": {}}]"
    }
  },
  {
    "model": "admin.logentry",
    "pk": 141,
    "fields": {
      "action_time": "2019-05-21T02:43:18.723Z",
      "user": 1,
      "content_type": 14,
      "object_id": "8",
      "object_repr": "\uc9dc\uc7a5\ubc25",
      "action_flag": 2,
      "change_message": "[{\"changed\": {\"fields\": [\"name\"]}}]"
    }
  },
  {
    "model": "admin.logentry",
    "pk": 142,
    "fields": {
      "action_time": "2019-05-21T02:43:48.885Z",
      "user": 1,
      "content_type": 14,
      "object_id": "9",
      "object_repr": "\uc9ec\ubf55",
      "action_flag": 1,
      "change_message": "[{\"added\": {}}]"
    }
  },
  {
    "model": "admin.logentry",
    "pk": 143,
    "fields": {
      "action_time": "2019-05-21T02:44:20.073Z",
      "user": 1,
      "content_type": 14,
      "object_id": "10",
      "object_repr": "\uc9ec\ubf55\ubc25",
      "action_flag": 1,
      "change_message": "[{\"added\": {}}]"
    }
  },
  {
    "model": "admin.logentry",
    "pk": 144,
    "fields": {
      "action_time": "2019-05-21T02:44:49.883Z",
      "user": 1,
      "content_type": 14,
      "object_id": "11",
      "object_repr": "\uad70\ub9cc\ub450",
      "action_flag": 1,
      "change_message": "[{\"added\": {}}]"
    }
  },
  {
    "model": "admin.logentry",
    "pk": 145,
    "fields": {
      "action_time": "2019-05-21T02:45:28.012Z",
      "user": 1,
      "content_type": 14,
      "object_id": "12",
      "object_repr": "\uae50\ud48d\uae30",
      "action_flag": 1,
      "change_message": "[{\"added\": {}}]"
    }
  },
  {
    "model": "admin.logentry",
    "pk": 146,
    "fields": {
      "action_time": "2019-05-21T02:45:57.706Z",
      "user": 1,
      "content_type": 14,
      "object_id": "13",
      "object_repr": "\ud0d5\uc218\uc721 \uc18c",
      "action_flag": 1,
      "change_message": "[{\"added\": {}}]"
    }
  },
  {
    "model": "admin.logentry",
    "pk": 147,
    "fields": {
      "action_time": "2019-05-21T02:46:21.993Z",
      "user": 1,
      "content_type": 14,
      "object_id": "14",
      "object_repr": "\ud0d5\uc218\uc721 \ub300",
      "action_flag": 1,
      "change_message": "[{\"added\": {}}]"
    }
  },
  {
    "model": "admin.logentry",
    "pk": 148,
    "fields": {
      "action_time": "2019-05-21T02:57:59.529Z",
      "user": 1,
      "content_type": 19,
      "object_id": "705fff2f-9883-4266-9c9a-42ee1efb1037",
      "object_repr": "mhshimtest - \ud64d\ucf69\ubc18\uc810 - weather : 1",
      "action_flag": 2,
      "change_message": "[{\"changed\": {\"fields\": [\"weather\"]}}]"
    }
  },
  {
    "model": "admin.logentry",
    "pk": 149,
    "fields": {
      "action_time": "2019-05-21T02:58:35.092Z",
      "user": 1,
      "content_type": 19,
      "object_id": "705fff2f-9883-4266-9c9a-42ee1efb1037",
      "object_repr": "mhshimtest - \ud64d\ucf69\ubc18\uc810 - weather : 2",
      "action_flag": 2,
      "change_message": "[{\"changed\": {\"fields\": [\"weather\"]}}]"
    }
  },
  {
    "model": "admin.logentry",
    "pk": 150,
    "fields": {
      "action_time": "2019-05-21T09:25:53.229Z",
      "user": 1,
      "content_type": 15,
      "object_id": "01bf0df2-7a1c-48ff-8ec2-106921d2155b",
      "object_repr": "mhshimtest - 01bf0df2-7a1c-48ff-8ec2-106921d2155b",
      "action_flag": 1,
      "change_message": "[{\"added\": {}}]"
    }
  },
  {
    "model": "admin.logentry",
    "pk": 151,
    "fields": {
      "action_time": "2019-05-21T09:26:51.622Z",
      "user": 1,
      "content_type": 16,
      "object_id": "39",
      "object_repr": "\ud0d5\uc218\uc721 \uc18c - 5",
      "action_flag": 1,
      "change_message": "[{\"added\": {}}]"
    }
  },
  {
    "model": "admin.logentry",
    "pk": 152,
    "fields": {
      "action_time": "2019-05-21T09:28:12.777Z",
      "user": 1,
      "content_type": 19,
      "object_id": "be23363e-9ee7-4441-a955-cba98b74ddaa",
      "object_repr": "mhshimtest - \ud64d\ucf69\ubc18\uc810 - weather : 1",
      "action_flag": 2,
      "change_message": "[{\"changed\": {\"fields\": [\"weather\"]}}]"
    }
  },
  {
    "model": "admin.logentry",
    "pk": 153,
    "fields": {
      "action_time": "2019-05-21T09:29:15.828Z",
      "user": 1,
      "content_type": 19,
      "object_id": "5475f56d-c173-4463-9c11-26fde93acd2c",
      "object_repr": "mhshimtest - \ud64d\ucf69\ubc18\uc810 - weather : 1",
      "action_flag": 2,
      "change_message": "[{\"changed\": {\"fields\": [\"weather\"]}}]"
    }
  },
  {
    "model": "admin.logentry",
    "pk": 154,
    "fields": {
      "action_time": "2019-05-21T09:29:25.787Z",
      "user": 1,
      "content_type": 19,
      "object_id": "93e3d362-57b7-4fff-8d8c-0015526f7ac6",
      "object_repr": "mhshimtest - \uad7d\ub124\uce58\ud0a8 - weather : 1",
      "action_flag": 2,
      "change_message": "[{\"changed\": {\"fields\": [\"weather\"]}}]"
    }
  },
  {
    "model": "admin.logentry",
    "pk": 155,
    "fields": {
      "action_time": "2019-05-21T09:30:08.418Z",
      "user": 1,
      "content_type": 19,
      "object_id": "ae5d5901-dee2-49b7-b9d9-ef7abc6b7e9d",
      "object_repr": "mhshimtest - \ud64d\ucf69\ubc18\uc810 - weather : 1",
      "action_flag": 2,
      "change_message": "[{\"changed\": {\"fields\": [\"weather\"]}}]"
    }
  },
  {
    "model": "admin.logentry",
    "pk": 156,
    "fields": {
      "action_time": "2019-05-22T01:35:24.338Z",
      "user": 1,
      "content_type": 19,
      "object_id": "9be4c8f9-2afe-47ca-8734-e3d6b53cea97",
      "object_repr": "mhshimtest - \ud64d\ucf69\ubc18\uc810 - weather : 1",
      "action_flag": 2,
      "change_message": "[{\"changed\": {\"fields\": [\"weather\"]}}]"
    }
  }
]