[{"model": "sessions.session", "pk": "1gpwfqjhc405shnn2a5csp4q9nk0y9ba", "fields": {"session_data": "YjQ3MGY3NjliNTJmZDc5NDAyZmYxZDhkMzMyYTdmZWJjZGQyZGI3NTp7Imdvb2dsZS1vYXV0aDJfc3RhdGUiOiJ1UzM0TlQ3RGFLQUtJQzhsUjdqVFE3OVdJV1dnTDVHRSIsIl9hdXRoX3VzZXJfaWQiOiIxNyIsIl9hdXRoX3VzZXJfYmFja2VuZCI6InNvY2lhbF9jb3JlLmJhY2tlbmRzLmdvb2dsZS5Hb29nbGVPQXV0aDIiLCJfYXV0aF91c2VyX2hhc2giOiIwM2I1ZmYzNzBlM2U2NGJjMmMzMWZmYjE1Zjg1NzNlNmZiOWRjOTA0Iiwic29jaWFsX2F1dGhfbGFzdF9sb2dpbl9iYWNrZW5kIjoiZ29vZ2xlLW9hdXRoMiJ9", "expire_date": "2019-07-16T06:05:26.218Z"}}, {"model": "sessions.session", "pk": "2eddyvoexokyqwycuun57qf31ev13afo", "fields": {"session_data": "Mzk1NDk2ODZkZjQxNjk2MWU5NTZjNzE1ODkwYzRlZWY1NWE5OWI4Mjp7Imdvb2dsZS1vYXV0aDJfc3RhdGUiOiJpdWd0YTFpT2dYaDZWakdrY2hIVk1YT2FOZ0pEQlY0TSIsIl9hdXRoX3VzZXJfaWQiOiI5IiwiX2F1dGhfdXNlcl9iYWNrZW5kIjoic29jaWFsX2NvcmUuYmFja2VuZHMuZ29vZ2xlLkdvb2dsZU9BdXRoMiIsIl9hdXRoX3VzZXJfaGFzaCI6ImJiMzFkNjE0ZjAxMzk5MGViYThhZjlmMzk1N2ZkYmU2OTQzZDZhNzkiLCJzb2NpYWxfYXV0aF9sYXN0X2xvZ2luX2JhY2tlbmQiOiJnb29nbGUtb2F1dGgyIn0=", "expire_date": "2019-07-16T08:12:14.562Z"}}, {"model": "sessions.session", "pk": "b98ti84t3hy6jgw3ywfuo8ckvz11y2n0", "fields": {"session_data": "MDQyYWE5YTIwZmUwNTI3ZWIwNDI2ZDI1MWQ2NWViMGNjMDMzZGM3Mzp7Imdvb2dsZS1vYXV0aDJfc3RhdGUiOiJyQjBGNEZ0d2w5SHF3dTdSSDZWSDY2S0pBSk1TTHpTcCIsIl9hdXRoX3VzZXJfaWQiOiI5IiwiX2F1dGhfdXNlcl9iYWNrZW5kIjoic29jaWFsX2NvcmUuYmFja2VuZHMuZ29vZ2xlLkdvb2dsZU9BdXRoMiIsIl9hdXRoX3VzZXJfaGFzaCI6ImJiMzFkNjE0ZjAxMzk5MGViYThhZjlmMzk1N2ZkYmU2OTQzZDZhNzkiLCJzb2NpYWxfYXV0aF9sYXN0X2xvZ2luX2JhY2tlbmQiOiJnb29nbGUtb2F1dGgyIn0=", "expire_date": "2019-05-30T09:05:14.889Z"}}, {"model": "sessions.session", "pk": "buxan7cco117tfms5qqozjo298dhtks0", "fields": {"session_data": "MmUyMzM4YTRjNjdkMjFkOTNjZmFiM2E3NDA3Y2I3MDVmNWU0M2Y3Mjp7Imdvb2dsZS1vYXV0aDJfc3RhdGUiOiJ2THlOY1lSWEZDT3gzY0hOckVMa3B6VGtvRTFoZGFCaCIsIl9hdXRoX3VzZXJfaWQiOiIxNiIsIl9hdXRoX3VzZXJfYmFja2VuZCI6InNvY2lhbF9jb3JlLmJhY2tlbmRzLmdvb2dsZS5Hb29nbGVPQXV0aDIiLCJfYXV0aF91c2VyX2hhc2giOiJjZWYzNGQxZWJjMjdiNGVkMjE5N2FmMTJmOGUwMjU0NDM2ZDQxZjY5Iiwic29jaWFsX2F1dGhfbGFzdF9sb2dpbl9iYWNrZW5kIjoiZ29vZ2xlLW9hdXRoMiJ9", "expire_date": "2019-07-16T05:58:13.036Z"}}, {"model": "sessions.session", "pk": "dqjj2bppzuufinic4v7r9t12y2bn932o", "fields": {"session_data": "NzRmMTMzNzQ5MTdiYTQzM2RmYWY0NWM2OWU3ZjViMjBhZGI5N2U3MTp7Imdvb2dsZS1vYXV0aDJfc3RhdGUiOiIzUEU1akFmaXpDMUhnY3ZiNmdkd2Y0bEgycGZJQ21kSiIsIl9hdXRoX3VzZXJfaWQiOiIxMCIsIl9hdXRoX3VzZXJfYmFja2VuZCI6InNvY2lhbF9jb3JlLmJhY2tlbmRzLmdvb2dsZS5Hb29nbGVPQXV0aDIiLCJfYXV0aF91c2VyX2hhc2giOiJmMTEwMGZiODhlNmMxOGZhZjJmZGZiYThjZTE3OWMxNWVjYmE1NmRmIiwic29jaWFsX2F1dGhfbGFzdF9sb2dpbl9iYWNrZW5kIjoiZ29vZ2xlLW9hdXRoMiJ9", "expire_date": "2019-05-31T02:28:00.894Z"}}, {"model": "sessions.session", "pk": "fcsutyk9v3fcl2r81egw5elwlwuew5hu", "fields": {"session_data": "M2MzMmNhZGYyOWIzYWRlZDI3YzYxMjkyMGU2YjcyMDI2MjAzOThlZDp7Imdvb2dsZS1vYXV0aDJfc3RhdGUiOiI4Rm9oNGtscEwyektWSXBmd095QjlpME16aERsZkFPQiIsIl9hdXRoX3VzZXJfaWQiOiIxIiwiX2F1dGhfdXNlcl9iYWNrZW5kIjoiZGphbmdvLmNvbnRyaWIuYXV0aC5iYWNrZW5kcy5Nb2RlbEJhY2tlbmQiLCJfYXV0aF91c2VyX2hhc2giOiI2NWUzZmYzMDQxMTVhODM0YTM2ZjA3MjU2OTExOTRhMWI4NThjODJlIn0=", "expire_date": "2019-06-04T09:25:39.390Z"}}, {"model": "sessions.session", "pk": "pttmhe09u28nf06sl2etoykztcosbbvt", "fields": {"session_data": "MzUyMmE5NjYxOTBiMDdkZTY1YmE3ZmIxYTNmZTA5NTZjNzgxOTg5Yjp7Il9hdXRoX3VzZXJfaWQiOiIxIiwiX2F1dGhfdXNlcl9iYWNrZW5kIjoiZGphbmdvLmNvbnRyaWIuYXV0aC5iYWNrZW5kcy5Nb2RlbEJhY2tlbmQiLCJfYXV0aF91c2VyX2hhc2giOiI2NWUzZmYzMDQxMTVhODM0YTM2ZjA3MjU2OTExOTRhMWI4NThjODJlIn0=", "expire_date": "2019-06-28T05:46:23.316Z"}}, {"model": "sessions.session", "pk": "pwzmspwge5xjtl0zdpe1ddjmfuu6bbd4", "fields": {"session_data": "MzUyMmE5NjYxOTBiMDdkZTY1YmE3ZmIxYTNmZTA5NTZjNzgxOTg5Yjp7Il9hdXRoX3VzZXJfaWQiOiIxIiwiX2F1dGhfdXNlcl9iYWNrZW5kIjoiZGphbmdvLmNvbnRyaWIuYXV0aC5iYWNrZW5kcy5Nb2RlbEJhY2tlbmQiLCJfYXV0aF91c2VyX2hhc2giOiI2NWUzZmYzMDQxMTVhODM0YTM2ZjA3MjU2OTExOTRhMWI4NThjODJlIn0=", "expire_date": "2019-06-13T05:42:46.970Z"}}, {"model": "sessions.session", "pk": "uiyz5pvq77jkwjf4pmee07mj5jtvvmhd", "fields": {"session_data": "YzZmNGI4ZjMyODE4NzUyNjdkMzM4MDNjMTE3ZGMxYjFlNjQ2MmRjNTp7Imdvb2dsZS1vYXV0aDJfc3RhdGUiOiJNUGlpRGtPQ0ZKQVpRYlZxNjhra0tVWUJCcWNOZ1NVZCIsIl9hdXRoX3VzZXJfaWQiOiI5IiwiX2F1dGhfdXNlcl9iYWNrZW5kIjoic29jaWFsX2NvcmUuYmFja2VuZHMuZ29vZ2xlLkdvb2dsZU9BdXRoMiIsIl9hdXRoX3VzZXJfaGFzaCI6ImJiMzFkNjE0ZjAxMzk5MGViYThhZjlmMzk1N2ZkYmU2OTQzZDZhNzkiLCJzb2NpYWxfYXV0aF9sYXN0X2xvZ2luX2JhY2tlbmQiOiJnb29nbGUtb2F1dGgyIn0=", "expire_date": "2019-06-17T01:09:33.114Z"}}, {"model": "sessions.session", "pk": "vnl1559si7hgw5fp1rr604xyiau9gi5o", "fields": {"session_data": "MWU5NzE3MTdlMmVmNDE2MzBlYzI5M2JjZjhlMjgzMjc3OTRmODQ3NDp7Imdvb2dsZS1vYXV0aDJfc3RhdGUiOiIwaDhjTlZIUExNQ2JaUjRsdUtPazJYT1BrUjlMemdEeCIsIl9hdXRoX3VzZXJfaWQiOiIxOCIsIl9hdXRoX3VzZXJfYmFja2VuZCI6InNvY2lhbF9jb3JlLmJhY2tlbmRzLmdvb2dsZS5Hb29nbGVPQXV0aDIiLCJfYXV0aF91c2VyX2hhc2giOiI3M2VlZWUxYTgzY2E2Zjc0YTcyMjFlMGRiOGIxZmFkNmU5ZTlhMTdkIiwic29jaWFsX2F1dGhfbGFzdF9sb2dpbl9iYWNrZW5kIjoiZ29vZ2xlLW9hdXRoMiJ9", "expire_date": "2019-07-16T06:06:32.566Z"}}, {"model": "sessions.session", "pk": "y4mvexe6wywfo9wbv4leo8ghe10vxhxs", "fields": {"session_data": "ODVhZmQ5MTY0OWNhMzZiNTcwZjljNDIwYjgwYzdmMWVkYjM4NTAxMDp7Imdvb2dsZS1vYXV0aDJfc3RhdGUiOiJMNjN3M0FKbFZHNFJoUk5JZUZoSWE4TEdNOXdSaUVkWCIsIl9hdXRoX3VzZXJfaWQiOiI5IiwiX2F1dGhfdXNlcl9iYWNrZW5kIjoic29jaWFsX2NvcmUuYmFja2VuZHMuZ29vZ2xlLkdvb2dsZU9BdXRoMiIsIl9hdXRoX3VzZXJfaGFzaCI6ImJiMzFkNjE0ZjAxMzk5MGViYThhZjlmMzk1N2ZkYmU2OTQzZDZhNzkiLCJzb2NpYWxfYXV0aF9sYXN0X2xvZ2luX2JhY2tlbmQiOiJnb29nbGUtb2F1dGgyIn0=", "expire_date": "2019-05-30T09:30:33.834Z"}}, {"model": "sessions.session", "pk": "yjtk887wd55lv7xjmltfo6lbp70jlw82", "fields": {"session_data": "MDk1OTMyYmUyODBiYjRjMTc0OWM5NTkwMjFiMGE3MTRjYmEyMGMxOTp7Imdvb2dsZS1vYXV0aDJfc3RhdGUiOiJCRmJ5SGlHMFNWMUw2TXRvaGVScDJPZzlIaXVvSm4zUCIsIl9hdXRoX3VzZXJfaWQiOiIxMiIsIl9hdXRoX3VzZXJfYmFja2VuZCI6InNvY2lhbF9jb3JlLmJhY2tlbmRzLmdvb2dsZS5Hb29nbGVPQXV0aDIiLCJfYXV0aF91c2VyX2hhc2giOiIwYjk4MGFiNDUxNWIxMGZlMWY2MDcyY2E4M2Y5OTM1NDdhNzg0NWZiIiwic29jaWFsX2F1dGhfbGFzdF9sb2dpbl9iYWNrZW5kIjoiZ29vZ2xlLW9hdXRoMiJ9", "expire_date": "2019-06-14T02:11:55.501Z"}}, {"model": "sessions.session", "pk": "z0rseas65nsmdnrl0wm0fd20h5swhqv0", "fields": {"session_data": "YmE1MThlMDkwMGM3Y2QwZmMzYjA1MDNjZTQyZTAwZGFiZjA4NjBmYzp7Imdvb2dsZS1vYXV0aDJfc3RhdGUiOiJwOHU1akxqTm1NMUlqYWpqU0JJQjg0cEtxYVpSQkQ4QiIsIl9hdXRoX3VzZXJfaWQiOiIxMSIsIl9hdXRoX3VzZXJfYmFja2VuZCI6InNvY2lhbF9jb3JlLmJhY2tlbmRzLmdvb2dsZS5Hb29nbGVPQXV0aDIiLCJfYXV0aF91c2VyX2hhc2giOiI0YjFjMWFhNTIyODI0NzRjYjk1OWM4Mjk0OTE2NWY5NjM3ZTA3ZTcxIiwic29jaWFsX2F1dGhfbGFzdF9sb2dpbl9iYWNrZW5kIjoiZ29vZ2xlLW9hdXRoMiJ9", "expire_date": "2019-06-03T05:50:16.019Z"}}, {"model": "accounts.taste", "pk": 1, "fields": {"created_time": "2019-05-02T07:49:55.498Z", "updated_time": "2019-05-02T07:49:55.498Z", "name": "\ub2ec\ucf64"}}, {"model": "accounts.taste", "pk": 2, "fields": {"created_time": "2019-05-02T13:35:22.073Z", "updated_time": "2019-05-02T13:35:22.073Z", "name": "\ub9e4\ucf64"}}, {"model": "accounts.taste", "pk": 3, "fields": {"created_time": "2019-05-16T08:59:03.124Z", "updated_time": "2019-05-16T08:59:03.124Z", "name": "\uc9ed\uc9e4"}}, {"model": "accounts.taste", "pk": 4, "fields": {"created_time": "2019-05-29T05:34:22.186Z", "updated_time": "2019-05-29T05:34:22.186Z", "name": "\ucac4\uae43"}}, {"model": "accounts.taste", "pk": 5, "fields": {"created_time": "2019-05-30T16:21:46.189Z", "updated_time": "2019-05-30T16:21:46.189Z", "name": "#\ub9e4\uc6b4\ub9db"}}, {"model": "accounts.taste", "pk": 6, "fields": {"created_time": "2019-05-30T16:21:56.021Z", "updated_time": "2019-05-30T16:21:56.021Z", "name": "#\uad6d\ubb3c"}}, {"model": "accounts.taste", "pk": 7, "fields": {"created_time": "2019-05-30T16:22:06.570Z", "updated_time": "2019-05-30T16:22:06.570Z", "name": "#\uc5bc\ud070\ud55c\ub9db"}}, {"model": "accounts.taste", "pk": 8, "fields": {"created_time": "2019-05-30T16:23:27.848Z", "updated_time": "2019-05-30T16:23:27.848Z", "name": "#\uba74\ub958"}}, {"model": "accounts.taste", "pk": 9, "fields": {"created_time": "2019-05-30T16:23:41.921Z", "updated_time": "2019-05-30T16:23:41.921Z", "name": "#\ub290\ub07c\ud55c\ub9db"}}, {"model": "accounts.taste", "pk": 10, "fields": {"created_time": "2019-05-30T16:25:02.497Z", "updated_time": "2019-05-30T16:25:02.497Z", "name": "#\ud280\uae40\ub958"}}, {"model": "accounts.taste", "pk": 11, "fields": {"created_time": "2019-05-30T16:28:03.506Z", "updated_time": "2019-05-30T16:28:03.506Z", "name": "#\ud574\ubb3c"}}, {"model": "accounts.taste", "pk": 12, "fields": {"created_time": "2019-05-30T16:29:11.541Z", "updated_time": "2019-05-30T16:29:11.541Z", "name": "#\ubc25\ub958"}}, {"model": "accounts.taste", "pk": 13, "fields": {"created_time": "2019-05-31T01:28:37.502Z", "updated_time": "2019-05-31T01:28:37.502Z", "name": "#\uac04\uc7a5\uc18c\uc2a4"}}, {"model": "accounts.taste", "pk": 14, "fields": {"created_time": "2019-05-31T01:37:48.889Z", "updated_time": "2019-05-31T01:37:48.890Z", "name": "#\ub9e4\ucf64\ud55c\ub9db"}}, {"model": "accounts.taste", "pk": 15, "fields": {"created_time": "2019-05-31T01:56:31.805Z", "updated_time": "2019-05-31T01:56:31.805Z", "name": "#\uce58\uc988"}}, {"model": "accounts.user", "pk": 1, "fields": {"password": "pbkdf2_sha256$120000$Xx7NGr8gCJaQ$IN+jMOWkNF5HR2ZALji/q6eX1mIgpzfAP2vn8FLTXp8=", "last_login": "2019-07-02T07:05:49.766Z", "is_superuser": true, "username": "admin", "first_name": "", "last_name": "", "email": "admin@admin.com", "is_staff": true, "is_active": true, "date_joined": "2019-04-29T10:28:01.843Z", "phone": "0212341234", "address": "1", "address_detail": "", "user_type": 1, "deactivate_date": null, "groups": [], "user_permissions": [], "tastes": [3], "subscribed_restaurants": [11, 5, 9, 10, 1]}}, {"model": "accounts.user", "pk": 9, "fields": {"password": "!9lRw5i6UULqJwaKUVrCX1biLshWKubXukGKatV3a", "last_login": "2019-07-02T08:12:14.552Z", "is_superuser": false, "username": "\uc720\uc8001", "first_name": "test", "last_name": "test", "email": "mhshimtest@gmail.com", "is_staff": false, "is_active": true, "date_joined": "2019-05-16T08:23:14Z", "phone": "010-6638-1491", "address": "\uc11c\uc6b8\uc2dc \uc11c\ucd08\uad6c \uc11c\ucd082\ub3d9 \ud790\uc2a4\ud14c\uc774\ud2b8 102\ub3d9 101\ud638", "address_detail": "\uc11c\ucd082\ub3d9 \ub9c8\uc81c\uc2a4\ud0c0 \uc2dc\ud2f0 \ud0c0\uc6cc 2", "user_type": 1, "deactivate_date": null, "groups": [], "user_permissions": [], "tastes": [10, 11], "subscribed_restaurants": [3, 9, 1, 10, 6, 5, 8, 7]}}, {"model": "accounts.user", "pk": 10, "fields": {"password": "!Ktw13NesYvB2w22NQpJmUDa182bC3FeOCOjsqHIS", "last_login": "2019-05-17T02:28:00.883Z", "is_superuser": false, "username": "sora.son", "first_name": "Sora", "last_name": "Son", "email": "sora.son@deliveryhero.co.kr", "is_staff": false, "is_active": true, "date_joined": "2019-05-17T02:28:00.776Z", "phone": "010-1111-1111", "address": "\uc11c\uc6b8 \ud2b9\ubcc4\uc2dc \uc11c\ucd08\uad6c", "address_detail": "\ub9c8\uc81c\uc2a4\uc2dc\ud2f0", "user_type": 1, "deactivate_date": null, "groups": [], "user_permissions": [], "tastes": [], "subscribed_restaurants": []}}, {"model": "accounts.user", "pk": 11, "fields": {"password": "!bp65MNX3vxAy7G7wgQJx5C7Tz4oFulYW1FQCSTFk", "last_login": "2019-07-01T05:37:30.277Z", "is_superuser": false, "username": "julsnutini", "first_name": "\uba85\ud6c8", "last_name": "\uc2ec", "email": "julsnutini@gmail.com", "is_staff": false, "is_active": true, "date_joined": "2019-05-20T05:50:15.693Z", "phone": "", "address": "", "address_detail": "", "user_type": 1, "deactivate_date": null, "groups": [], "user_permissions": [], "tastes": [], "subscribed_restaurants": []}}, {"model": "accounts.user", "pk": 12, "fields": {"password": "!1q5H5587B9oJZKevGaZkDmLlV6uUivpR1Y174tMr", "last_login": "2019-05-31T07:28:07.254Z", "is_superuser": false, "username": "taehyoung.kwon", "first_name": "Taehyoung", "last_name": "Kwon", "email": "taehyoung.kwon@deliveryhero.co.kr", "is_staff": false, "is_active": true, "date_joined": "2019-05-30T09:46:57.654Z", "phone": "010-7331-4120", "address": "\ub9c8\uc870\ub85c 15\uae38 14-1", "address_detail": "201\ud638", "user_type": 1, "deactivate_date": null, "groups": [], "user_permissions": [], "tastes": [5], "subscribed_restaurants": [7]}}, {"model": "accounts.user", "pk": 13, "fields": {"password": "pbkdf2_sha256$120000$DrH8SHdnJ6Jp$cLRFEvXqNhX1atL4D1+Zs+dqcmJRbB48oMl+cHvssGI=", "last_login": "2019-05-31T02:11:44Z", "is_superuser": true, "username": "thkwon", "first_name": "", "last_name": "", "email": "123@123.com", "is_staff": true, "is_active": true, "date_joined": "2019-05-30T16:13:01Z", "phone": "", "address": "", "address_detail": "", "user_type": 1, "deactivate_date": null, "groups": [], "user_permissions": [], "tastes": [], "subscribed_restaurants": []}}, {"model": "accounts.user", "pk": 14, "fields": {"password": "!fjW2GdYVtOS64eMChQCSwnExAjvDTSqlLpFsRwN8", "last_login": "2019-07-02T07:54:00.581Z", "is_superuser": false, "username": "\uc0ac\uc7a5\ub2d8", "first_name": "test", "last_name": "test", "email": "mhshimtest1@gmail.com", "is_staff": true, "is_active": true, "date_joined": "2019-05-31T06:02:33Z", "phone": "", "address": "", "address_detail": "", "user_type": 1, "deactivate_date": null, "groups": [], "user_permissions": [], "tastes": [], "subscribed_restaurants": []}}, {"model": "accounts.user", "pk": 15, "fields": {"password": "!Wgi3RjUswScNpdiRBJq3Hiazc7eD0Z1arBmyuxqZ", "last_login": "2019-07-01T05:30:53Z", "is_superuser": false, "username": "myunghun.shim", "first_name": "Myunghun", "last_name": "Shim", "email": "myunghun.shim@deliveryhero.co.kr", "is_staff": true, "is_active": true, "date_joined": "2019-07-01T05:30:52Z", "phone": "", "address": "", "address_detail": "", "user_type": 1, "deactivate_date": null, "groups": [], "user_permissions": [], "tastes": [], "subscribed_restaurants": []}}, {"model": "accounts.user", "pk": 16, "fields": {"password": "!jbRp4NSZScFaoXR8lx5jIq6KIrHfJVHFv6M3ceSI", "last_login": "2019-07-02T06:03:50.992Z", "is_superuser": false, "username": "yogiyotestuser2", "first_name": "\uc0ac\uc6a9\uc7902", "last_name": "\uc694\uae30\uc694", "email": "yogiyotestuser2@gmail.com", "is_staff": false, "is_active": true, "date_joined": "2019-07-02T05:20:33.258Z", "phone": "", "address": "", "address_detail": "", "user_type": 1, "deactivate_date": null, "groups": [], "user_permissions": [], "tastes": [], "subscribed_restaurants": []}}, {"model": "accounts.user", "pk": 17, "fields": {"password": "!E2EYsElnAV1PRENNN6euhG98b6j4YOUTpsLQ6GuC", "last_login": "2019-07-02T06:05:26.207Z", "is_superuser": false, "username": "kth5604", "first_name": "\uc720\uc5f0\ud55c\uc678\uacec", "last_name": "", "email": "kth5604@gmail.com", "is_staff": false, "is_active": true, "date_joined": "2019-07-02T06:01:41.455Z", "phone": "010-7331-4120", "address": "\uc11c\uc6b8\uc2dc \uc11c\ucd08\uad6c \uc11c\ucd082\ub3d9 \ud790\uc2a4\ud14c\uc774\ud2b8 ", "address_detail": "103\ub3d9 302\ud638", "user_type": 1, "deactivate_date": null, "groups": [], "user_permissions": [], "tastes": [5, 8, 6], "subscribed_restaurants": []}}, {"model": "accounts.user", "pk": 18, "fields": {"password": "!9vidsPPkISamw6lMVaZ4ActxVSdH9GVy3YUulxf7", "last_login": "2019-07-02T06:06:32.557Z", "is_superuser": false, "username": "ssora6553", "first_name": "Sora", "last_name": "Son", "email": "ssora6553@gmail.com", "is_staff": false, "is_active": true, "date_joined": "2019-07-02T06:06:32.484Z", "phone": "010-7738-2375", "address": "\uc11c\uc6b8\uc2dc \uc11c\ucd08\uad6c \uc11c\ucd082\ub3d9", "address_detail": "\ud790\uc2a4\ud14c\uc774\ud2b8 909\ud638", "user_type": 1, "deactivate_date": null, "groups": [], "user_permissions": [], "tastes": [1, 15], "subscribed_restaurants": []}}, {"model": "category.category", "pk": 3, "fields": {"created_time": "2019-05-20T05:59:55.600Z", "updated_time": "2019-05-20T05:59:55.609Z", "name": "\uc804\uccb4\ubcf4\uae30", "img": "category/category-01.png"}}, {"model": "category.category", "pk": 4, "fields": {"created_time": "2019-05-20T05:59:55.600Z", "updated_time": "2019-05-20T05:59:55.609Z", "name": "1\uc778\ubd84 \uc8fc\ubb38", "img": "category/category-onedish.png"}}, {"model": "category.category", "pk": 5, "fields": {"created_time": "2019-05-20T05:59:55.600Z", "updated_time": "2019-05-20T05:59:55.609Z", "name": "\ud504\ub79c\ucc28\uc774\uc988", "img": "category/category-10.png"}}, {"model": "category.category", "pk": 6, "fields": {"created_time": "2019-05-20T05:59:55.600Z", "updated_time": "2019-05-20T05:59:55.609Z", "name": "\uce58\ud0a8", "img": "category/category-02.png"}}, {"model": "category.category", "pk": 7, "fields": {"created_time": "2019-05-20T05:59:55.600Z", "updated_time": "2019-05-20T05:59:55.609Z", "name": "\ud53c\uc790/\uc591\uc2dd", "img": "category/category-03.png"}}, {"model": "category.category", "pk": 8, "fields": {"created_time": "2019-05-20T05:59:55.600Z", "updated_time": "2019-05-20T05:59:55.609Z", "name": "\uc911\uad6d\uc9d1", "img": "category/category-04.png"}}, {"model": "category.category", "pk": 9, "fields": {"created_time": "2019-05-20T05:59:55.600Z", "updated_time": "2019-05-20T05:59:55.609Z", "name": "\ud55c\uc2dd", "img": "category/category-05.png"}}, {"model": "category.category", "pk": 10, "fields": {"created_time": "2019-05-20T05:59:55.600Z", "updated_time": "2019-05-20T05:59:55.609Z", "name": "\uc77c\uc2dd/\ub3c8\uae4c\uc2a4", "img": "category/category-06.png"}}, {"model": "category.category", "pk": 11, "fields": {"created_time": "2019-05-20T05:59:55.600Z", "updated_time": "2019-05-20T05:59:55.609Z", "name": "\uc871\ubc1c/\ubcf4\uc308", "img": "category/category-07.png"}}, {"model": "category.category", "pk": 12, "fields": {"created_time": "2019-05-20T05:59:55.600Z", "updated_time": "2019-05-20T05:59:55.609Z", "name": "\uc57c\uc2dd", "img": "category/category-08.png"}}, {"model": "category.category", "pk": 13, "fields": {"created_time": "2019-05-20T05:59:55.600Z", "updated_time": "2019-05-20T05:59:55.609Z", "name": "\ubd84\uc2dd", "img": "category/category-09.png"}}, {"model": "category.category", "pk": 14, "fields": {"created_time": "2019-05-20T05:59:55.600Z", "updated_time": "2019-05-20T05:59:55.609Z", "name": "\uce74\ud398/\ub514\uc800\ud2b8", "img": "category/category-11.png"}}, {"model": "category.category", "pk": 15, "fields": {"created_time": "2019-05-20T05:59:55.600Z", "updated_time": "2019-05-20T05:59:55.609Z", "name": "\ub0a0\uc528\ubcc4 \ucd94\ucc9c", "img": "category/\u1102\u1161\u11af\u110a\u1175_ZRr3ijj.jpg"}}, {"model": "restaurant.restaurant", "pk": 1, "fields": {"created_time": "2019-05-20T05:59:55.665Z", "updated_time": "2019-07-02T03:14:51.121Z", "name": "\uad7d\ub124\uce58\ud0a8", "owner": "\uae40\uad7d\ub124", "store_owner": 14, "title": "\uad7d\ub124\uce58\ud0a8-\uc11c\ucd08\uc810", "img": "restaurant/2019/05/05/\u1100\u116e\u11b8\u1102\u1166\u110e\u1175\u110f\u1175\u11ab.jpg", "tel": "01034345666", "min_order_price": 17000, "order_way": "\ud604\uc7a5\uacb0\uc81c", "origin": "\uad6d\ub0b4\uc0b0\uc785\ub2c8\ub2e4", "delivery_charge": 2000, "info": "\ub9db\uc788\uc2b5\ub2c8\ub2e4", "event": "\uce58\ud0a8 \ud560\uc778 \uc774\ubca4\ud2b8", "event_img": "", "type": "\uc694\uae30\uc694 \ub4f1\ub85d \uc74c\uc2dd\uc810", "estimated_delivery_time": "00:40:00", "operation_start_hour": "11:00:00", "operation_end_hour": "23:00:00", "is_yosigy": true, "category": [6], "like": []}}, {"model": "restaurant.restaurant", "pk": 2, "fields": {"created_time": "2019-05-20T05:59:55.665Z", "updated_time": "2019-06-13T06:01:39.549Z", "name": "\ub124\ub124\uce58\ud0a8", "owner": "\uae40\ub124\ub124", "store_owner": 9, "title": "\ub124\ub124\uce58\ud0a8-\uc11c\ucd08\uc810", "img": "restaurant/2019/05/05/\u1102\u1166\u1102\u1166\u110e\u1175\u110f\u1175\u11ab.png", "tel": "0277777777", "min_order_price": 20000, "order_way": "\ud604\uc7a5\uacb0\uc81c", "origin": "\uad6d\ub0b4\uc0b0", "delivery_charge": 2000, "info": "\ub9db\uc788\ub294 \ub124\ub124\uce58\ud0a8\uc785\ub2c8\ub2e4.", "event": "", "event_img": "", "type": "\uc694\uae30\uc694 \ub4f1\ub85d \uc74c\uc2dd\uc810", "estimated_delivery_time": "00:30:00", "operation_start_hour": "11:30:00", "operation_end_hour": "23:40:00", "is_yosigy": true, "category": [6], "like": []}}, {"model": "restaurant.restaurant", "pk": 3, "fields": {"created_time": "2019-05-20T05:59:55.665Z", "updated_time": "2019-05-27T08:20:08.434Z", "name": "\ud398\ub9ac\uce74\ub098", "owner": "\ud3a0\ub9ac\ucee8", "store_owner": 9, "title": "\ud398\ub9ac\uce74\ub098-\uc11c\ucd08\uc810", "img": "restaurant/2019/05/05/\u1111\u1166\u1105\u1175\u110f\u1161\u1102\u1161.jpeg", "tel": "0288885555", "min_order_price": 14000, "order_way": "\ud604\uc7a5\uacb0\uc81c", "origin": "\uad6d\ub0b4\uc0b0", "delivery_charge": 1000, "info": "\uc804\ud1b5\uc788\ub294 \ub9db\uc9d1", "event": "", "event_img": "", "type": "\uc694\uae30\uc694 \ub4f1\ub85d \uc74c\uc2dd\uc810", "estimated_delivery_time": "00:20:00", "operation_start_hour": "09:40:00", "operation_end_hour": "23:20:00", "is_yosigy": false, "category": [6], "like": []}}, {"model": "restaurant.restaurant", "pk": 5, "fields": {"created_time": "2019-05-21T02:32:01.282Z", "updated_time": "2019-06-12T15:24:18.445Z", "name": "\ud64d\ucf69\ubc18\uc810", "owner": "\ubc31\uc885\uc6d0", "store_owner": 9, "title": "\ud64d\ucf69\ubc18\uc810-\uc11c\ucd08\uc810", "img": "restaurant/2019/05/21/\u1112\u1169\u11bc\u110f\u1169\u11bc\u1107\u1161\u11ab\u110c\u1165\u11b7.jpeg", "tel": "0234568764", "min_order_price": 10000, "order_way": "\ud604\uc7a5\uacb0\uc81c", "origin": "\ub2e8\ubb34\uc9c0 \uad6d\ub0b4\uc0b0\r\n\uae40\uce58 \uc911\uad6d\uc0b0", "delivery_charge": 2000, "info": "\uc9c1\uc811 \ubcf6\uc740 \ucd98\uc7a5", "event": "", "event_img": "", "type": "\uc694\uae30\uc694 \ub4f1\ub85d \uc74c\uc2dd\uc810", "estimated_delivery_time": "00:25:00", "operation_start_hour": "11:00:00", "operation_end_hour": "20:00:00", "is_yosigy": true, "category": [8], "like": []}}, {"model": "restaurant.restaurant", "pk": 6, "fields": {"created_time": "2019-05-29T05:32:51.203Z", "updated_time": "2019-06-12T13:10:19.546Z", "name": "\ucc99\ud69f\uc9d1", "owner": "\ucc99\ucc99\ubc15\uc0ac", "store_owner": 9, "title": "\ucc99\ud69f\uc9d1 - \uc0bc\ucc99\uc810", "img": "restaurant/2019/05/29/\u110e\u1165\u11a8\u1112\u116c\u11ba\u110c\u1175\u11b8.png", "tel": "0224564568", "min_order_price": 15000, "order_way": "\ud604\uc7a5\uacb0\uc81c", "origin": "\ubaa8\ub4e0 \uba54\ub274 \uad6d\ub0b4\uc0b0\r\n\uc640\uc0ac\ube44 \uad6d\ub0b4\uc0b0", "delivery_charge": 2000, "info": "\uc2f1\uc2f1\ud55c \ud65c\uc5b4\ud68c\ub9cc \ucde8\uae09\ud569\ub2c8\ub2e4.", "event": "", "event_img": "", "type": "\uc694\uae30\uc694 \ub4f1\ub85d \uc74c\uc2dd\uc810", "estimated_delivery_time": "00:30:00", "operation_start_hour": "11:00:00", "operation_end_hour": "21:00:00", "is_yosigy": true, "category": [10], "like": []}}, {"model": "restaurant.restaurant", "pk": 7, "fields": {"created_time": "2019-05-30T16:15:36.369Z", "updated_time": "2019-07-02T06:20:11.472Z", "name": "\uae08\ub8e1", "owner": "\uad8c\ud0dc\ud615", "store_owner": 14, "title": "\uae08\ub8e1 \ud55c\uc591\ub300\uc810", "img": "restaurant/2019/05/31/chinese.jpg", "tel": "010-7331-4120", "min_order_price": 15000, "order_way": "\uc8fc\ubb38\ubc29\uc2dd", "origin": "\uc6d0\uc0b0\uc9c0", "delivery_charge": 2000, "info": "\uc5c6\uc74c", "event": "", "event_img": "", "type": "\uc694\uae30\uc694\ub4f1\ub85d\uc74c\uc2dd\uc810", "estimated_delivery_time": "01:14:52", "operation_start_hour": "13:00:00", "operation_end_hour": "22:00:00", "is_yosigy": true, "category": [8], "like": []}}, {"model": "restaurant.restaurant", "pk": 8, "fields": {"created_time": "2019-05-30T16:18:09.567Z", "updated_time": "2019-07-02T03:14:59.693Z", "name": "\uad50\ucd0c\uce58\ud0a8", "owner": "\uad8c\ud0dc\ud615", "store_owner": 14, "title": "\uad50\ucd0c\uce58\ud0a8 \ud55c\uc591\ub300\uc810", "img": "restaurant/2019/05/31/kyochon.jpeg", "tel": "010-7331-4120", "min_order_price": 14000, "order_way": "\uc8fc\ubb38\ubc29\uc2dd", "origin": "\uc6d0\uc0b0\uc9c0", "delivery_charge": 2000, "info": "\uc0ac\uc7a5\ub2d8 \uc54c\ub9bc\ub9d0", "event": "", "event_img": "", "type": "\uc694\uae30\uc694\ub4f1\ub85d\uc74c\uc2dd\uc810", "estimated_delivery_time": "01:18:08", "operation_start_hour": "01:18:07", "operation_end_hour": "01:18:07", "is_yosigy": true, "category": [6], "like": []}}, {"model": "restaurant.restaurant", "pk": 9, "fields": {"created_time": "2019-05-30T16:19:54.842Z", "updated_time": "2019-06-13T15:43:44.408Z", "name": "\uc2e0\uc804 \ub5a1\ubcf6\uc774", "owner": "\uad8c\ud0dc\ud615", "store_owner": 9, "title": "\uc2e0\uc804 \ub5a1\ubcf6\uc774 \ud55c\uc591\ub300\uc810", "img": "restaurant/2019/05/31/sinjeon.jpeg", "tel": "010-7331-4120", "min_order_price": 15000, "order_way": "\uc8fc\ubb38\ubc29\uc2dd", "origin": "\uc6d0\uc0b0\uc9c0", "delivery_charge": 2000, "info": "\uc5c6\uc74c", "event": "", "event_img": "", "type": "\uc694\uae30\uc694\ub4f1\ub85d\uc74c\uc2dd\uc810", "estimated_delivery_time": "00:30:00", "operation_start_hour": "09:00:00", "operation_end_hour": "18:00:00", "is_yosigy": true, "category": [13], "like": []}}, {"model": "restaurant.restaurant", "pk": 10, "fields": {"created_time": "2019-05-31T05:14:27.873Z", "updated_time": "2019-07-02T03:14:43.877Z", "name": "\ud638\uce58\ud0a8", "owner": "\ud638\uce58\ud0a8", "store_owner": 14, "title": "\ud638\uce58\ud0a8-\uc11c\ucd08\uc810", "img": "restaurant/2019/05/31/\u1112\u1169\u110e\u1175\u110f\u1175\u11ab.png", "tel": "02345457", "min_order_price": 20000, "order_way": "\ud604\uc7a5\uacb0\uc81c", "origin": "\uad6d\ub0b4\uc0b0", "delivery_charge": 2000, "info": "\uc800\ub834\ud558\uace0 \ub9db\uc788\ub294 \ud638\uce58\ud0a8\uc785\ub2c8\ub2e4 !", "event": "", "event_img": "", "type": "\uc694\uae30\uc694 \ub4f1\ub85d \uc74c\uc2dd\uc810", "estimated_delivery_time": "00:18:00", "operation_start_hour": "11:00:00", "operation_end_hour": "20:00:00", "is_yosigy": true, "category": [6], "like": []}}, {"model": "restaurant.restaurant", "pk": 11, "fields": {"created_time": "2019-06-13T09:30:42.676Z", "updated_time": "2019-07-01T08:15:51.498Z", "name": "\ud53c\uc790\ud5db", "owner": "\uae40\ud53c\uc790", "store_owner": 9, "title": "\ud53c\uc790\ud5db-\uc11c\ucd08\uc810", "img": "restaurant/2019/06/14/\u1111\u1175\u110c\u1161\u1112\u1165\u11ba.png", "tel": "0234561345", "min_order_price": 30000, "order_way": "\ud604\uc7a5\uacb0\uc81c", "origin": "\uad6d\ub0b4\uc0b0 \uce58\uc988\uc785\ub2c8\ub2e4", "delivery_charge": 2000, "info": "\uc790\uc5f0\uc0b0 \uce58\uc988\uc785\ub2c8\ub2e4.", "event": "\uce58\uc988 \uc8fc\ub294 \uc774\ubca4\ud2b8", "event_img": "restaurant/event/2019/06/13/\u1111\u1175\u110c\u1161\u1112\u1165\u11ba.png", "type": "\uc694\uae30\uc694 \ub4f1\ub85d \uc74c\uc2dd\uc810", "estimated_delivery_time": "00:40:00", "operation_start_hour": "11:00:00", "operation_end_hour": "23:00:00", "is_yosigy": true, "category": [7], "like": []}}, {"model": "restaurant.restauranttimeline", "pk": 14, "fields": {"created_time": "2019-06-13T09:33:59.996Z", "updated_time": "2019-06-13T09:33:59.996Z", "restaurant": 1, "status": 2, "changed_data": "\uce58\ud0a8 \ud560\uc778 \uc774\ubca4\ud2b8", "changed_img": "", "prior_info": "", "post_info": "", "timeline_type": 2, "changed_field": "event", "yosigy": null, "like": [1]}}, {"model": "restaurant.restauranttimeline", "pk": 15, "fields": {"created_time": "2019-06-13T09:34:00.020Z", "updated_time": "2019-06-14T05:46:57.331Z", "restaurant": 1, "status": 2, "changed_data": "", "changed_img": "", "prior_info": "10:00-22:00", "post_info": "11:00-23:00", "timeline_type": 3, "changed_field": "\uc6b4\uc601\uc2dc\uac04", "yosigy": null, "like": []}}, {"model": "restaurant.restauranttimeline", "pk": 24, "fields": {"created_time": "2019-06-13T09:49:23.365Z", "updated_time": "2019-06-14T05:34:09.701Z", "restaurant": 11, "status": 2, "changed_data": "\uce58\uc988 \uc8fc\ub294 \uc774\ubca4\ud2b8", "changed_img": "restaurant/event/2019/06/13/\u1111\u1175\u110c\u1161\u1112\u1165\u11ba.png", "prior_info": "", "post_info": "", "timeline_type": 2, "changed_field": "\uc774\ubca4\ud2b8", "yosigy": null, "like": []}}, {"model": "restaurant.restauranttimeline", "pk": 25, "fields": {"created_time": "2019-06-13T15:40:14.969Z", "updated_time": "2019-06-14T05:34:02.898Z", "restaurant": 10, "status": 2, "changed_data": "\uc800\ub834\ud558\uace0 \ub9db\uc788\ub294 \ud638\uce58\ud0a8\uc785\ub2c8\ub2e4 !", "changed_img": "", "prior_info": "", "post_info": "", "timeline_type": 1, "changed_field": "\uc0ac\uc7a5\ub2d8 \uc54c\ub9bc", "yosigy": null, "like": []}}, {"model": "restaurant.restauranttimeline", "pk": 27, "fields": {"created_time": "2019-06-13T15:43:01.029Z", "updated_time": "2019-06-14T05:33:56.202Z", "restaurant": 9, "status": 2, "changed_data": "", "changed_img": "", "prior_info": "01:19:52", "post_info": "00:30:00", "timeline_type": 4, "changed_field": "\uc608\uc0c1\ubc30\ub2ec\uc2dc\uac04", "yosigy": null, "like": []}}, {"model": "restaurant.restauranttimeline", "pk": 28, "fields": {"created_time": "2019-06-13T15:43:44.396Z", "updated_time": "2019-06-14T05:33:44.263Z", "restaurant": 9, "status": 2, "changed_data": "", "changed_img": "", "prior_info": "01:19-01:19", "post_info": "09:00-18:00", "timeline_type": 3, "changed_field": "\uc6b4\uc601\uc2dc\uac04", "yosigy": null, "like": []}}, {"model": "restaurant.restauranttimeline", "pk": 31, "fields": {"created_time": "2019-07-02T03:22:09.381Z", "updated_time": "2019-07-02T03:22:09.381Z", "restaurant": 8, "status": 1, "changed_data": "", "changed_img": "", "prior_info": "", "post_info": "", "timeline_type": 5, "changed_field": "\uc694\uc2dd\uc774 \uc2dd\uad8c \uc774\ubca4\ud2b8", "yosigy": 12, "like": [9]}}, {"model": "restaurant.restauranttimeline", "pk": 32, "fields": {"created_time": "2019-07-02T06:26:00.731Z", "updated_time": "2019-07-02T06:26:00.731Z", "restaurant": 10, "status": 1, "changed_data": "", "changed_img": "", "prior_info": "", "post_info": "", "timeline_type": 5, "changed_field": "\uc694\uc2dd\uc774 \uc2dd\uad8c \uc774\ubca4\ud2b8", "yosigy": 13, "like": [1, 9]}}, {"model": "restaurant.restauranttimeline", "pk": 33, "fields": {"created_time": "2019-07-02T07:05:24.983Z", "updated_time": "2019-07-02T07:05:24.983Z", "restaurant": 1, "status": 1, "changed_data": "", "changed_img": "", "prior_info": "", "post_info": "", "timeline_type": 5, "changed_field": "\uc694\uc2dd\uc774 \uc2dd\uad8c \uc774\ubca4\ud2b8", "yosigy": 14, "like": []}}, {"model": "restaurant.restauranttimeline", "pk": 34, "fields": {"created_time": "2019-07-02T08:11:52.626Z", "updated_time": "2019-07-02T08:11:52.626Z", "restaurant": 7, "status": 1, "changed_data": "", "changed_img": "", "prior_info": "", "post_info": "", "timeline_type": 5, "changed_field": "\uc694\uc2dd\uc774 \uc2dd\uad8c \uc774\ubca4\ud2b8", "yosigy": 15, "like": [9]}}, {"model": "yosigy.yosigy", "pk": 12, "fields": {"created_time": "2019-07-02T03:22:09.373Z", "updated_time": "2019-07-02T03:22:09.373Z", "restaurant": 8, "user": 14, "deadline": "2019-07-12", "notice": "\ub9db\uc788\ub294 \uad50\ucd0c \uce58\ud0a8 \ud55c\uc591\ub300\uc810 \uc694\uc2dd\uc774 \uc774\ubca4\ud2b8\ud569\ub2c8\ub2e4.", "min_price": 50000}}, {"model": "yosigy.yosigy", "pk": 13, "fields": {"created_time": "2019-07-02T06:26:00.727Z", "updated_time": "2019-07-02T06:27:37.225Z", "restaurant": 10, "user": 14, "deadline": "2019-07-12", "notice": "\uc2f8\uace0 \uc800\ub834\ud55c \ud638\uce58\ud0a8 \uc694\uc2dd\uc774 \uc774\ubca4\ud2b8\uc785\ub2c8\ub2e4", "min_price": 50000}}, {"model": "yosigy.yosigy", "pk": 14, "fields": {"created_time": "2019-07-02T07:05:24.978Z", "updated_time": "2019-07-02T07:05:24.978Z", "restaurant": 1, "user": 14, "deadline": "2019-07-12", "notice": "\uae30\ub984 \uc3d9 \ube60\uc9c4 \uad7d\ub124\uce58\ud0a8 \uc694\uc2dd\uc774 \uc774\ubca4\ud2b8", "min_price": 60000}}, {"model": "yosigy.yosigy", "pk": 15, "fields": {"created_time": "2019-07-02T08:11:52.620Z", "updated_time": "2019-07-02T08:11:52.620Z", "restaurant": 7, "user": 14, "deadline": "2019-07-12", "notice": "\uc694\uc2dd\uc774 \uc774\ubca4\ud2b8\ud569\ub2c8\ub2e4.", "min_price": 40000}}, {"model": "yosigy.yosigymenu", "pk": 24, "fields": {"created_time": "2019-07-02T03:22:09.375Z", "updated_time": "2019-07-02T03:22:09.375Z", "discounted_price": 16000, "menu": 28, "yosigy": 12}}, {"model": "yosigy.yosigymenu", "pk": 25, "fields": {"created_time": "2019-07-02T03:22:09.375Z", "updated_time": "2019-07-02T03:22:09.375Z", "discounted_price": 13000, "menu": 29, "yosigy": 12}}, {"model": "yosigy.yosigymenu", "pk": 26, "fields": {"created_time": "2019-07-02T03:22:09.375Z", "updated_time": "2019-07-02T03:22:09.375Z", "discounted_price": 12000, "menu": 30, "yosigy": 12}}, {"model": "yosigy.yosigymenu", "pk": 27, "fields": {"created_time": "2019-07-02T03:22:09.375Z", "updated_time": "2019-07-02T03:22:09.375Z", "discounted_price": 15000, "menu": 32, "yosigy": 12}}, {"model": "yosigy.yosigymenu", "pk": 28, "fields": {"created_time": "2019-07-02T06:26:00.729Z", "updated_time": "2019-07-02T06:34:45.817Z", "discounted_price": 15000, "menu": 67, "yosigy": 13}}, {"model": "yosigy.yosigymenu", "pk": 29, "fields": {"created_time": "2019-07-02T07:05:24.981Z", "updated_time": "2019-07-02T07:05:24.981Z", "discounted_price": 16000, "menu": 1, "yosigy": 14}}, {"model": "yosigy.yosigymenu", "pk": 30, "fields": {"created_time": "2019-07-02T08:11:52.623Z", "updated_time": "2019-07-02T08:11:52.623Z", "discounted_price": 4000, "menu": 23, "yosigy": 15}}, {"model": "yosigy.yosigymenu", "pk": 31, "fields": {"created_time": "2019-07-02T08:11:52.623Z", "updated_time": "2019-07-02T08:11:52.623Z", "discounted_price": 16000, "menu": 25, "yosigy": 15}}, {"model": "yosigy.yosigymenu", "pk": 32, "fields": {"created_time": "2019-07-02T08:11:52.623Z", "updated_time": "2019-07-02T08:11:52.623Z", "discounted_price": 25000, "menu": 64, "yosigy": 15}}, {"model": "yosigy.yosigyticket", "pk": 81, "fields": {"created_time": "2019-07-02T03:23:10.953Z", "updated_time": "2019-07-02T03:23:10.953Z", "user": 9, "yosigy_menu": 24, "menu": 28, "expire_time": "2019-07-12T03:23:10.953Z", "status": 2}}, {"model": "yosigy.yosigyticket", "pk": 82, "fields": {"created_time": "2019-07-02T03:23:10.953Z", "updated_time": "2019-07-02T03:23:10.953Z", "user": 9, "yosigy_menu": 24, "menu": 28, "expire_time": "2019-07-12T03:23:10.953Z", "status": 3}}, {"model": "yosigy.yosigyticket", "pk": 83, "fields": {"created_time": "2019-07-02T03:23:10.954Z", "updated_time": "2019-07-02T03:23:10.954Z", "user": 9, "yosigy_menu": 25, "menu": 29, "expire_time": "2019-07-12T03:23:10.953Z", "status": 2}}, {"model": "yosigy.yosigyticket", "pk": 84, "fields": {"created_time": "2019-07-02T03:23:10.954Z", "updated_time": "2019-07-02T03:23:10.954Z", "user": 9, "yosigy_menu": 25, "menu": 29, "expire_time": "2019-07-12T03:23:10.953Z", "status": 3}}, {"model": "yosigy.yosigyticket", "pk": 85, "fields": {"created_time": "2019-07-02T06:31:14.246Z", "updated_time": "2019-07-02T06:31:14.246Z", "user": 9, "yosigy_menu": 24, "menu": 28, "expire_time": "2019-07-12T06:31:14.245Z", "status": 2}}, {"model": "yosigy.yosigyticket", "pk": 86, "fields": {"created_time": "2019-07-02T06:31:14.246Z", "updated_time": "2019-07-02T06:31:14.246Z", "user": 9, "yosigy_menu": 24, "menu": 28, "expire_time": "2019-07-12T06:31:14.245Z", "status": 2}}, {"model": "yosigy.yosigyticket", "pk": 87, "fields": {"created_time": "2019-07-02T06:31:14.246Z", "updated_time": "2019-07-02T06:31:14.246Z", "user": 9, "yosigy_menu": 24, "menu": 28, "expire_time": "2019-07-12T06:31:14.246Z", "status": 2}}, {"model": "yosigy.yosigyticket", "pk": 88, "fields": {"created_time": "2019-07-02T06:31:14.246Z", "updated_time": "2019-07-02T06:31:14.246Z", "user": 9, "yosigy_menu": 24, "menu": 28, "expire_time": "2019-07-12T06:31:14.246Z", "status": 2}}, {"model": "yosigy.yosigyticket", "pk": 89, "fields": {"created_time": "2019-07-02T06:31:14.247Z", "updated_time": "2019-07-02T06:31:14.247Z", "user": 9, "yosigy_menu": 24, "menu": 28, "expire_time": "2019-07-12T06:31:14.246Z", "status": 2}}, {"model": "yosigy.yosigyticket", "pk": 90, "fields": {"created_time": "2019-07-02T06:31:14.247Z", "updated_time": "2019-07-02T06:31:14.247Z", "user": 9, "yosigy_menu": 24, "menu": 28, "expire_time": "2019-07-12T06:31:14.246Z", "status": 2}}, {"model": "yosigy.yosigyticket", "pk": 91, "fields": {"created_time": "2019-07-02T06:31:14.247Z", "updated_time": "2019-07-02T06:31:14.247Z", "user": 9, "yosigy_menu": 24, "menu": 28, "expire_time": "2019-07-12T06:31:14.246Z", "status": 2}}, {"model": "yosigy.yosigyticket", "pk": 92, "fields": {"created_time": "2019-07-02T06:31:14.247Z", "updated_time": "2019-07-02T06:31:14.247Z", "user": 9, "yosigy_menu": 24, "menu": 28, "expire_time": "2019-07-12T06:31:14.246Z", "status": 2}}, {"model": "yosigy.yosigyticket", "pk": 93, "fields": {"created_time": "2019-07-02T06:31:14.247Z", "updated_time": "2019-07-02T06:31:14.247Z", "user": 9, "yosigy_menu": 24, "menu": 28, "expire_time": "2019-07-12T06:31:14.246Z", "status": 2}}, {"model": "yosigy.yosigyticket", "pk": 94, "fields": {"created_time": "2019-07-02T06:31:14.247Z", "updated_time": "2019-07-02T06:31:14.247Z", "user": 9, "yosigy_menu": 24, "menu": 28, "expire_time": "2019-07-12T06:31:14.246Z", "status": 2}}, {"model": "yosigy.yosigyticket", "pk": 95, "fields": {"created_time": "2019-07-02T06:31:14.247Z", "updated_time": "2019-07-02T06:31:14.247Z", "user": 9, "yosigy_menu": 24, "menu": 28, "expire_time": "2019-07-12T06:31:14.246Z", "status": 2}}, {"model": "yosigy.yosigyticket", "pk": 96, "fields": {"created_time": "2019-07-02T06:31:14.247Z", "updated_time": "2019-07-02T06:31:14.247Z", "user": 9, "yosigy_menu": 24, "menu": 28, "expire_time": "2019-07-12T06:31:14.246Z", "status": 2}}, {"model": "yosigy.yosigyticket", "pk": 97, "fields": {"created_time": "2019-07-02T06:31:14.247Z", "updated_time": "2019-07-02T06:31:14.247Z", "user": 9, "yosigy_menu": 24, "menu": 28, "expire_time": "2019-07-12T06:31:14.246Z", "status": 2}}, {"model": "yosigy.yosigyticket", "pk": 98, "fields": {"created_time": "2019-07-02T06:31:14.247Z", "updated_time": "2019-07-02T06:31:14.247Z", "user": 9, "yosigy_menu": 24, "menu": 28, "expire_time": "2019-07-12T06:31:14.246Z", "status": 3}}, {"model": "yosigy.yosigyticket", "pk": 99, "fields": {"created_time": "2019-07-02T06:31:14.248Z", "updated_time": "2019-07-02T06:31:14.248Z", "user": 9, "yosigy_menu": 25, "menu": 29, "expire_time": "2019-07-12T06:31:14.246Z", "status": 3}}, {"model": "yosigy.yosigyticket", "pk": 100, "fields": {"created_time": "2019-07-02T06:31:14.248Z", "updated_time": "2019-07-02T06:31:14.248Z", "user": 9, "yosigy_menu": 25, "menu": 29, "expire_time": "2019-07-12T06:31:14.246Z", "status": 2}}, {"model": "yosigy.yosigyticket", "pk": 101, "fields": {"created_time": "2019-07-02T06:35:30.005Z", "updated_time": "2019-07-02T06:35:30.005Z", "user": 9, "yosigy_menu": 28, "menu": 67, "expire_time": "2019-07-12T06:35:30.005Z", "status": 2}}, {"model": "yosigy.yosigyticket", "pk": 102, "fields": {"created_time": "2019-07-02T06:35:30.005Z", "updated_time": "2019-07-02T06:35:30.005Z", "user": 9, "yosigy_menu": 28, "menu": 67, "expire_time": "2019-07-12T06:35:30.005Z", "status": 3}}, {"model": "yosigy.yosigyticket", "pk": 103, "fields": {"created_time": "2019-07-02T06:35:30.005Z", "updated_time": "2019-07-02T06:35:30.005Z", "user": 9, "yosigy_menu": 28, "menu": 67, "expire_time": "2019-07-12T06:35:30.005Z", "status": 2}}, {"model": "yosigy.yosigyticket", "pk": 104, "fields": {"created_time": "2019-07-02T06:35:30.005Z", "updated_time": "2019-07-02T06:35:30.005Z", "user": 9, "yosigy_menu": 28, "menu": 67, "expire_time": "2019-07-12T06:35:30.005Z", "status": 2}}, {"model": "yosigy.yosigyticket", "pk": 105, "fields": {"created_time": "2019-07-02T08:12:51.478Z", "updated_time": "2019-07-02T08:12:51.478Z", "user": 9, "yosigy_menu": 30, "menu": 23, "expire_time": "2019-07-12T08:12:51.477Z", "status": 2}}, {"model": "yosigy.yosigyticket", "pk": 106, "fields": {"created_time": "2019-07-02T08:12:51.478Z", "updated_time": "2019-07-02T08:12:51.478Z", "user": 9, "yosigy_menu": 31, "menu": 25, "expire_time": "2019-07-12T08:12:51.477Z", "status": 2}}, {"model": "yosigy.yosigyticket", "pk": 107, "fields": {"created_time": "2019-07-02T08:12:51.478Z", "updated_time": "2019-07-02T08:12:51.478Z", "user": 9, "yosigy_menu": 31, "menu": 25, "expire_time": "2019-07-12T08:12:51.477Z", "status": 3}}, {"model": "yosigy.yosigyticket", "pk": 108, "fields": {"created_time": "2019-07-02T08:12:51.478Z", "updated_time": "2019-07-02T08:12:51.478Z", "user": 9, "yosigy_menu": 31, "menu": 25, "expire_time": "2019-07-12T08:12:51.477Z", "status": 2}}, {"model": "yosigy.ticketpayment", "pk": 12, "fields": {"created_time": "2019-07-02T03:23:10.957Z", "updated_time": "2019-07-02T03:23:10.957Z", "user": 9, "restaurant": 8, "total_price": 58000, "yosigy_ticket": [81, 82, 83, 84]}}, {"model": "yosigy.ticketpayment", "pk": 13, "fields": {"created_time": "2019-07-02T06:31:14.254Z", "updated_time": "2019-07-02T06:31:14.254Z", "user": 9, "restaurant": 8, "total_price": 250000, "yosigy_ticket": [96, 97, 98, 99, 100, 85, 86, 87, 88, 89, 90, 91, 92, 93, 94, 95]}}, {"model": "yosigy.ticketpayment", "pk": 14, "fields": {"created_time": "2019-07-02T06:35:30.008Z", "updated_time": "2019-07-02T06:35:30.008Z", "user": 9, "restaurant": 10, "total_price": 60000, "yosigy_ticket": [104, 101, 102, 103]}}, {"model": "yosigy.ticketpayment", "pk": 15, "fields": {"created_time": "2019-07-02T08:12:51.482Z", "updated_time": "2019-07-02T08:12:51.482Z", "user": 9, "restaurant": 7, "total_price": 52000, "yosigy_ticket": [105, 106, 107, 108]}}, {"model": "cart.cart", "pk": "01458ff3-5f2b-4975-8fd5-bd09a71196cc", "fields": {"created_time": "2019-05-31T07:26:09.073Z", "updated_time": "2019-05-31T07:26:09.073Z", "user": 9}}, {"model": "cart.cart", "pk": "01bf0df2-7a1c-48ff-8ec2-106921d2155b", "fields": {"created_time": "2019-05-21T09:25:53.215Z", "updated_time": "2019-05-21T09:25:53.215Z", "user": 9}}, {"model": "cart.cart", "pk": "04d49ad6-79da-459e-afde-b18a8118fbd7", "fields": {"created_time": "2019-05-22T01:35:00.351Z", "updated_time": "2019-05-22T01:35:00.351Z", "user": 9}}, {"model": "cart.cart", "pk": "071805f7-81ee-4cb0-a32c-50a9a48b941e", "fields": {"created_time": "2019-05-17T06:06:02.356Z", "updated_time": "2019-05-17T06:06:02.356Z", "user": 9}}, {"model": "cart.cart", "pk": "075e1d56-3427-4486-90d1-d97daafda34e", "fields": {"created_time": "2019-05-31T02:06:53.962Z", "updated_time": "2019-05-31T02:06:53.962Z", "user": 12}}, {"model": "cart.cart", "pk": "1085b4e3-bbf5-4aab-83fc-a11795758cf2", "fields": {"created_time": "2019-05-16T09:27:41.948Z", "updated_time": "2019-05-16T09:27:41.948Z", "user": 9}}, {"model": "cart.cart", "pk": "1085db2e-216d-4e71-8ea1-905870fcb316", "fields": {"created_time": "2019-05-16T08:32:23.989Z", "updated_time": "2019-05-16T08:32:23.989Z", "user": 9}}, {"model": "cart.cart", "pk": "10c0dbec-a807-4da6-9c51-4b74b5ca61b7", "fields": {"created_time": "2019-05-29T12:35:44.804Z", "updated_time": "2019-05-29T12:35:44.804Z", "user": 9}}, {"model": "cart.cart", "pk": "1404ee19-c201-4d95-aab1-b0a9fa4b272c", "fields": {"created_time": "2019-05-16T09:28:33.444Z", "updated_time": "2019-05-16T09:28:33.444Z", "user": 9}}, {"model": "cart.cart", "pk": "1de31266-3d35-4d9e-8a38-29f7edc5022e", "fields": {"created_time": "2019-06-18T09:31:33.919Z", "updated_time": "2019-06-18T09:31:33.919Z", "user": 9}}, {"model": "cart.cart", "pk": "1f634289-94e2-4ad5-a4b6-1491d881c68e", "fields": {"created_time": "2019-05-30T12:52:05.413Z", "updated_time": "2019-05-30T12:52:05.413Z", "user": 9}}, {"model": "cart.cart", "pk": "20d39f28-95b8-46ab-b8c9-685f3ae18bad", "fields": {"created_time": "2019-05-20T05:50:15.793Z", "updated_time": "2019-05-20T05:50:15.793Z", "user": 11}}, {"model": "cart.cart", "pk": "22f23f8c-d536-4dcb-8712-d2c6d978f1d0", "fields": {"created_time": "2019-05-16T08:53:27.686Z", "updated_time": "2019-05-16T08:53:27.686Z", "user": 9}}, {"model": "cart.cart", "pk": "29512485-6237-48ad-a684-ce358f069abd", "fields": {"created_time": "2019-05-31T02:12:32.490Z", "updated_time": "2019-05-31T02:12:32.490Z", "user": 12}}, {"model": "cart.cart", "pk": "2a04f034-7cd5-4327-8204-7cada08eaa79", "fields": {"created_time": "2019-05-16T09:01:01.132Z", "updated_time": "2019-05-16T09:01:01.132Z", "user": 9}}, {"model": "cart.cart", "pk": "2b25e2cd-b901-48ed-8c4f-142456dc2c72", "fields": {"created_time": "2019-05-22T08:46:45.702Z", "updated_time": "2019-05-22T08:46:45.702Z", "user": 9}}, {"model": "cart.cart", "pk": "305e82c0-d065-4569-8644-eac938ea60bc", "fields": {"created_time": "2019-05-16T08:30:11.052Z", "updated_time": "2019-05-16T08:30:11.053Z", "user": 9}}, {"model": "cart.cart", "pk": "309cbb5a-d351-449c-8760-ec81b9c97b1a", "fields": {"created_time": "2019-05-31T02:04:33.840Z", "updated_time": "2019-05-31T02:04:33.840Z", "user": 12}}, {"model": "cart.cart", "pk": "33797e8a-a220-482c-9b76-102fe726c878", "fields": {"created_time": "2019-05-17T04:46:03.865Z", "updated_time": "2019-05-17T04:46:03.865Z", "user": 9}}, {"model": "cart.cart", "pk": "33b31269-47e6-4365-a9c9-dfc6f6c46e02", "fields": {"created_time": "2019-07-01T05:30:52.523Z", "updated_time": "2019-07-01T05:30:52.523Z", "user": 15}}, {"model": "cart.cart", "pk": "3625fd0d-2c1b-4c4c-84cd-79f4a2b4dbae", "fields": {"created_time": "2019-07-02T05:20:33.311Z", "updated_time": "2019-07-02T05:20:33.311Z", "user": 16}}, {"model": "cart.cart", "pk": "38aa7c1d-70cd-41d3-9644-8f5443f76fe0", "fields": {"created_time": "2019-05-31T06:02:33.138Z", "updated_time": "2019-05-31T06:02:33.138Z", "user": 14}}, {"model": "cart.cart", "pk": "3cbcce41-07c1-48d6-9f34-72213eb874f4", "fields": {"created_time": "2019-05-31T01:11:06.406Z", "updated_time": "2019-05-31T01:11:06.406Z", "user": 12}}, {"model": "cart.cart", "pk": "3f9be8a6-3178-40dc-952c-4ea6343e6bd4", "fields": {"created_time": "2019-07-02T05:25:27.226Z", "updated_time": "2019-07-02T05:25:27.226Z", "user": 16}}, {"model": "cart.cart", "pk": "45b8e3fc-1a1f-4fa6-8db6-0094f34759cc", "fields": {"created_time": "2019-05-29T12:39:29.763Z", "updated_time": "2019-05-29T12:39:29.763Z", "user": 9}}, {"model": "cart.cart", "pk": "47d14986-07f8-4081-bd96-32eb70327d78", "fields": {"created_time": "2019-05-30T13:04:38.530Z", "updated_time": "2019-05-30T13:04:38.530Z", "user": 9}}, {"model": "cart.cart", "pk": "4f0ad4fc-e7e2-4ada-97f0-b2885ec8c280", "fields": {"created_time": "2019-05-17T04:46:38.344Z", "updated_time": "2019-05-17T04:46:38.344Z", "user": 9}}, {"model": "cart.cart", "pk": "525afb3a-016f-4a5f-939b-d87e6e9e5fc0", "fields": {"created_time": "2019-07-02T06:42:29.097Z", "updated_time": "2019-07-02T06:42:29.097Z", "user": 9}}, {"model": "cart.cart", "pk": "52f36a01-06e1-4532-af57-ac0cfb753739", "fields": {"created_time": "2019-06-18T01:24:18.467Z", "updated_time": "2019-06-18T01:24:18.467Z", "user": 9}}, {"model": "cart.cart", "pk": "538f0878-c06c-45d0-b50a-43c0ef5275a9", "fields": {"created_time": "2019-05-31T02:29:19.739Z", "updated_time": "2019-05-31T02:29:19.739Z", "user": 12}}, {"model": "cart.cart", "pk": "5631b2b3-3270-4c17-90fa-08c9e6a0969b", "fields": {"created_time": "2019-05-22T08:24:14.843Z", "updated_time": "2019-05-22T08:24:14.843Z", "user": 9}}, {"model": "cart.cart", "pk": "56e32587-2633-46be-ae48-6fc61fa8aabc", "fields": {"created_time": "2019-05-16T09:02:26.003Z", "updated_time": "2019-05-16T09:02:26.003Z", "user": 9}}, {"model": "cart.cart", "pk": "5794abcb-da66-499c-b618-701182784644", "fields": {"created_time": "2019-05-17T04:32:09.970Z", "updated_time": "2019-05-17T04:32:09.970Z", "user": 9}}, {"model": "cart.cart", "pk": "5aba95ed-c993-4bc3-bd3d-fec797d29f94", "fields": {"created_time": "2019-05-31T02:13:06.749Z", "updated_time": "2019-05-31T02:13:06.749Z", "user": 12}}, {"model": "cart.cart", "pk": "63f7a4fb-615c-4faa-92c7-d274ea04011c", "fields": {"created_time": "2019-05-31T06:16:44.604Z", "updated_time": "2019-05-31T06:16:44.604Z", "user": 9}}, {"model": "cart.cart", "pk": "669500c7-eb32-4cb1-94f9-74a56efe0284", "fields": {"created_time": "2019-05-31T06:12:03.095Z", "updated_time": "2019-05-31T06:12:03.095Z", "user": 12}}, {"model": "cart.cart", "pk": "685cf5a5-08dd-418a-b0c1-a140aa8e7c57", "fields": {"created_time": "2019-05-31T04:58:09.356Z", "updated_time": "2019-05-31T04:58:09.356Z", "user": 9}}, {"model": "cart.cart", "pk": "6cd5837d-017b-4e64-b425-322ec6c227a8", "fields": {"created_time": "2019-05-31T02:43:51.616Z", "updated_time": "2019-05-31T02:43:51.616Z", "user": 12}}, {"model": "cart.cart", "pk": "72fdcc51-7841-4bb8-9542-ce20d41ed4fc", "fields": {"created_time": "2019-05-30T09:49:11.516Z", "updated_time": "2019-05-30T09:49:11.516Z", "user": 12}}, {"model": "cart.cart", "pk": "73759fb5-0e24-4014-82f7-da2dbe376884", "fields": {"created_time": "2019-05-31T04:57:20.859Z", "updated_time": "2019-05-31T04:57:20.859Z", "user": 9}}, {"model": "cart.cart", "pk": "74ea3b27-03e8-44a6-bd42-c2acfadebd0c", "fields": {"created_time": "2019-05-30T09:46:57.696Z", "updated_time": "2019-05-30T09:46:57.696Z", "user": 12}}, {"model": "cart.cart", "pk": "763474f9-3897-4637-8945-666b9319c136", "fields": {"created_time": "2019-05-17T02:28:00.800Z", "updated_time": "2019-05-17T02:28:00.800Z", "user": 10}}, {"model": "cart.cart", "pk": "7f096d8b-4737-43e0-bac6-566a712a203e", "fields": {"created_time": "2019-07-02T06:42:50.477Z", "updated_time": "2019-07-02T06:42:50.477Z", "user": 9}}, {"model": "cart.cart", "pk": "85483afc-9183-47fb-a96b-270319670c98", "fields": {"created_time": "2019-05-29T08:07:31.439Z", "updated_time": "2019-05-29T08:07:31.439Z", "user": 9}}, {"model": "cart.cart", "pk": "897ff3c5-e130-4e93-9da0-91d81ede76a6", "fields": {"created_time": "2019-05-16T08:29:34.191Z", "updated_time": "2019-05-16T08:29:34.191Z", "user": 9}}, {"model": "cart.cart", "pk": "8bf0e4f1-c515-4f49-8b94-6a209f3ba01b", "fields": {"created_time": "2019-05-21T09:27:48.016Z", "updated_time": "2019-05-21T09:27:48.016Z", "user": 9}}, {"model": "cart.cart", "pk": "8d194fba-cb76-4b99-9663-0d49f557fb9f", "fields": {"created_time": "2019-07-02T05:25:11.671Z", "updated_time": "2019-07-02T05:25:11.671Z", "user": 16}}, {"model": "cart.cart", "pk": "8f185d73-6281-4c02-88ad-128a7f791c0e", "fields": {"created_time": "2019-05-16T08:31:40.258Z", "updated_time": "2019-05-16T08:31:40.258Z", "user": 9}}, {"model": "cart.cart", "pk": "904aa274-f9b8-406f-ab35-a7056888b3f0", "fields": {"created_time": "2019-05-21T09:28:58.759Z", "updated_time": "2019-05-21T09:28:58.759Z", "user": 9}}, {"model": "cart.cart", "pk": "9384eae0-5694-4fb8-b885-c5fc50cd8ae4", "fields": {"created_time": "2019-05-30T02:03:37.398Z", "updated_time": "2019-05-30T02:03:37.398Z", "user": 9}}, {"model": "cart.cart", "pk": "95277868-186f-42cb-b842-d3ddee0a12c8", "fields": {"created_time": "2019-05-16T08:24:10.471Z", "updated_time": "2019-05-16T08:24:10.472Z", "user": 9}}, {"model": "cart.cart", "pk": "981011d0-0c61-4f0b-90ae-74976af1413c", "fields": {"created_time": "2019-05-30T02:00:12.082Z", "updated_time": "2019-05-30T02:00:12.082Z", "user": 9}}, {"model": "cart.cart", "pk": "995096a0-19a7-4066-87fe-7dc91c96dd08", "fields": {"created_time": "2019-05-31T05:36:57.928Z", "updated_time": "2019-05-31T05:36:57.928Z", "user": 9}}, {"model": "cart.cart", "pk": "99e7206b-a666-49a3-9cfd-5815204e49f7", "fields": {"created_time": "2019-05-23T02:27:08.634Z", "updated_time": "2019-05-23T02:27:08.634Z", "user": 9}}, {"model": "cart.cart", "pk": "9c50b1b9-2a38-4a56-8822-f823f83ad14e", "fields": {"created_time": "2019-05-31T07:12:22.842Z", "updated_time": "2019-05-31T07:12:22.842Z", "user": 12}}, {"model": "cart.cart", "pk": "9df13d0b-ab72-426a-b502-00381c625afc", "fields": {"created_time": "2019-05-16T08:27:27.889Z", "updated_time": "2019-05-16T08:27:27.889Z", "user": 9}}, {"model": "cart.cart", "pk": "9fa1f086-430c-481b-b8c4-b869cc9ab8fa", "fields": {"created_time": "2019-05-31T04:44:43.544Z", "updated_time": "2019-05-31T04:44:43.545Z", "user": 9}}, {"model": "cart.cart", "pk": "a6f39505-56ba-436d-a8eb-b9cecf20af23", "fields": {"created_time": "2019-05-16T08:32:05.272Z", "updated_time": "2019-05-16T08:32:05.272Z", "user": 9}}, {"model": "cart.cart", "pk": "b3e7cb30-53a1-4d4c-9452-02ce09dd6b8b", "fields": {"created_time": "2019-05-30T10:11:25.875Z", "updated_time": "2019-05-30T10:11:25.875Z", "user": 12}}, {"model": "cart.cart", "pk": "b67478f4-87c1-4618-98cf-71df2ad4ad10", "fields": {"created_time": "2019-05-23T02:31:35.516Z", "updated_time": "2019-05-23T02:31:35.516Z", "user": 9}}, {"model": "cart.cart", "pk": "b7c72156-fe78-4660-8e23-90d953e1d4f3", "fields": {"created_time": "2019-06-22T11:30:21.555Z", "updated_time": "2019-06-22T11:30:21.555Z", "user": 1}}, {"model": "cart.cart", "pk": "b7e61678-ce54-4ab5-b5fd-e911d80fba23", "fields": {"created_time": "2019-05-16T09:01:57.390Z", "updated_time": "2019-05-16T09:01:57.390Z", "user": 9}}, {"model": "cart.cart", "pk": "b87e606f-a375-4c91-8918-af1bd528e90c", "fields": {"created_time": "2019-07-02T06:06:32.496Z", "updated_time": "2019-07-02T06:06:32.496Z", "user": 18}}, {"model": "cart.cart", "pk": "bd9dec5d-a028-4218-8efe-a32a0ba89e1d", "fields": {"created_time": "2019-05-16T09:01:29.659Z", "updated_time": "2019-05-16T09:01:29.659Z", "user": 9}}, {"model": "cart.cart", "pk": "c19b759c-5693-48f3-a00f-f6acfe729fd9", "fields": {"created_time": "2019-05-16T08:29:00.721Z", "updated_time": "2019-05-16T08:29:00.721Z", "user": 9}}, {"model": "cart.cart", "pk": "c445c103-dfda-4661-9b3e-04d5e1cf41b1", "fields": {"created_time": "2019-05-22T09:35:26.648Z", "updated_time": "2019-05-22T09:35:26.648Z", "user": 9}}, {"model": "cart.cart", "pk": "c60137ca-fb18-425f-9a57-0432c822dd54", "fields": {"created_time": "2019-07-02T06:01:41.466Z", "updated_time": "2019-07-02T06:01:41.466Z", "user": 17}}, {"model": "cart.cart", "pk": "cc076aa2-c541-43bc-8b27-f41b224de1d4", "fields": {"created_time": "2019-05-16T08:31:20.932Z", "updated_time": "2019-05-16T08:31:20.932Z", "user": 9}}, {"model": "cart.cart", "pk": "cc1e30e6-3888-4813-a637-732ad56c39d8", "fields": {"created_time": "2019-05-21T09:29:55.760Z", "updated_time": "2019-05-21T09:29:55.760Z", "user": 9}}, {"model": "cart.cart", "pk": "d709d14b-f61a-429c-8973-4f2f55aa1e39", "fields": {"created_time": "2019-05-16T08:28:44.521Z", "updated_time": "2019-05-16T08:28:44.521Z", "user": 9}}, {"model": "cart.cart", "pk": "e6e6de67-8657-4ee3-be30-5aec24646ff7", "fields": {"created_time": "2019-05-16T08:30:37.176Z", "updated_time": "2019-05-16T08:30:37.176Z", "user": 9}}, {"model": "cart.cart", "pk": "e9b8eb22-689c-4c75-a5fe-69327e3b365e", "fields": {"created_time": "2019-05-31T02:09:03.606Z", "updated_time": "2019-05-31T02:09:03.606Z", "user": 12}}, {"model": "cart.cart", "pk": "ecbc0737-8ad2-492f-a461-775fc2e7f791", "fields": {"created_time": "2019-05-16T09:28:52.474Z", "updated_time": "2019-05-16T09:28:52.475Z", "user": 9}}, {"model": "cart.cart", "pk": "ecfc6d51-5d9d-4045-8657-ec15a8f93a5b", "fields": {"created_time": "2019-05-16T08:23:14.421Z", "updated_time": "2019-05-16T08:23:14.421Z", "user": 9}}, {"model": "cart.cart", "pk": "f3cb5f94-8ef1-49ab-a059-0337bcce5f4d", "fields": {"created_time": "2019-05-31T04:55:59.564Z", "updated_time": "2019-05-31T04:55:59.564Z", "user": 9}}, {"model": "cart.cart", "pk": "f9ab1d62-964e-48df-b859-5ca8993d6e9a", "fields": {"created_time": "2019-05-16T09:28:14.900Z", "updated_time": "2019-05-16T09:28:14.900Z", "user": 9}}, {"model": "cart.cart", "pk": "fa0c9a70-76bc-43dd-8b10-8e2068639cd0", "fields": {"created_time": "2019-07-02T08:36:46.344Z", "updated_time": "2019-07-02T08:36:46.344Z", "user": 9}}, {"model": "cart.cart", "pk": "fa697567-68f0-4621-8f71-7f9c48a72089", "fields": {"created_time": "2019-05-30T08:17:12.513Z", "updated_time": "2019-05-30T08:17:12.513Z", "user": 1}}, {"model": "cart.cart", "pk": "fb34eb43-e301-4ffc-aecb-2ced812b01ba", "fields": {"created_time": "2019-05-17T04:40:40.290Z", "updated_time": "2019-05-17T04:40:40.290Z", "user": 1}}, {"model": "cart.cart", "pk": "fd507212-ed2b-45bd-a02a-8359a9f8f404", "fields": {"created_time": "2019-05-21T02:54:21.686Z", "updated_time": "2019-05-21T02:54:21.686Z", "user": 9}}, {"model": "cart.cart", "pk": "ff836ce4-8efb-48db-b518-81a72b642a1a", "fields": {"created_time": "2019-05-30T16:34:46.811Z", "updated_time": "2019-05-30T16:34:46.811Z", "user": 12}}, {"model": "cart.cartitem", "pk": 1, "fields": {"menu": 4, "cart": "ecfc6d51-5d9d-4045-8657-ec15a8f93a5b", "quantity": 3}}, {"model": "cart.cartitem", "pk": 2, "fields": {"menu": 3, "cart": "95277868-186f-42cb-b842-d3ddee0a12c8", "quantity": 2}}, {"model": "cart.cartitem", "pk": 3, "fields": {"menu": 2, "cart": "9df13d0b-ab72-426a-b502-00381c625afc", "quantity": 10}}, {"model": "cart.cartitem", "pk": 4, "fields": {"menu": 2, "cart": "d709d14b-f61a-429c-8973-4f2f55aa1e39", "quantity": 1}}, {"model": "cart.cartitem", "pk": 5, "fields": {"menu": 3, "cart": "c19b759c-5693-48f3-a00f-f6acfe729fd9", "quantity": 3}}, {"model": "cart.cartitem", "pk": 6, "fields": {"menu": 2, "cart": "897ff3c5-e130-4e93-9da0-91d81ede76a6", "quantity": 1}}, {"model": "cart.cartitem", "pk": 7, "fields": {"menu": 4, "cart": "305e82c0-d065-4569-8644-eac938ea60bc", "quantity": 4}}, {"model": "cart.cartitem", "pk": 8, "fields": {"menu": 3, "cart": "e6e6de67-8657-4ee3-be30-5aec24646ff7", "quantity": 2}}, {"model": "cart.cartitem", "pk": 9, "fields": {"menu": 1, "cart": "cc076aa2-c541-43bc-8b27-f41b224de1d4", "quantity": 2}}, {"model": "cart.cartitem", "pk": 10, "fields": {"menu": 4, "cart": "8f185d73-6281-4c02-88ad-128a7f791c0e", "quantity": 4}}, {"model": "cart.cartitem", "pk": 11, "fields": {"menu": 2, "cart": "a6f39505-56ba-436d-a8eb-b9cecf20af23", "quantity": 3}}, {"model": "cart.cartitem", "pk": 12, "fields": {"menu": 2, "cart": "1085db2e-216d-4e71-8ea1-905870fcb316", "quantity": 2}}, {"model": "cart.cartitem", "pk": 14, "fields": {"menu": 6, "cart": "22f23f8c-d536-4dcb-8712-d2c6d978f1d0", "quantity": 1}}, {"model": "cart.cartitem", "pk": 15, "fields": {"menu": 5, "cart": "22f23f8c-d536-4dcb-8712-d2c6d978f1d0", "quantity": 1}}, {"model": "cart.cartitem", "pk": 16, "fields": {"menu": 5, "cart": "2a04f034-7cd5-4327-8204-7cada08eaa79", "quantity": 1}}, {"model": "cart.cartitem", "pk": 17, "fields": {"menu": 6, "cart": "2a04f034-7cd5-4327-8204-7cada08eaa79", "quantity": 1}}, {"model": "cart.cartitem", "pk": 18, "fields": {"menu": 6, "cart": "bd9dec5d-a028-4218-8efe-a32a0ba89e1d", "quantity": 3}}, {"model": "cart.cartitem", "pk": 19, "fields": {"menu": 5, "cart": "bd9dec5d-a028-4218-8efe-a32a0ba89e1d", "quantity": 2}}, {"model": "cart.cartitem", "pk": 20, "fields": {"menu": 6, "cart": "b7e61678-ce54-4ab5-b5fd-e911d80fba23", "quantity": 1}}, {"model": "cart.cartitem", "pk": 21, "fields": {"menu": 5, "cart": "b7e61678-ce54-4ab5-b5fd-e911d80fba23", "quantity": 1}}, {"model": "cart.cartitem", "pk": 23, "fields": {"menu": 6, "cart": "56e32587-2633-46be-ae48-6fc61fa8aabc", "quantity": 1}}, {"model": "cart.cartitem", "pk": 24, "fields": {"menu": 2, "cart": "56e32587-2633-46be-ae48-6fc61fa8aabc", "quantity": 11}}, {"model": "cart.cartitem", "pk": 25, "fields": {"menu": 2, "cart": "1085b4e3-bbf5-4aab-83fc-a11795758cf2", "quantity": 10}}, {"model": "cart.cartitem", "pk": 26, "fields": {"menu": 2, "cart": "f9ab1d62-964e-48df-b859-5ca8993d6e9a", "quantity": 12}}, {"model": "cart.cartitem", "pk": 27, "fields": {"menu": 2, "cart": "1404ee19-c201-4d95-aab1-b0a9fa4b272c", "quantity": 13}}, {"model": "cart.cartitem", "pk": 28, "fields": {"menu": 1, "cart": "ecbc0737-8ad2-492f-a461-775fc2e7f791", "quantity": 3}}, {"model": "cart.cartitem", "pk": 30, "fields": {"menu": 3, "cart": "5794abcb-da66-499c-b618-701182784644", "quantity": 3}}, {"model": "cart.cartitem", "pk": 31, "fields": {"menu": 6, "cart": "33797e8a-a220-482c-9b76-102fe726c878", "quantity": 10}}, {"model": "cart.cartitem", "pk": 32, "fields": {"menu": 2, "cart": "4f0ad4fc-e7e2-4ada-97f0-b2885ec8c280", "quantity": 3}}, {"model": "cart.cartitem", "pk": 33, "fields": {"menu": 5, "cart": "4f0ad4fc-e7e2-4ada-97f0-b2885ec8c280", "quantity": 2}}, {"model": "cart.cartitem", "pk": 37, "fields": {"menu": 14, "cart": "071805f7-81ee-4cb0-a32c-50a9a48b941e", "quantity": 11}}, {"model": "cart.cartitem", "pk": 38, "fields": {"menu": 6, "cart": "fd507212-ed2b-45bd-a02a-8359a9f8f404", "quantity": 1}}, {"model": "cart.cartitem", "pk": 39, "fields": {"menu": 13, "cart": "fd507212-ed2b-45bd-a02a-8359a9f8f404", "quantity": 5}}, {"model": "cart.cartitem", "pk": 40, "fields": {"menu": 13, "cart": "01bf0df2-7a1c-48ff-8ec2-106921d2155b", "quantity": 6}}, {"model": "cart.cartitem", "pk": 41, "fields": {"menu": 11, "cart": "8bf0e4f1-c515-4f49-8b94-6a209f3ba01b", "quantity": 7}}, {"model": "cart.cartitem", "pk": 42, "fields": {"menu": 12, "cart": "904aa274-f9b8-406f-ab35-a7056888b3f0", "quantity": 11}}, {"model": "cart.cartitem", "pk": 43, "fields": {"menu": 10, "cart": "cc1e30e6-3888-4813-a637-732ad56c39d8", "quantity": 3}}, {"model": "cart.cartitem", "pk": 47, "fields": {"menu": 9, "cart": "5631b2b3-3270-4c17-90fa-08c9e6a0969b", "quantity": 1}}, {"model": "cart.cartitem", "pk": 48, "fields": {"menu": 5, "cart": "2b25e2cd-b901-48ed-8c4f-142456dc2c72", "quantity": 1}}, {"model": "cart.cartitem", "pk": 50, "fields": {"menu": 4, "cart": "c445c103-dfda-4661-9b3e-04d5e1cf41b1", "quantity": 2}}, {"model": "cart.cartitem", "pk": 51, "fields": {"menu": 1, "cart": "99e7206b-a666-49a3-9cfd-5815204e49f7", "quantity": 1}}, {"model": "cart.cartitem", "pk": 53, "fields": {"menu": 15, "cart": "b67478f4-87c1-4618-98cf-71df2ad4ad10", "quantity": 5}}, {"model": "cart.cartitem", "pk": 56, "fields": {"menu": 15, "cart": "85483afc-9183-47fb-a96b-270319670c98", "quantity": 1}}, {"model": "cart.cartitem", "pk": 57, "fields": {"menu": 1, "cart": "85483afc-9183-47fb-a96b-270319670c98", "quantity": 1}}, {"model": "cart.cartitem", "pk": 58, "fields": {"menu": 1, "cart": "10c0dbec-a807-4da6-9c51-4b74b5ca61b7", "quantity": 4}}, {"model": "cart.cartitem", "pk": 60, "fields": {"menu": 1, "cart": "45b8e3fc-1a1f-4fa6-8db6-0094f34759cc", "quantity": 1}}, {"model": "cart.cartitem", "pk": 61, "fields": {"menu": 15, "cart": "981011d0-0c61-4f0b-90ae-74976af1413c", "quantity": 2}}, {"model": "cart.cartitem", "pk": 62, "fields": {"menu": 15, "cart": "9384eae0-5694-4fb8-b885-c5fc50cd8ae4", "quantity": 1}}, {"model": "cart.cartitem", "pk": 63, "fields": {"menu": 5, "cart": "74ea3b27-03e8-44a6-bd42-c2acfadebd0c", "quantity": 1}}, {"model": "cart.cartitem", "pk": 64, "fields": {"menu": 12, "cart": "72fdcc51-7841-4bb8-9542-ce20d41ed4fc", "quantity": 1}}, {"model": "cart.cartitem", "pk": 65, "fields": {"menu": 25, "cart": "b3e7cb30-53a1-4d4c-9452-02ce09dd6b8b", "quantity": 1}}, {"model": "cart.cartitem", "pk": 66, "fields": {"menu": 24, "cart": "b3e7cb30-53a1-4d4c-9452-02ce09dd6b8b", "quantity": 1}}, {"model": "cart.cartitem", "pk": 67, "fields": {"menu": 26, "cart": "ff836ce4-8efb-48db-b518-81a72b642a1a", "quantity": 2}}, {"model": "cart.cartitem", "pk": 68, "fields": {"menu": 23, "cart": "ff836ce4-8efb-48db-b518-81a72b642a1a", "quantity": 2}}, {"model": "cart.cartitem", "pk": 69, "fields": {"menu": 27, "cart": "3cbcce41-07c1-48d6-9f34-72213eb874f4", "quantity": 2}}, {"model": "cart.cartitem", "pk": 70, "fields": {"menu": 24, "cart": "3cbcce41-07c1-48d6-9f34-72213eb874f4", "quantity": 2}}, {"model": "cart.cartitem", "pk": 71, "fields": {"menu": 32, "cart": "309cbb5a-d351-449c-8760-ec81b9c97b1a", "quantity": 1}}, {"model": "cart.cartitem", "pk": 72, "fields": {"menu": 29, "cart": "309cbb5a-d351-449c-8760-ec81b9c97b1a", "quantity": 1}}, {"model": "cart.cartitem", "pk": 75, "fields": {"menu": 33, "cart": "075e1d56-3427-4486-90d1-d97daafda34e", "quantity": 1}}, {"model": "cart.cartitem", "pk": 76, "fields": {"menu": 35, "cart": "075e1d56-3427-4486-90d1-d97daafda34e", "quantity": 2}}, {"model": "cart.cartitem", "pk": 77, "fields": {"menu": 36, "cart": "075e1d56-3427-4486-90d1-d97daafda34e", "quantity": 2}}, {"model": "cart.cartitem", "pk": 78, "fields": {"menu": 34, "cart": "e9b8eb22-689c-4c75-a5fe-69327e3b365e", "quantity": 1}}, {"model": "cart.cartitem", "pk": 79, "fields": {"menu": 27, "cart": "29512485-6237-48ad-a684-ce358f069abd", "quantity": 2}}, {"model": "cart.cartitem", "pk": 80, "fields": {"menu": 24, "cart": "29512485-6237-48ad-a684-ce358f069abd", "quantity": 1}}, {"model": "cart.cartitem", "pk": 81, "fields": {"menu": 31, "cart": "5aba95ed-c993-4bc3-bd3d-fec797d29f94", "quantity": 1}}, {"model": "cart.cartitem", "pk": 82, "fields": {"menu": 28, "cart": "5aba95ed-c993-4bc3-bd3d-fec797d29f94", "quantity": 1}}, {"model": "cart.cartitem", "pk": 83, "fields": {"menu": 30, "cart": "5aba95ed-c993-4bc3-bd3d-fec797d29f94", "quantity": 1}}, {"model": "cart.cartitem", "pk": 84, "fields": {"menu": 29, "cart": "5aba95ed-c993-4bc3-bd3d-fec797d29f94", "quantity": 1}}, {"model": "cart.cartitem", "pk": 85, "fields": {"menu": 32, "cart": "5aba95ed-c993-4bc3-bd3d-fec797d29f94", "quantity": 1}}, {"model": "cart.cartitem", "pk": 86, "fields": {"menu": 28, "cart": "47d14986-07f8-4081-bd96-32eb70327d78", "quantity": 5}}, {"model": "cart.cartitem", "pk": 87, "fields": {"menu": 22, "cart": "538f0878-c06c-45d0-b50a-43c0ef5275a9", "quantity": 1}}, {"model": "cart.cartitem", "pk": 89, "fields": {"menu": 21, "cart": "47d14986-07f8-4081-bd96-32eb70327d78", "quantity": 18}}, {"model": "cart.cartitem", "pk": 90, "fields": {"menu": 18, "cart": "47d14986-07f8-4081-bd96-32eb70327d78", "quantity": 3}}, {"model": "cart.cartitem", "pk": 91, "fields": {"menu": 2, "cart": "9fa1f086-430c-481b-b8c4-b869cc9ab8fa", "quantity": 17}}, {"model": "cart.cartitem", "pk": 92, "fields": {"menu": 2, "cart": "f3cb5f94-8ef1-49ab-a059-0337bcce5f4d", "quantity": 15}}, {"model": "cart.cartitem", "pk": 93, "fields": {"menu": 2, "cart": "73759fb5-0e24-4014-82f7-da2dbe376884", "quantity": 13}}, {"model": "cart.cartitem", "pk": 95, "fields": {"menu": 21, "cart": "685cf5a5-08dd-418a-b0c1-a140aa8e7c57", "quantity": 2}}, {"model": "cart.cartitem", "pk": 96, "fields": {"menu": 30, "cart": "6cd5837d-017b-4e64-b425-322ec6c227a8", "quantity": 1}}, {"model": "cart.cartitem", "pk": 97, "fields": {"menu": 31, "cart": "669500c7-eb32-4cb1-94f9-74a56efe0284", "quantity": 1}}, {"model": "cart.cartitem", "pk": 98, "fields": {"menu": 29, "cart": "995096a0-19a7-4066-87fe-7dc91c96dd08", "quantity": 2}}, {"model": "cart.cartitem", "pk": 99, "fields": {"menu": 28, "cart": "669500c7-eb32-4cb1-94f9-74a56efe0284", "quantity": 1}}, {"model": "cart.cartitem", "pk": 100, "fields": {"menu": 33, "cart": "9c50b1b9-2a38-4a56-8822-f823f83ad14e", "quantity": 1}}, {"model": "cart.cartitem", "pk": 101, "fields": {"menu": 1, "cart": "63f7a4fb-615c-4faa-92c7-d274ea04011c", "quantity": 4}}, {"model": "cart.cartitem", "pk": 114, "fields": {"menu": 3, "cart": "01458ff3-5f2b-4975-8fd5-bd09a71196cc", "quantity": 1}}, {"model": "cart.cartitem", "pk": 115, "fields": {"menu": 66, "cart": "01458ff3-5f2b-4975-8fd5-bd09a71196cc", "quantity": 1}}, {"model": "cart.cartitem", "pk": 116, "fields": {"menu": 28, "cart": "52f36a01-06e1-4532-af57-ac0cfb753739", "quantity": 1}}, {"model": "cart.cartitem", "pk": 117, "fields": {"menu": 3, "cart": "52f36a01-06e1-4532-af57-ac0cfb753739", "quantity": 1}}, {"model": "cart.cartitem", "pk": 119, "fields": {"menu": 3, "cart": "1de31266-3d35-4d9e-8a38-29f7edc5022e", "quantity": 1}}, {"model": "cart.cartitem", "pk": 127, "fields": {"menu": 4, "cart": "3625fd0d-2c1b-4c4c-84cd-79f4a2b4dbae", "quantity": 1}}, {"model": "cart.cartitem", "pk": 128, "fields": {"menu": 4, "cart": "3f9be8a6-3178-40dc-952c-4ea6343e6bd4", "quantity": 1}}, {"model": "cart.cartitem", "pk": 129, "fields": {"menu": 4, "cart": "525afb3a-016f-4a5f-939b-d87e6e9e5fc0", "quantity": 1}}, {"model": "cart.cartitem", "pk": 130, "fields": {"menu": 4, "cart": "7f096d8b-4737-43e0-bac6-566a712a203e", "quantity": 1}}, {"model": "order.order", "pk": "055bcdea-c2dd-4291-8931-75f2824b9661", "fields": {"created_time": "2019-05-16T09:28:33.431Z", "updated_time": "2019-05-16T09:29:14.030Z", "user": 9, "cart": "f9ab1d62-964e-48df-b859-5ca8993d6e9a", "restaurant": 1, "total_price": 242000, "address": "\uc11c\uc6b8\uc2dc \uc11c\ucd08\uad6c \uc11c\ucd082\ub3d9 \ud790\uc2a4\ud14c\uc774\ud2b8 102\ub3d9 101\ud638", "address_detail": "\uc11c\ucd082\ub3d9 \ub9c8\uc81c\uc2a4\ud0c0 \uc2dc\ud2f0 \ud0c0\uc6cc 2", "status": 1, "delivery_status": 0, "weather": 2, "phone_num": "010-1234-1234", "payment_status": 0, "gift_coupon": null, "yosigy_ticket": []}}, {"model": "order.order", "pk": "058518bf-7234-43a1-b653-9ceefa276436", "fields": {"created_time": "2019-05-16T08:32:23.986Z", "updated_time": "2019-05-16T08:32:36.514Z", "user": 9, "cart": "a6f39505-56ba-436d-a8eb-b9cecf20af23", "restaurant": 1, "total_price": 62000, "address": "\uc11c\uc6b8\uc2dc \uc11c\ucd08\uad6c \uc11c\ucd082\ub3d9 \ud790\uc2a4\ud14c\uc774\ub4dc 102\ub3d9 101\ud638", "address_detail": "\uc11c\ucd082\ub3d9 \ub9c8\uc81c\uc2a4\ud0c0 \uc2dc\ud2f0 \ud0c0\uc6cc 2", "status": 1, "delivery_status": 0, "weather": 2, "phone_num": "010-1234-1234", "payment_status": 0, "gift_coupon": null, "yosigy_ticket": []}}, {"model": "order.order", "pk": "06112296-1273-4536-a215-107a6772a36e", "fields": {"created_time": "2019-05-31T02:06:53.959Z", "updated_time": "2019-05-31T02:09:42.294Z", "user": 12, "cart": "309cbb5a-d351-449c-8760-ec81b9c97b1a", "restaurant": 8, "total_price": 35000, "address": "\ub9c8\uc870\ub85c 15\uae38 14-1", "address_detail": "201\ud638", "status": 1, "delivery_status": 2, "weather": 0, "phone_num": "010-7331-4120", "payment_status": 0, "gift_coupon": null, "yosigy_ticket": []}}, {"model": "order.order", "pk": "0d6da988-692f-44a2-835b-8b633b80149a", "fields": {"created_time": "2019-05-16T08:31:40.256Z", "updated_time": "2019-05-16T08:32:43.030Z", "user": 9, "cart": "cc076aa2-c541-43bc-8b27-f41b224de1d4", "restaurant": 1, "total_price": 38000, "address": "\uc11c\uc6b8\uc2dc \uc11c\ucd08\uad6c \uc11c\ucd082\ub3d9 \ud790\uc2a4\ud14c\uc774\ub4dc 102\ub3d9 101\ud638", "address_detail": "\uc11c\ucd082\ub3d9 \ub9c8\uc81c\uc2a4\ud0c0 \uc2dc\ud2f0 \ud0c0\uc6cc 2", "status": 1, "delivery_status": 0, "weather": 1, "phone_num": "010-1234-1234", "payment_status": 0, "gift_coupon": null, "yosigy_ticket": []}}, {"model": "order.order", "pk": "170251e1-8673-48f4-b0b5-cb83d8bea36f", "fields": {"created_time": "2019-05-23T02:31:35.505Z", "updated_time": "2019-05-23T02:31:57.517Z", "user": 9, "cart": "99e7206b-a666-49a3-9cfd-5815204e49f7", "restaurant": 1, "total_price": 20000, "address": "\uc11c\uc6b8\uc2dc \uc11c\ucd08\uad6c \uc11c\ucd082\ub3d9 \ud790\uc2a4\ud14c\uc774\ud2b8 102\ub3d9 101\ud638", "address_detail": "\uc11c\ucd082\ub3d9 \ub9c8\uc81c\uc2a4\ud0c0 \uc2dc\ud2f0 \ud0c0\uc6cc 2", "status": 1, "delivery_status": 0, "weather": 1, "phone_num": "010-1234-1234", "payment_status": 0, "gift_coupon": null, "yosigy_ticket": []}}, {"model": "order.order", "pk": "1e2bb9e3-f016-4198-b372-d1d83c3632be", "fields": {"created_time": "2019-05-22T08:46:45.688Z", "updated_time": "2019-05-22T08:47:28.023Z", "user": 9, "cart": "5631b2b3-3270-4c17-90fa-08c9e6a0969b", "restaurant": 5, "total_price": 8000, "address": "\uc11c\uc6b8\uc2dc \uc11c\ucd08\uad6c \uc11c\ucd082\ub3d9 \ud790\uc2a4\ud14c\uc774\ud2b8 102\ub3d9 101\ud638", "address_detail": "\uc11c\ucd082\ub3d9 \ub9c8\uc81c\uc2a4\ud0c0 \uc2dc\ud2f0 \ud0c0\uc6cc 2", "status": 1, "delivery_status": 0, "weather": 2, "phone_num": "010-1234-1234", "payment_status": 0, "gift_coupon": null, "yosigy_ticket": []}}, {"model": "order.order", "pk": "2025f59f-5577-421f-9b2d-ec5268231205", "fields": {"created_time": "2019-06-29T03:57:56.995Z", "updated_time": "2019-06-29T03:57:56.995Z", "user": 9, "cart": null, "restaurant": 9, "total_price": 0, "address": "\uc11c\uc6b8\uc2dc \uc11c\ucd08\uad6c \uc11c\ucd082\ub3d9 \ud790\uc2a4\ud14c\uc774\ud2b8 102\ub3d9 101\ud638", "address_detail": "\uc11c\ucd082\ub3d9 \ub9c8\uc81c\uc2a4\ud0c0 \uc2dc\ud2f0 \ud0c0\uc6cc 2", "status": 1, "delivery_status": 0, "weather": 0, "phone_num": "010-1234-1234", "payment_status": 0, "gift_coupon": null, "yosigy_ticket": []}}, {"model": "order.order", "pk": "21b18bec-e2fd-4020-aacd-a5bdf8e6a650", "fields": {"created_time": "2019-07-01T06:19:27.856Z", "updated_time": "2019-07-01T06:19:27.856Z", "user": 11, "cart": null, "restaurant": 1, "total_price": 0, "address": "\uc11c\uc6b8\uc2dc \uc11c\ucd08\uad6c \uc11c\ucd082\ub3d9 \ud790\uc2a4\ud14c\uc774\ub4dc 102\ub3d9 101\ud638", "address_detail": "\uc11c\ucd082\ub3d9", "status": 1, "delivery_status": 0, "weather": 0, "phone_num": "010-1231-2355", "payment_status": 0, "gift_coupon": null, "yosigy_ticket": []}}, {"model": "order.order", "pk": "220c5d0d-f83d-488a-be24-12e44c233687", "fields": {"created_time": "2019-07-01T06:00:22.665Z", "updated_time": "2019-07-01T06:00:22.665Z", "user": 11, "cart": null, "restaurant": 5, "total_price": 0, "address": "\uc11c\uc6b8\uc2dc \uc11c\ucd08\uad6c \uc11c\ucd082\ub3d9 \ud790\uc2a4\ud14c\uc774\ud2b8 102\ub3d9 101\ud638", "address_detail": "\uc11c\ucd082\ub3d9", "status": 1, "delivery_status": 0, "weather": 0, "phone_num": "010-1231-2355", "payment_status": 0, "gift_coupon": null, "yosigy_ticket": []}}, {"model": "order.order", "pk": "22e512e8-d999-4fa5-b3f5-a9c5cc9ff380", "fields": {"created_time": "2019-05-16T09:02:25.994Z", "updated_time": "2019-05-17T04:49:25.425Z", "user": 9, "cart": "b7e61678-ce54-4ab5-b5fd-e911d80fba23", "restaurant": 1, "total_price": 47000, "address": "\uc11c\uc6b8\uc2dc \uc11c\ucd08\uad6c \uc11c\ucd082\ub3d9 \ud790\uc2a4\ud14c\uc774\ud2b8 102\ub3d9 101\ud638", "address_detail": "\uc11c\ucd082\ub3d9 \ub9c8\uc81c\uc2a4\ud0c0 \uc2dc\ud2f0 \ud0c0\uc6cc 2", "status": 1, "delivery_status": 0, "weather": 3, "phone_num": "010-1234-1234", "payment_status": 0, "gift_coupon": null, "yosigy_ticket": []}}, {"model": "order.order", "pk": "24473a73-c6ee-41e9-85af-bbd09463fc66", "fields": {"created_time": "2019-07-02T08:13:24.348Z", "updated_time": "2019-07-02T08:13:24.348Z", "user": 9, "cart": null, "restaurant": 7, "total_price": 0, "address": "\uc11c\uc6b8\uc2dc \uc11c\ucd08\uad6c \uc11c\ucd082\ub3d9 \ud790\uc2a4\ud14c\uc774\ud2b8 102\ub3d9 101\ud638", "address_detail": "\uc11c\ucd082\ub3d9 \ub9c8\uc81c\uc2a4\ud0c0 \uc2dc\ud2f0 \ud0c0\uc6cc 2", "status": 0, "delivery_status": 0, "weather": 0, "phone_num": "010-6638-1491", "payment_status": 0, "gift_coupon": null, "yosigy_ticket": [107]}}, {"model": "order.order", "pk": "2854bdc2-703f-412d-9bd3-eb4c5721abec", "fields": {"created_time": "2019-05-31T02:12:32.488Z", "updated_time": "2019-05-31T02:12:32.488Z", "user": 12, "cart": "e9b8eb22-689c-4c75-a5fe-69327e3b365e", "restaurant": 9, "total_price": 8000, "address": "\ub9c8\uc870\ub85c 15\uae38 14-1", "address_detail": "201\ud638", "status": 1, "delivery_status": 0, "weather": 0, "phone_num": "010-7331-4120", "payment_status": 0, "gift_coupon": null, "yosigy_ticket": []}}, {"model": "order.order", "pk": "29311e77-08e2-4461-9811-53b6f1547b97", "fields": {"created_time": "2019-05-16T09:01:57.379Z", "updated_time": "2019-05-16T09:03:23.639Z", "user": 9, "cart": "bd9dec5d-a028-4218-8efe-a32a0ba89e1d", "restaurant": 1, "total_price": 116000, "address": "\uc11c\uc6b8\uc2dc \uc11c\ucd08\uad6c \uc11c\ucd082\ub3d9 \ud790\uc2a4\ud14c\uc774\ud2b8 102\ub3d9 101\ud638", "address_detail": "\uc11c\ucd082\ub3d9 \ub9c8\uc81c\uc2a4\ud0c0 \uc2dc\ud2f0 \ud0c0\uc6cc 2", "status": 1, "delivery_status": 0, "weather": 2, "phone_num": "010-1234-1234", "payment_status": 0, "gift_coupon": null, "yosigy_ticket": []}}, {"model": "order.order", "pk": "379f86f8-d5aa-4223-899d-e019596d077e", "fields": {"created_time": "2019-05-31T06:16:44.602Z", "updated_time": "2019-05-31T06:16:44.602Z", "user": 9, "cart": "995096a0-19a7-4066-87fe-7dc91c96dd08", "restaurant": 8, "total_price": 2000, "address": "\uc11c\uc6b8\uc2dc \uc11c\ucd08\uad6c \uc11c\ucd082\ub3d9 \ud790\uc2a4\ud14c\uc774\ud2b8 102\ub3d9 101\ud638", "address_detail": "\uc11c\ucd082\ub3d9 \ub9c8\uc81c\uc2a4\ud0c0 \uc2dc\ud2f0 \ud0c0\uc6cc 2", "status": 1, "delivery_status": 0, "weather": 0, "phone_num": "010-1234-1234", "payment_status": 0, "gift_coupon": 13, "yosigy_ticket": []}}, {"model": "order.order", "pk": "3aaee4c8-c0e7-4716-9bcf-1e7532eb65b9", "fields": {"created_time": "2019-07-02T06:33:08.594Z", "updated_time": "2019-07-02T06:33:08.594Z", "user": 9, "cart": null, "restaurant": 8, "total_price": 0, "address": "\uc11c\uc6b8\uc2dc \uc11c\ucd08\uad6c \uc11c\ucd082\ub3d9 \ud790\uc2a4\ud14c\uc774\ud2b8 102\ub3d9 101\ud638", "address_detail": "\uc11c\ucd082\ub3d9 \ub9c8\uc81c\uc2a4\ud0c0 \uc2dc\ud2f0 \ud0c0\uc6cc 2", "status": 0, "delivery_status": 0, "weather": 0, "phone_num": "010-6638-1491", "payment_status": 0, "gift_coupon": null, "yosigy_ticket": [98, 99]}}, {"model": "order.order", "pk": "415188b3-097b-4a4d-a941-0a31c79dcca1", "fields": {"created_time": "2019-05-30T02:03:37.395Z", "updated_time": "2019-05-30T02:03:52.864Z", "user": 9, "cart": "981011d0-0c61-4f0b-90ae-74976af1413c", "restaurant": 6, "total_price": 82000, "address": "\uc11c\uc6b8\uc2dc \uc11c\ucd08\uad6c \uc11c\ucd082\ub3d9 \ud790\uc2a4\ud14c\uc774\ud2b8 102\ub3d9 101\ud638", "address_detail": "\uc11c\ucd082\ub3d9 \ub9c8\uc81c\uc2a4\ud0c0 \uc2dc\ud2f0 \ud0c0\uc6cc 2", "status": 1, "delivery_status": 0, "weather": 2, "phone_num": "010-1234-1234", "payment_status": 0, "gift_coupon": null, "yosigy_ticket": []}}, {"model": "order.order", "pk": "48aeb5e0-8aa2-4ceb-b460-01600a0a49ef", "fields": {"created_time": "2019-07-02T08:36:46.342Z", "updated_time": "2019-07-02T08:36:46.342Z", "user": 9, "cart": "7f096d8b-4737-43e0-bac6-566a712a203e", "restaurant": 1, "total_price": 0, "address": "\uc11c\uc6b8\uc2dc \uc11c\ucd08\uad6c \uc11c\ucd082\ub3d9 \ud790\uc2a4\ud14c\uc774\ud2b8 102\ub3d9 101\ud638", "address_detail": "\uc11c\ucd082\ub3d9 \ub9c8\uc81c\uc2a4\ud0c0 \uc2dc\ud2f0 \ud0c0\uc6cc 2", "status": 0, "delivery_status": 0, "weather": 0, "phone_num": "010-6638-1491", "payment_status": 0, "gift_coupon": 20, "yosigy_ticket": []}}, {"model": "order.order", "pk": "4bcda0ad-b397-40eb-a1eb-bfd23ceb8f1a", "fields": {"created_time": "2019-07-02T06:35:53.913Z", "updated_time": "2019-07-02T06:35:53.914Z", "user": 9, "cart": null, "restaurant": 10, "total_price": 0, "address": "\uc11c\uc6b8\uc2dc \uc11c\ucd08\uad6c \uc11c\ucd082\ub3d9 \ud790\uc2a4\ud14c\uc774\ud2b8 102\ub3d9 101\ud638", "address_detail": "\uc11c\ucd082\ub3d9 \ub9c8\uc81c\uc2a4\ud0c0 \uc2dc\ud2f0 \ud0c0\uc6cc 2", "status": 0, "delivery_status": 0, "weather": 0, "phone_num": "010-6638-1491", "payment_status": 0, "gift_coupon": null, "yosigy_ticket": [102]}}, {"model": "order.order", "pk": "4cbd3485-43fa-40b5-8a63-7e236ddf5c08", "fields": {"created_time": "2019-05-31T06:12:03.092Z", "updated_time": "2019-05-31T06:12:03.092Z", "user": 12, "cart": "6cd5837d-017b-4e64-b425-322ec6c227a8", "restaurant": 8, "total_price": 19000, "address": "\ub9c8\uc870\ub85c 15\uae38 14-1", "address_detail": "201\ud638", "status": 1, "delivery_status": 0, "weather": 0, "phone_num": "010-7331-4120", "payment_status": 0, "gift_coupon": null, "yosigy_ticket": []}}, {"model": "order.order", "pk": "4f89dc97-0440-482f-80e0-5a7bd19b56e0", "fields": {"created_time": "2019-05-31T04:55:59.561Z", "updated_time": "2019-05-31T04:56:30.438Z", "user": 9, "cart": "9fa1f086-430c-481b-b8c4-b869cc9ab8fa", "restaurant": 1, "total_price": 342000, "address": "\uc11c\uc6b8\uc2dc \uc11c\ucd08\uad6c \uc11c\ucd082\ub3d9 \ud790\uc2a4\ud14c\uc774\ud2b8 102\ub3d9 101\ud638", "address_detail": "\uc11c\ucd082\ub3d9 \ub9c8\uc81c\uc2a4\ud0c0 \uc2dc\ud2f0 \ud0c0\uc6cc 2", "status": 1, "delivery_status": 2, "weather": 3, "phone_num": "010-1234-1234", "payment_status": 0, "gift_coupon": null, "yosigy_ticket": []}}, {"model": "order.order", "pk": "5475f56d-c173-4463-9c11-26fde93acd2c", "fields": {"created_time": "2019-05-21T09:28:58.748Z", "updated_time": "2019-05-21T09:29:15.807Z", "user": 9, "cart": "8bf0e4f1-c515-4f49-8b94-6a209f3ba01b", "restaurant": 5, "total_price": 58000, "address": "\uc11c\uc6b8\uc2dc \uc11c\ucd08\uad6c \uc11c\ucd082\ub3d9 \ud790\uc2a4\ud14c\uc774\ud2b8 102\ub3d9 101\ud638", "address_detail": "\uc11c\ucd082\ub3d9 \ub9c8\uc81c\uc2a4\ud0c0 \uc2dc\ud2f0 \ud0c0\uc6cc 2", "status": 1, "delivery_status": 0, "weather": 1, "phone_num": "010-1234-1234", "payment_status": 0, "gift_coupon": null, "yosigy_ticket": []}}, {"model": "order.order", "pk": "57f2e7f9-c938-489c-b418-c9fdfcae99e5", "fields": {"created_time": "2019-05-31T02:29:19.736Z", "updated_time": "2019-05-31T02:29:19.736Z", "user": 12, "cart": "5aba95ed-c993-4bc3-bd3d-fec797d29f94", "restaurant": 8, "total_price": 91000, "address": "\ub9c8\uc870\ub85c 15\uae38 14-1", "address_detail": "201\ud638", "status": 1, "delivery_status": 0, "weather": 0, "phone_num": "010-7331-4120", "payment_status": 0, "gift_coupon": null, "yosigy_ticket": []}}, {"model": "order.order", "pk": "5b9745df-229f-4caa-85fc-f24daf57cec8", "fields": {"created_time": "2019-05-23T02:27:08.623Z", "updated_time": "2019-05-23T02:27:45.093Z", "user": 9, "cart": "c445c103-dfda-4661-9b3e-04d5e1cf41b1", "restaurant": 1, "total_price": 46000, "address": "\uc11c\uc6b8\uc2dc \uc11c\ucd08\uad6c \uc11c\ucd082\ub3d9 \ud790\uc2a4\ud14c\uc774\ud2b8 102\ub3d9 101\ud638", "address_detail": "\uc11c\ucd082\ub3d9 \ub9c8\uc81c\uc2a4\ud0c0 \uc2dc\ud2f0 \ud0c0\uc6cc 2", "status": 1, "delivery_status": 0, "weather": 1, "phone_num": "010-1234-1234", "payment_status": 0, "gift_coupon": null, "yosigy_ticket": []}}, {"model": "order.order", "pk": "5eb60d85-5da8-43dc-ab76-6200a588ad94", "fields": {"created_time": "2019-06-18T01:24:18.463Z", "updated_time": "2019-06-18T01:24:18.463Z", "user": 9, "cart": "01458ff3-5f2b-4975-8fd5-bd09a71196cc", "restaurant": 1, "total_price": 23000, "address": "\uc11c\uc6b8\uc2dc \uc11c\ucd08\uad6c \uc11c\ucd082\ub3d9 \ud790\uc2a4\ud14c\uc774\ud2b8 102\ub3d9 101\ud638", "address_detail": "\uc11c\ucd082\ub3d9 \ub9c8\uc81c\uc2a4\ud0c0 \uc2dc\ud2f0 \ud0c0\uc6cc 2", "status": 1, "delivery_status": 0, "weather": 0, "phone_num": "010-1234-1234", "payment_status": 0, "gift_coupon": null, "yosigy_ticket": []}}, {"model": "order.order", "pk": "5fb5842e-d3ff-4a13-9076-032ff099606a", "fields": {"created_time": "2019-05-31T03:44:43.542Z", "updated_time": "2019-05-31T04:46:40.046Z", "user": 9, "cart": "47d14986-07f8-4081-bd96-32eb70327d78", "restaurant": 6, "total_price": 440000, "address": "\uc11c\uc6b8\uc2dc \uc11c\ucd08\uad6c \uc11c\ucd082\ub3d9 \ud790\uc2a4\ud14c\uc774\ud2b8 102\ub3d9 101\ud638", "address_detail": "\uc11c\ucd082\ub3d9 \ub9c8\uc81c\uc2a4\ud0c0 \uc2dc\ud2f0 \ud0c0\uc6cc 2", "status": 1, "delivery_status": 2, "weather": 2, "phone_num": "010-1234-1234", "payment_status": 0, "gift_coupon": null, "yosigy_ticket": []}}, {"model": "order.order", "pk": "600d861b-0e5e-497b-9b42-c36809743b70", "fields": {"created_time": "2019-05-22T08:24:14.832Z", "updated_time": "2019-05-22T08:24:45.160Z", "user": 9, "cart": "04d49ad6-79da-459e-afde-b18a8118fbd7", "restaurant": 5, "total_price": 72000, "address": "\uc11c\uc6b8\uc2dc \uc11c\ucd08\uad6c \uc11c\ucd082\ub3d9 \ud790\uc2a4\ud14c\uc774\ud2b8 102\ub3d9 101\ud638", "address_detail": "\uc11c\ucd082\ub3d9 \ub9c8\uc81c\uc2a4\ud0c0 \uc2dc\ud2f0 \ud0c0\uc6cc 2", "status": 1, "delivery_status": 0, "weather": 2, "phone_num": "010-1234-1234", "payment_status": 0, "gift_coupon": null, "yosigy_ticket": []}}, {"model": "order.order", "pk": "615f58ad-e82d-4898-b64f-baf2adfcf2ad", "fields": {"created_time": "2019-05-16T09:28:14.891Z", "updated_time": "2019-05-16T09:29:40.229Z", "user": 9, "cart": "1085b4e3-bbf5-4aab-83fc-a11795758cf2", "restaurant": 1, "total_price": 202000, "address": "\uc11c\uc6b8\uc2dc \uc11c\ucd08\uad6c \uc11c\ucd082\ub3d9 \ud790\uc2a4\ud14c\uc774\ud2b8 102\ub3d9 101\ud638", "address_detail": "\uc11c\ucd082\ub3d9 \ub9c8\uc81c\uc2a4\ud0c0 \uc2dc\ud2f0 \ud0c0\uc6cc 2", "status": 1, "delivery_status": 0, "weather": 2, "phone_num": "010-1234-1234", "payment_status": 0, "gift_coupon": null, "yosigy_ticket": []}}, {"model": "order.order", "pk": "66fd70b8-66d6-4883-8c34-d0d5bb3c57d8", "fields": {"created_time": "2019-05-16T08:27:27.886Z", "updated_time": "2019-05-16T08:35:56.160Z", "user": 9, "cart": "95277868-186f-42cb-b842-d3ddee0a12c8", "restaurant": 1, "total_price": 44000, "address": "\uc11c\uc6b8\uc2dc \uc11c\ucd08\uad6c \uc11c\ucd082\ub3d9 \ud790\uc2a4\ud14c\uc774\ub4dc 102\ub3d9 101\ud638", "address_detail": "\uc11c\ucd082\ub3d9 \ub9c8\uc81c\uc2a4\ud0c0 \uc2dc\ud2f0 \ud0c0\uc6cc 2", "status": 1, "delivery_status": 0, "weather": 1, "phone_num": "010-1234-1234", "payment_status": 0, "gift_coupon": null, "yosigy_ticket": []}}, {"model": "order.order", "pk": "6a924a21-19ee-40e4-bc84-e994fdd56ef8", "fields": {"created_time": "2019-03-31T05:36:57.925Z", "updated_time": "2019-05-31T05:37:25.009Z", "user": 9, "cart": "685cf5a5-08dd-418a-b0c1-a140aa8e7c57", "restaurant": 6, "total_price": 18000, "address": "\uc11c\uc6b8\uc2dc \uc11c\ucd08\uad6c \uc11c\ucd082\ub3d9 \ud790\uc2a4\ud14c\uc774\ud2b8 102\ub3d9 101\ud638", "address_detail": "\uc11c\ucd082\ub3d9 \ub9c8\uc81c\uc2a4\ud0c0 \uc2dc\ud2f0 \ud0c0\uc6cc 2", "status": 1, "delivery_status": 0, "weather": 2, "phone_num": "010-1234-1234", "payment_status": 0, "gift_coupon": null, "yosigy_ticket": []}}, {"model": "order.order", "pk": "6af0dc15-b990-4ebf-b851-040fbe3b197a", "fields": {"created_time": "2019-05-17T05:25:57.152Z", "updated_time": "2019-05-17T05:25:57.152Z", "user": 9, "cart": "4f0ad4fc-e7e2-4ada-97f0-b2885ec8c280", "restaurant": 1, "total_price": 104000, "address": "\uc11c\uc6b8\uc2dc \uc11c\ucd08\uad6c \uc11c\ucd082\ub3d9 \ud790\uc2a4\ud14c\uc774\ud2b8 102\ub3d9 101\ud638", "address_detail": "\uc11c\ucd082\ub3d9 \ub9c8\uc81c\uc2a4\ud0c0 \uc2dc\ud2f0 \ud0c0\uc6cc 2", "status": 1, "delivery_status": 0, "weather": 3, "phone_num": "010-1234-1234", "payment_status": 0, "gift_coupon": null, "yosigy_ticket": []}}, {"model": "order.order", "pk": "6af7829a-3cc8-4ffa-98e8-2cfd08acefb4", "fields": {"created_time": "2019-05-31T04:54:56.347Z", "updated_time": "2019-05-31T04:55:23.537Z", "user": 9, "cart": "9fa1f086-430c-481b-b8c4-b869cc9ab8fa", "restaurant": 1, "total_price": 342000, "address": "\uc11c\uc6b8\uc2dc \uc11c\ucd08\uad6c \uc11c\ucd082\ub3d9 \ud790\uc2a4\ud14c\uc774\ud2b8 102\ub3d9 101\ud638", "address_detail": "\uc11c\ucd082\ub3d9 \ub9c8\uc81c\uc2a4\ud0c0 \uc2dc\ud2f0 \ud0c0\uc6cc 2", "status": 1, "delivery_status": 2, "weather": 1, "phone_num": "010-1234-1234", "payment_status": 0, "gift_coupon": null, "yosigy_ticket": []}}, {"model": "order.order", "pk": "6f625778-c098-4bac-8f5e-c745587c2945", "fields": {"created_time": "2019-05-31T02:04:33.837Z", "updated_time": "2019-05-31T02:09:42.299Z", "user": 12, "cart": "3cbcce41-07c1-48d6-9f34-72213eb874f4", "restaurant": 7, "total_price": 53000, "address": "\ub9c8\uc870\ub85c 15\uae38 14-1", "address_detail": "201\ud638", "status": 1, "delivery_status": 2, "weather": 0, "phone_num": "010-7331-4120", "payment_status": 0, "gift_coupon": null, "yosigy_ticket": []}}, {"model": "order.order", "pk": "705fff2f-9883-4266-9c9a-42ee1efb1037", "fields": {"created_time": "2019-05-21T02:54:21.682Z", "updated_time": "2019-05-21T02:58:35.079Z", "user": 9, "cart": "071805f7-81ee-4cb0-a32c-50a9a48b941e", "restaurant": 5, "total_price": 211000, "address": "\uc11c\uc6b8\uc2dc \uc11c\ucd08\uad6c \uc11c\ucd082\ub3d9 \ud790\uc2a4\ud14c\uc774\ud2b8 102\ub3d9 101\ud638", "address_detail": "\uc11c\ucd082\ub3d9 \ub9c8\uc81c\uc2a4\ud0c0 \uc2dc\ud2f0 \ud0c0\uc6cc 2", "status": 1, "delivery_status": 0, "weather": 2, "phone_num": "010-1234-1234", "payment_status": 0, "gift_coupon": null, "yosigy_ticket": []}}, {"model": "order.order", "pk": "70885252-75e8-4c2e-9de7-c7558bffe0cf", "fields": {"created_time": "2019-05-16T09:28:52.420Z", "updated_time": "2019-05-16T09:29:54.485Z", "user": 9, "cart": "1404ee19-c201-4d95-aab1-b0a9fa4b272c", "restaurant": 1, "total_price": 262000, "address": "\uc11c\uc6b8\uc2dc \uc11c\ucd08\uad6c \uc11c\ucd082\ub3d9 \ud790\uc2a4\ud14c\uc774\ud2b8 102\ub3d9 101\ud638", "address_detail": "\uc11c\ucd082\ub3d9 \ub9c8\uc81c\uc2a4\ud0c0 \uc2dc\ud2f0 \ud0c0\uc6cc 2", "status": 1, "delivery_status": 0, "weather": 3, "phone_num": "010-1234-1234", "payment_status": 0, "gift_coupon": null, "yosigy_ticket": []}}, {"model": "order.order", "pk": "72f3cb12-64e1-444a-95f5-83ce83749251", "fields": {"created_time": "2019-05-17T04:46:03.855Z", "updated_time": "2019-05-17T04:47:40.540Z", "user": 9, "cart": "5794abcb-da66-499c-b618-701182784644", "restaurant": 1, "total_price": 65000, "address": "\uc11c\uc6b8\uc2dc \uc11c\ucd08\uad6c \uc11c\ucd082\ub3d9 \ud790\uc2a4\ud14c\uc774\ud2b8 102\ub3d9 101\ud638", "address_detail": "\uc11c\ucd082\ub3d9 \ub9c8\uc81c\uc2a4\ud0c0 \uc2dc\ud2f0 \ud0c0\uc6cc 2", "status": 1, "delivery_status": 0, "weather": 4, "phone_num": "010-1234-1234", "payment_status": 0, "gift_coupon": null, "yosigy_ticket": []}}, {"model": "order.order", "pk": "772b5ce2-a2ca-4ba5-ac99-e64726f3e703", "fields": {"created_time": "2019-04-16T08:29:34.189Z", "updated_time": "2019-05-16T08:36:04.691Z", "user": 9, "cart": "c19b759c-5693-48f3-a00f-f6acfe729fd9", "restaurant": 1, "total_price": 65000, "address": "\uc11c\uc6b8\uc2dc \uc11c\ucd08\uad6c \uc11c\ucd082\ub3d9 \ud790\uc2a4\ud14c\uc774\ub4dc 102\ub3d9 101\ud638", "address_detail": "\uc11c\ucd082\ub3d9 \ub9c8\uc81c\uc2a4\ud0c0 \uc2dc\ud2f0 \ud0c0\uc6cc 2", "status": 1, "delivery_status": 0, "weather": 1, "phone_num": "010-1234-1234", "payment_status": 0, "gift_coupon": null, "yosigy_ticket": []}}, {"model": "order.order", "pk": "78c2faa8-aa5d-4268-82c8-f16013b3b7ef", "fields": {"created_time": "2019-05-16T08:30:37.173Z", "updated_time": "2019-05-16T09:03:35.165Z", "user": 9, "cart": "305e82c0-d065-4569-8644-eac938ea60bc", "restaurant": 1, "total_price": 90000, "address": "\uc11c\uc6b8\uc2dc \uc11c\ucd08\uad6c \uc11c\ucd082\ub3d9 \ud790\uc2a4\ud14c\uc774\ub4dc 102\ub3d9 101\ud638", "address_detail": "\uc11c\ucd082\ub3d9 \ub9c8\uc81c\uc2a4\ud0c0 \uc2dc\ud2f0 \ud0c0\uc6cc 2", "status": 1, "delivery_status": 0, "weather": 3, "phone_num": "010-1234-1234", "payment_status": 0, "gift_coupon": null, "yosigy_ticket": []}}, {"model": "order.order", "pk": "79d2cdde-bf6b-4e9b-84f9-17ad9359282d", "fields": {"created_time": "2019-04-22T09:35:26.638Z", "updated_time": "2019-05-22T09:35:26.638Z", "user": 9, "cart": "2b25e2cd-b901-48ed-8c4f-142456dc2c72", "restaurant": 1, "total_price": 23000, "address": "\uc11c\uc6b8\uc2dc \uc11c\ucd08\uad6c \uc11c\ucd082\ub3d9 \ud790\uc2a4\ud14c\uc774\ud2b8 102\ub3d9 101\ud638", "address_detail": "\uc11c\ucd082\ub3d9 \ub9c8\uc81c\uc2a4\ud0c0 \uc2dc\ud2f0 \ud0c0\uc6cc 2", "status": 1, "delivery_status": 0, "weather": 2, "phone_num": "010-1234-1234", "payment_status": 0, "gift_coupon": null, "yosigy_ticket": []}}, {"model": "order.order", "pk": "7a46c8d3-293d-44b1-a773-5689162d2173", "fields": {"created_time": "2019-05-16T09:01:01.123Z", "updated_time": "2019-05-16T09:03:42.346Z", "user": 9, "cart": "22f23f8c-d536-4dcb-8712-d2c6d978f1d0", "restaurant": 1, "total_price": 47000, "address": "\uc11c\uc6b8\uc2dc \uc11c\ucd08\uad6c \uc11c\ucd082\ub3d9 \ud790\uc2a4\ud14c\uc774\ud2b8 102\ub3d9 101\ud638", "address_detail": "\uc11c\ucd082\ub3d9 \ub9c8\uc81c\uc2a4\ud0c0 \uc2dc\ud2f0 \ud0c0\uc6cc 2", "status": 1, "delivery_status": 0, "weather": 4, "phone_num": "010-1234-1234", "payment_status": 0, "gift_coupon": null, "yosigy_ticket": []}}, {"model": "order.order", "pk": "7cc72f4a-e7e0-48e2-b9d4-8e497bacc30e", "fields": {"created_time": "2019-05-16T09:27:41.939Z", "updated_time": "2019-05-16T09:30:25.443Z", "user": 9, "cart": "56e32587-2633-46be-ae48-6fc61fa8aabc", "restaurant": 1, "total_price": 246000, "address": "\uc11c\uc6b8\uc2dc \uc11c\ucd08\uad6c \uc11c\ucd082\ub3d9 \ud790\uc2a4\ud14c\uc774\ud2b8 102\ub3d9 101\ud638", "address_detail": "\uc11c\ucd082\ub3d9 \ub9c8\uc81c\uc2a4\ud0c0 \uc2dc\ud2f0 \ud0c0\uc6cc 2", "status": 1, "delivery_status": 0, "weather": 4, "phone_num": "010-1234-1234", "payment_status": 0, "gift_coupon": null, "yosigy_ticket": []}}, {"model": "order.order", "pk": "7ffd5a2a-d30e-443d-b12e-6985701fecb3", "fields": {"created_time": "2019-07-02T05:25:11.669Z", "updated_time": "2019-07-02T05:25:11.669Z", "user": 16, "cart": "3625fd0d-2c1b-4c4c-84cd-79f4a2b4dbae", "restaurant": 1, "total_price": 2000, "address": "\uc11c\uc6b8\uc2dc \uc11c\ucd08\uad6c \uc11c\ucd082\ub3d9", "address_detail": "\uc2a4\ud14c\uc774\ud2b8 102\ub3d9 101\ud638", "status": 0, "delivery_status": 0, "weather": 0, "phone_num": "010-1231-2355", "payment_status": 0, "gift_coupon": 15, "yosigy_ticket": []}}, {"model": "order.order", "pk": "89b27d6c-ac49-4c2e-981f-a0bf5c5fd4b7", "fields": {"created_time": "2019-05-16T08:53:27.677Z", "updated_time": "2019-05-17T04:48:41.038Z", "user": 9, "cart": "1085db2e-216d-4e71-8ea1-905870fcb316", "restaurant": 1, "total_price": 42000, "address": "\uc11c\uc6b8\uc2dc \uc11c\ucd08\uad6c \uc11c\ucd082\ub3d9 \ud790\uc2a4\ud14c\uc774\ud2b8 102\ub3d9 101\ud638", "address_detail": "\uc11c\ucd082\ub3d9 \ub9c8\uc81c\uc2a4\ud0c0 \uc2dc\ud2f0 \ud0c0\uc6cc 2", "status": 1, "delivery_status": 0, "weather": 3, "phone_num": "010-1234-1234", "payment_status": 0, "gift_coupon": null, "yosigy_ticket": []}}, {"model": "order.order", "pk": "8ef6c85d-5258-412a-a9d6-3fb08e1bcc7c", "fields": {"created_time": "2019-05-29T08:07:31.435Z", "updated_time": "2019-05-29T08:08:53.114Z", "user": 9, "cart": "b67478f4-87c1-4618-98cf-71df2ad4ad10", "restaurant": 6, "total_price": 202000, "address": "\uc11c\uc6b8\uc2dc \uc11c\ucd08\uad6c \uc11c\ucd082\ub3d9 \ud790\uc2a4\ud14c\uc774\ud2b8 102\ub3d9 101\ud638", "address_detail": "\uc11c\ucd082\ub3d9 \ub9c8\uc81c\uc2a4\ud0c0 \uc2dc\ud2f0 \ud0c0\uc6cc 2", "status": 1, "delivery_status": 0, "weather": 1, "phone_num": "010-1234-1234", "payment_status": 0, "gift_coupon": null, "yosigy_ticket": []}}, {"model": "order.order", "pk": "93e3d362-57b7-4fff-8d8c-0015526f7ac6", "fields": {"created_time": "2019-05-16T09:01:29.650Z", "updated_time": "2019-05-21T09:29:25.766Z", "user": 9, "cart": "2a04f034-7cd5-4327-8204-7cada08eaa79", "restaurant": 1, "total_price": 47000, "address": "\uc11c\uc6b8\uc2dc \uc11c\ucd08\uad6c \uc11c\ucd082\ub3d9 \ud790\uc2a4\ud14c\uc774\ud2b8 102\ub3d9 101\ud638", "address_detail": "\uc11c\ucd082\ub3d9 \ub9c8\uc81c\uc2a4\ud0c0 \uc2dc\ud2f0 \ud0c0\uc6cc 2", "status": 1, "delivery_status": 0, "weather": 1, "phone_num": "010-1234-1234", "payment_status": 0, "gift_coupon": null, "yosigy_ticket": []}}, {"model": "order.order", "pk": "954a77aa-b711-466f-8a88-a9a206c54798", "fields": {"created_time": "2019-05-30T21:17:12.468Z", "updated_time": "2019-05-30T08:17:35.382Z", "user": 9, "cart": "9384eae0-5694-4fb8-b885-c5fc50cd8ae4", "restaurant": 6, "total_price": 50000, "address": "\uc11c\uc6b8\uc2dc \uc11c\ucd08\uad6c \uc11c\ucd082\ub3d9 \ud790\uc2a4\ud14c\uc774\ud2b8 102\ub3d9 101\ud638", "address_detail": "\uc11c\ucd082\ub3d9 \ub9c8\uc81c\uc2a4\ud0c0 \uc2dc\ud2f0 \ud0c0\uc6cc 2", "status": 1, "delivery_status": 2, "weather": 3, "phone_num": "010-1234-1234", "payment_status": 0, "gift_coupon": null, "yosigy_ticket": []}}, {"model": "order.order", "pk": "95bc00bd-d41a-4fac-9208-c4a334e4477b", "fields": {"created_time": "2019-06-20T09:18:02.722Z", "updated_time": "2019-06-20T09:18:02.722Z", "user": 9, "cart": null, "restaurant": 10, "total_price": 0, "address": "\uc11c\uc6b8\uc2dc \uc11c\ucd08\uad6c \uc11c\ucd082\ub3d9 \ud790\uc2a4\ud14c\uc774\ud2b8 102\ub3d9 101\ud638", "address_detail": "\uc11c\ucd082\ub3d9 \ub9c8\uc81c\uc2a4\ud0c0 \uc2dc\ud2f0 \ud0c0\uc6cc 2", "status": 1, "delivery_status": 0, "weather": 0, "phone_num": "010-1234-1234", "payment_status": 0, "gift_coupon": null, "yosigy_ticket": []}}, {"model": "order.order", "pk": "9656c42b-a603-49c2-9205-9a169658a0c3", "fields": {"created_time": "2019-05-31T04:57:20.856Z", "updated_time": "2019-05-31T04:57:41.034Z", "user": 9, "cart": "f3cb5f94-8ef1-49ab-a059-0337bcce5f4d", "restaurant": 1, "total_price": 302000, "address": "\uc11c\uc6b8\uc2dc \uc11c\ucd08\uad6c \uc11c\ucd082\ub3d9 \ud790\uc2a4\ud14c\uc774\ud2b8 102\ub3d9 101\ud638", "address_detail": "\uc11c\ucd082\ub3d9 \ub9c8\uc81c\uc2a4\ud0c0 \uc2dc\ud2f0 \ud0c0\uc6cc 2", "status": 1, "delivery_status": 2, "weather": 3, "phone_num": "010-1234-1234", "payment_status": 0, "gift_coupon": null, "yosigy_ticket": []}}, {"model": "order.order", "pk": "96760087-6316-460a-b277-a25da983e5b3", "fields": {"created_time": "2019-05-29T12:39:29.760Z", "updated_time": "2019-05-29T12:39:56.663Z", "user": 9, "cart": "10c0dbec-a807-4da6-9c51-4b74b5ca61b7", "restaurant": 1, "total_price": 74000, "address": "\uc11c\uc6b8\uc2dc \uc11c\ucd08\uad6c \uc11c\ucd082\ub3d9 \ud790\uc2a4\ud14c\uc774\ud2b8 102\ub3d9 101\ud638", "address_detail": "\uc11c\ucd082\ub3d9 \ub9c8\uc81c\uc2a4\ud0c0 \uc2dc\ud2f0 \ud0c0\uc6cc 2", "status": 1, "delivery_status": 0, "weather": 3, "phone_num": "010-1234-1234", "payment_status": 0, "gift_coupon": null, "yosigy_ticket": []}}, {"model": "order.order", "pk": "96819e6c-6009-4df5-ac4a-082c3caf71af", "fields": {"created_time": "2019-07-01T06:22:05.375Z", "updated_time": "2019-07-01T06:22:05.375Z", "user": 11, "cart": null, "restaurant": 1, "total_price": 0, "address": "\uc11c\uc6b8\uc2dc \uc11c\ucd08\uad6c \uc11c\ucd082\ub3d9 \ud790\uc2a4\ud14c\uc774\ud2b8 102\ub3d9 101\ud638", "address_detail": "\uc11c\ucd082\ub3d9", "status": 1, "delivery_status": 0, "weather": 0, "phone_num": "010-1231-2355", "payment_status": 0, "gift_coupon": null, "yosigy_ticket": []}}, {"model": "order.order", "pk": "99f4cfe3-c803-4d7b-83c8-3c1927adaeb1", "fields": {"created_time": "2019-05-29T12:35:44.801Z", "updated_time": "2019-05-29T12:36:23.649Z", "user": 9, "cart": "85483afc-9183-47fb-a96b-270319670c98", "restaurant": 6, "total_price": 42000, "address": "\uc11c\uc6b8\uc2dc \uc11c\ucd08\uad6c \uc11c\ucd082\ub3d9 \ud790\uc2a4\ud14c\uc774\ud2b8 102\ub3d9 101\ud638", "address_detail": "\uc11c\ucd082\ub3d9 \ub9c8\uc81c\uc2a4\ud0c0 \uc2dc\ud2f0 \ud0c0\uc6cc 2", "status": 1, "delivery_status": 0, "weather": 2, "phone_num": "010-1234-1234", "payment_status": 0, "gift_coupon": null, "yosigy_ticket": []}}, {"model": "order.order", "pk": "9be4c8f9-2afe-47ca-8734-e3d6b53cea97", "fields": {"created_time": "2019-04-22T01:35:00.341Z", "updated_time": "2019-05-22T01:35:24.317Z", "user": 9, "cart": "cc1e30e6-3888-4813-a637-732ad56c39d8", "restaurant": 5, "total_price": 20000, "address": "\uc11c\uc6b8\uc2dc \uc11c\ucd08\uad6c \uc11c\ucd082\ub3d9 \ud790\uc2a4\ud14c\uc774\ud2b8 102\ub3d9 101\ud638", "address_detail": "\uc11c\ucd082\ub3d9 \ub9c8\uc81c\uc2a4\ud0c0 \uc2dc\ud2f0 \ud0c0\uc6cc 2", "status": 1, "delivery_status": 0, "weather": 1, "phone_num": "010-1234-1234", "payment_status": 0, "gift_coupon": null, "yosigy_ticket": []}}, {"model": "order.order", "pk": "a4b0f444-d890-4418-afeb-0d8f266cd34a", "fields": {"created_time": "2019-05-31T03:43:51.573Z", "updated_time": "2019-05-31T02:43:51.573Z", "user": 12, "cart": "538f0878-c06c-45d0-b50a-43c0ef5275a9", "restaurant": 7, "total_price": 8000, "address": "\ub9c8\uc870\ub85c 15\uae38 14-1", "address_detail": "201\ud638", "status": 1, "delivery_status": 0, "weather": 0, "phone_num": "010-7331-4120", "payment_status": 0, "gift_coupon": null, "yosigy_ticket": []}}, {"model": "order.order", "pk": "a61e361d-be2c-4f64-a498-75f80c1e7d1a", "fields": {"created_time": "2019-05-30T02:00:12.079Z", "updated_time": "2019-05-30T02:00:38.691Z", "user": 9, "cart": "45b8e3fc-1a1f-4fa6-8db6-0094f34759cc", "restaurant": 1, "total_price": 20000, "address": "\uc11c\uc6b8\uc2dc \uc11c\ucd08\uad6c \uc11c\ucd082\ub3d9 \ud790\uc2a4\ud14c\uc774\ud2b8 102\ub3d9 101\ud638", "address_detail": "\uc11c\ucd082\ub3d9 \ub9c8\uc81c\uc2a4\ud0c0 \uc2dc\ud2f0 \ud0c0\uc6cc 2", "status": 1, "delivery_status": 0, "weather": 1, "phone_num": "010-1234-1234", "payment_status": 0, "gift_coupon": null, "yosigy_ticket": []}}, {"model": "order.order", "pk": "a811e402-823a-4da6-bf56-85f94559cd48", "fields": {"created_time": "2019-05-30T16:34:46.807Z", "updated_time": "2019-05-31T01:25:52.501Z", "user": 12, "cart": "b3e7cb30-53a1-4d4c-9452-02ce09dd6b8b", "restaurant": 7, "total_price": 39000, "address": "\ub9c8\uc870\ub85c 15\uae38 14-1", "address_detail": "201\ud638", "status": 1, "delivery_status": 2, "weather": 0, "phone_num": "010-7331-4120", "payment_status": 0, "gift_coupon": null, "yosigy_ticket": []}}, {"model": "order.order", "pk": "a8d2ed27-7f09-4715-9582-0a8c23b25f25", "fields": {"created_time": "2019-07-02T03:23:27.011Z", "updated_time": "2019-07-02T03:23:27.011Z", "user": 9, "cart": null, "restaurant": 8, "total_price": 0, "address": "\uc11c\uc6b8\uc2dc \uc11c\ucd08\uad6c \uc11c\ucd082\ub3d9 \ud790\uc2a4\ud14c\uc774\ud2b8 102\ub3d9 101\ud638", "address_detail": "\uc11c\ucd082\ub3d9 \ub9c8\uc81c\uc2a4\ud0c0 \uc2dc\ud2f0 \ud0c0\uc6cc 2", "status": 0, "delivery_status": 0, "weather": 0, "phone_num": "010-1234-1234", "payment_status": 0, "gift_coupon": null, "yosigy_ticket": [82, 84]}}, {"model": "order.order", "pk": "ad47ddc3-b387-48da-872e-fc48a3dcf730", "fields": {"created_time": "2019-05-30T12:04:38.527Z", "updated_time": "2019-05-30T13:05:32.019Z", "user": 9, "cart": "1f634289-94e2-4ad5-a4b6-1491d881c68e", "restaurant": 6, "total_price": 119000, "address": "\uc11c\uc6b8\uc2dc \uc11c\ucd08\uad6c \uc11c\ucd082\ub3d9 \ud790\uc2a4\ud14c\uc774\ud2b8 102\ub3d9 101\ud638", "address_detail": "\uc11c\ucd082\ub3d9 \ub9c8\uc81c\uc2a4\ud0c0 \uc2dc\ud2f0 \ud0c0\uc6cc 2", "status": 1, "delivery_status": 2, "weather": 1, "phone_num": "010-1234-1234", "payment_status": 0, "gift_coupon": null, "yosigy_ticket": []}}, {"model": "order.order", "pk": "ae5d5901-dee2-49b7-b9d9-ef7abc6b7e9d", "fields": {"created_time": "2019-05-21T09:29:55.725Z", "updated_time": "2019-05-21T09:30:08.397Z", "user": 9, "cart": "904aa274-f9b8-406f-ab35-a7056888b3f0", "restaurant": 5, "total_price": 167000, "address": "\uc11c\uc6b8\uc2dc \uc11c\ucd08\uad6c \uc11c\ucd082\ub3d9 \ud790\uc2a4\ud14c\uc774\ud2b8 102\ub3d9 101\ud638", "address_detail": "\uc11c\ucd082\ub3d9 \ub9c8\uc81c\uc2a4\ud0c0 \uc2dc\ud2f0 \ud0c0\uc6cc 2", "status": 1, "delivery_status": 0, "weather": 1, "phone_num": "010-1234-1234", "payment_status": 0, "gift_coupon": null, "yosigy_ticket": []}}, {"model": "order.order", "pk": "af56cf85-fcd0-4001-b782-5d7f6a6adf0a", "fields": {"created_time": "2019-05-17T04:46:38.334Z", "updated_time": "2019-05-17T04:50:00.693Z", "user": 9, "cart": "33797e8a-a220-482c-9b76-102fe726c878", "restaurant": 1, "total_price": 242000, "address": "\uc11c\uc6b8\uc2dc \uc11c\ucd08\uad6c \uc11c\ucd082\ub3d9 \ud790\uc2a4\ud14c\uc774\ud2b8 102\ub3d9 101\ud638", "address_detail": "\uc11c\ucd082\ub3d9 \ub9c8\uc81c\uc2a4\ud0c0 \uc2dc\ud2f0 \ud0c0\uc6cc 2", "status": 1, "delivery_status": 0, "weather": 3, "phone_num": "010-1234-1234", "payment_status": 0, "gift_coupon": null, "yosigy_ticket": []}}, {"model": "order.order", "pk": "b0f90083-7c66-4617-897e-1604ade5df1e", "fields": {"created_time": "2019-03-16T08:32:05.271Z", "updated_time": "2019-05-16T08:38:28.189Z", "user": 9, "cart": "8f185d73-6281-4c02-88ad-128a7f791c0e", "restaurant": 1, "total_price": 90000, "address": "\uc11c\uc6b8\uc2dc \uc11c\ucd08\uad6c \uc11c\ucd082\ub3d9 \ud790\uc2a4\ud14c\uc774\ub4dc 102\ub3d9 101\ud638", "address_detail": "\uc11c\ucd082\ub3d9 \ub9c8\uc81c\uc2a4\ud0c0 \uc2dc\ud2f0 \ud0c0\uc6cc 2", "status": 1, "delivery_status": 0, "weather": 1, "phone_num": "010-1234-1234", "payment_status": 0, "gift_coupon": null, "yosigy_ticket": []}}, {"model": "order.order", "pk": "b232262e-9b16-4a22-b3c2-ed82fb963fe8", "fields": {"created_time": "2019-07-02T06:42:50.476Z", "updated_time": "2019-07-02T06:42:50.476Z", "user": 9, "cart": "525afb3a-016f-4a5f-939b-d87e6e9e5fc0", "restaurant": 1, "total_price": 0, "address": "\uc11c\uc6b8\uc2dc \uc11c\ucd08\uad6c \uc11c\ucd082\ub3d9 \ud790\uc2a4\ud14c\uc774\ud2b8 102\ub3d9 101\ud638", "address_detail": "\uc11c\ucd082\ub3d9 \ub9c8\uc81c\uc2a4\ud0c0 \uc2dc\ud2f0 \ud0c0\uc6cc 2", "status": 0, "delivery_status": 0, "weather": 0, "phone_num": "010-6638-1491", "payment_status": 0, "gift_coupon": 19, "yosigy_ticket": []}}, {"model": "order.order", "pk": "b53bcc41-15b5-4eb2-929f-31e028d59c5a", "fields": {"created_time": "2019-06-18T09:31:33.917Z", "updated_time": "2019-06-18T09:31:33.917Z", "user": 9, "cart": "52f36a01-06e1-4532-af57-ac0cfb753739", "restaurant": 1, "total_price": 44000, "address": "\uc11c\uc6b8\uc2dc \uc11c\ucd08\uad6c \uc11c\ucd082\ub3d9 \ud790\uc2a4\ud14c\uc774\ud2b8 102\ub3d9 101\ud638", "address_detail": "\uc11c\ucd082\ub3d9 \ub9c8\uc81c\uc2a4\ud0c0 \uc2dc\ud2f0 \ud0c0\uc6cc 2", "status": 1, "delivery_status": 0, "weather": 0, "phone_num": "010-1234-1234", "payment_status": 0, "gift_coupon": null, "yosigy_ticket": []}}, {"model": "order.order", "pk": "b56e0afd-22cb-4466-a506-9477b8ea3f48", "fields": {"created_time": "2019-05-31T01:11:06.403Z", "updated_time": "2019-05-31T01:25:52.452Z", "user": 12, "cart": "ff836ce4-8efb-48db-b518-81a72b642a1a", "restaurant": 7, "total_price": 62000, "address": "\ub9c8\uc870\ub85c 15\uae38 14-1", "address_detail": "201\ud638", "status": 1, "delivery_status": 2, "weather": 0, "phone_num": "010-7331-4120", "payment_status": 0, "gift_coupon": null, "yosigy_ticket": []}}, {"model": "order.order", "pk": "b69afe54-49dd-4fcc-9349-0cb210799539", "fields": {"created_time": "2019-05-16T08:24:10.466Z", "updated_time": "2019-05-16T08:27:54.010Z", "user": 9, "cart": "ecfc6d51-5d9d-4045-8657-ec15a8f93a5b", "restaurant": 1, "total_price": 68000, "address": "\uc11c\uc6b8\uc2dc \uc11c\ucd08\uad6c \uc11c\ucd082\ub3d9 \ud790\uc2a4\ud14c\uc774\ub4dc 102\ub3d9 101\ud638", "address_detail": "\uc11c\ucd082\ub3d9 \ub9c8\uc81c\uc2a4\ud0c0 \uc2dc\ud2f0 \ud0c0\uc6cc 2", "status": 1, "delivery_status": 0, "weather": 3, "phone_num": "010-1234-1234", "payment_status": 0, "gift_coupon": null, "yosigy_ticket": []}}, {"model": "order.order", "pk": "ba2ae6f2-4136-4181-9a5a-050911cf24f4", "fields": {"created_time": "2019-05-16T08:30:11.050Z", "updated_time": "2019-05-16T09:04:05.114Z", "user": 9, "cart": "897ff3c5-e130-4e93-9da0-91d81ede76a6", "restaurant": 1, "total_price": 22000, "address": "\uc11c\uc6b8\uc2dc \uc11c\ucd08\uad6c \uc11c\ucd082\ub3d9 \ud790\uc2a4\ud14c\uc774\ub4dc 102\ub3d9 101\ud638", "address_detail": "\uc11c\ucd082\ub3d9 \ub9c8\uc81c\uc2a4\ud0c0 \uc2dc\ud2f0 \ud0c0\uc6cc 2", "status": 1, "delivery_status": 0, "weather": 3, "phone_num": "010-1234-1234", "payment_status": 0, "gift_coupon": null, "yosigy_ticket": []}}, {"model": "order.order", "pk": "be23363e-9ee7-4441-a955-cba98b74ddaa", "fields": {"created_time": "2019-05-21T09:27:48.004Z", "updated_time": "2019-05-21T09:28:12.754Z", "user": 9, "cart": "01bf0df2-7a1c-48ff-8ec2-106921d2155b", "restaurant": 5, "total_price": 80000, "address": "\uc11c\uc6b8\uc2dc \uc11c\ucd08\uad6c \uc11c\ucd082\ub3d9 \ud790\uc2a4\ud14c\uc774\ud2b8 102\ub3d9 101\ud638", "address_detail": "\uc11c\ucd082\ub3d9 \ub9c8\uc81c\uc2a4\ud0c0 \uc2dc\ud2f0 \ud0c0\uc6cc 2", "status": 1, "delivery_status": 0, "weather": 1, "phone_num": "010-1234-1234", "payment_status": 0, "gift_coupon": null, "yosigy_ticket": []}}, {"model": "order.order", "pk": "c5239867-e19b-4f36-b569-8757281d47a6", "fields": {"created_time": "2019-05-31T02:09:03.603Z", "updated_time": "2019-05-31T02:09:42.286Z", "user": 12, "cart": "075e1d56-3427-4486-90d1-d97daafda34e", "restaurant": 9, "total_price": 49000, "address": "\ub9c8\uc870\ub85c 15\uae38 14-1", "address_detail": "201\ud638", "status": 1, "delivery_status": 2, "weather": 0, "phone_num": "010-7331-4120", "payment_status": 0, "gift_coupon": null, "yosigy_ticket": []}}, {"model": "order.order", "pk": "c7268fee-5c28-4f9c-83bb-f3d2293dc075", "fields": {"created_time": "2019-05-31T04:58:09.353Z", "updated_time": "2019-05-31T04:58:29.971Z", "user": 9, "cart": "73759fb5-0e24-4014-82f7-da2dbe376884", "restaurant": 1, "total_price": 262000, "address": "\uc11c\uc6b8\uc2dc \uc11c\ucd08\uad6c \uc11c\ucd082\ub3d9 \ud790\uc2a4\ud14c\uc774\ud2b8 102\ub3d9 101\ud638", "address_detail": "\uc11c\ucd082\ub3d9 \ub9c8\uc81c\uc2a4\ud0c0 \uc2dc\ud2f0 \ud0c0\uc6cc 2", "status": 1, "delivery_status": 2, "weather": 4, "phone_num": "010-1234-1234", "payment_status": 0, "gift_coupon": null, "yosigy_ticket": []}}, {"model": "order.order", "pk": "cdef90e0-86ab-484f-9086-df51b2deffd4", "fields": {"created_time": "2019-05-16T08:28:44.518Z", "updated_time": "2019-05-16T08:38:40.143Z", "user": 9, "cart": "9df13d0b-ab72-426a-b502-00381c625afc", "restaurant": 1, "total_price": 202000, "address": "\uc11c\uc6b8\uc2dc \uc11c\ucd08\uad6c \uc11c\ucd082\ub3d9 \ud790\uc2a4\ud14c\uc774\ub4dc 102\ub3d9 101\ud638", "address_detail": "\uc11c\ucd082\ub3d9 \ub9c8\uc81c\uc2a4\ud0c0 \uc2dc\ud2f0 \ud0c0\uc6cc 2", "status": 1, "delivery_status": 0, "weather": 3, "phone_num": "010-1234-1234", "payment_status": 0, "gift_coupon": null, "yosigy_ticket": []}}, {"model": "order.order", "pk": "cebcdeba-feba-4e05-8acf-921d3dbbb97e", "fields": {"created_time": "2019-05-17T04:32:09.960Z", "updated_time": "2019-05-17T04:49:39.413Z", "user": 9, "cart": "ecbc0737-8ad2-492f-a461-775fc2e7f791", "restaurant": 1, "total_price": 56000, "address": "\uc11c\uc6b8\uc2dc \uc11c\ucd08\uad6c \uc11c\ucd082\ub3d9 \ud790\uc2a4\ud14c\uc774\ud2b8 102\ub3d9 101\ud638", "address_detail": "\uc11c\ucd082\ub3d9 \ub9c8\uc81c\uc2a4\ud0c0 \uc2dc\ud2f0 \ud0c0\uc6cc 2", "status": 1, "delivery_status": 0, "weather": 3, "phone_num": "010-1234-1234", "payment_status": 0, "gift_coupon": null, "yosigy_ticket": []}}, {"model": "order.order", "pk": "cee41034-ce84-4741-a059-a8604d49a242", "fields": {"created_time": "2019-05-31T07:12:22.836Z", "updated_time": "2019-05-31T07:12:22.836Z", "user": 12, "cart": "669500c7-eb32-4cb1-94f9-74a56efe0284", "restaurant": 8, "total_price": 41000, "address": "\ub9c8\uc870\ub85c 15\uae38 14-1", "address_detail": "201\ud638", "status": 1, "delivery_status": 0, "weather": 0, "phone_num": "010-7331-4120", "payment_status": 0, "gift_coupon": null, "yosigy_ticket": []}}, {"model": "order.order", "pk": "dbcb0b9a-7e20-46d2-8f50-f636e350c248", "fields": {"created_time": "2019-05-31T02:13:06.746Z", "updated_time": "2019-05-31T02:13:06.746Z", "user": 12, "cart": "29512485-6237-48ad-a684-ce358f069abd", "restaurant": 7, "total_price": 35000, "address": "\ub9c8\uc870\ub85c 15\uae38 14-1", "address_detail": "201\ud638", "status": 1, "delivery_status": 0, "weather": 0, "phone_num": "010-7331-4120", "payment_status": 0, "gift_coupon": null, "yosigy_ticket": []}}, {"model": "order.order", "pk": "e06c2641-0f4e-4e81-9a57-1148ff272ef8", "fields": {"created_time": "2019-05-16T08:29:00.718Z", "updated_time": "2019-05-16T08:38:53.861Z", "user": 9, "cart": "d709d14b-f61a-429c-8973-4f2f55aa1e39", "restaurant": 1, "total_price": 22000, "address": "\uc11c\uc6b8\uc2dc \uc11c\ucd08\uad6c \uc11c\ucd082\ub3d9 \ud790\uc2a4\ud14c\uc774\ub4dc 102\ub3d9 101\ud638", "address_detail": "\uc11c\ucd082\ub3d9 \ub9c8\uc81c\uc2a4\ud0c0 \uc2dc\ud2f0 \ud0c0\uc6cc 2", "status": 1, "delivery_status": 0, "weather": 4, "phone_num": "010-1234-1234", "payment_status": 0, "gift_coupon": null, "yosigy_ticket": []}}, {"model": "order.order", "pk": "e131dc2b-e6f0-4606-be0f-832ba008ecd8", "fields": {"created_time": "2019-07-01T05:59:12.792Z", "updated_time": "2019-07-01T05:59:12.792Z", "user": 11, "cart": null, "restaurant": 5, "total_price": 0, "address": "\uc11c\uc6b8\uc2dc \uc11c\ucd08\uad6c \uc11c\ucd082\ub3d9 \ud790\uc2a4\ud14c\uc774\ud2b8 102\ub3d9 101\ud638", "address_detail": "\uc11c\ucd082\ub3d9", "status": 1, "delivery_status": 0, "weather": 0, "phone_num": "010-1231-2355", "payment_status": 0, "gift_coupon": null, "yosigy_ticket": []}}, {"model": "order.order", "pk": "e5e40699-c717-4596-a126-167617b849d3", "fields": {"created_time": "2019-05-31T07:26:09.070Z", "updated_time": "2019-05-31T07:26:09.070Z", "user": 9, "cart": "63f7a4fb-615c-4faa-92c7-d274ea04011c", "restaurant": 1, "total_price": 24000, "address": "\uc11c\uc6b8\uc2dc \uc11c\ucd08\uad6c \uc11c\ucd082\ub3d9 \ud790\uc2a4\ud14c\uc774\ud2b8 102\ub3d9 101\ud638", "address_detail": "\uc11c\ucd082\ub3d9 \ub9c8\uc81c\uc2a4\ud0c0 \uc2dc\ud2f0 \ud0c0\uc6cc 2", "status": 1, "delivery_status": 0, "weather": 0, "phone_num": "010-1234-1234", "payment_status": 0, "gift_coupon": 3, "yosigy_ticket": []}}, {"model": "menu.menu", "pk": 1, "fields": {"created_time": "2019-05-02T06:08:55.691Z", "updated_time": "2019-06-17T02:54:26.426Z", "restaurant": 1, "name": "\uace0\ucd94\ubc14\uc0ac\uc0ad", "img": "menu/2019/05/01/\u1100\u1169\u110e\u116e\u1107\u1161\u1109\u1161\u1109\u1161\u11a8.jpeg", "detail": "\ub9e4\ucf64 \ubc14\uc0ad\ud55c \uce58\ud0a8", "price": 18000, "type": "\uc778\uae30 \uba54\ub274", "hit": 0, "score": 0.0, "is_recommended": false, "is_yosigy": false, "is_set_menu": true, "tastes": [], "like": []}}, {"model": "menu.menu", "pk": 2, "fields": {"created_time": "2019-05-02T06:08:55.691Z", "updated_time": "2019-06-10T14:42:56.028Z", "restaurant": 1, "name": "\uac08\ube44\ucc9c\uc655", "img": "menu/2019/05/01/\u1100\u1161\u11af\u1107\u1175\u110e\u1165\u11ab\u110b\u116a\u11bc.jpg", "detail": "\uac08\ube44\uc591\ub150\uc774 \ub4e4\uc5b4\uac04 \uce58\ud0a8", "price": 20000, "type": "\uc591\ub150\ub958", "hit": 0, "score": 0.0, "is_recommended": false, "is_yosigy": false, "is_set_menu": false, "tastes": [], "like": []}}, {"model": "menu.menu", "pk": 3, "fields": {"created_time": "2019-05-02T06:08:55.691Z", "updated_time": "2019-05-02T07:49:57.440Z", "restaurant": 1, "name": "\ud5c8\ub2c8\uba5c\ub85c", "img": "menu/2019/05/01/\u1112\u1165\u1102\u1175\u1106\u1166\u11af\u1105\u1169.jpg", "detail": "\ub2ec\ucf64\ud55c\uce58\ud0a8", "price": 21000, "type": "\uc778\uae30 \uba54\ub274", "hit": 0, "score": 0.0, "is_recommended": false, "is_yosigy": false, "is_set_menu": false, "tastes": [1], "like": []}}, {"model": "menu.menu", "pk": 4, "fields": {"created_time": "2019-05-02T13:35:40.826Z", "updated_time": "2019-06-21T02:07:48.334Z", "restaurant": 1, "name": "\ubcfc\ucf00\uc774\ub178", "img": "menu/2019/05/05/\u1107\u1169\u11af\u110f\u1166\u110b\u1175\u1102\u1169.png", "detail": "\ub9e4\ucf64\ud55c \uce58\ud0a8", "price": 22000, "type": "\uc778\uae30 \uba54\ub274", "hit": 0, "score": 0.0, "is_recommended": false, "is_yosigy": true, "is_set_menu": false, "tastes": [2], "like": []}}, {"model": "menu.menu", "pk": 5, "fields": {"created_time": "2019-05-16T08:59:13.787Z", "updated_time": "2019-05-16T08:59:13.787Z", "restaurant": 1, "name": "\ud1b5\ub0a0\uac1c", "img": "menu/2019/05/16/\u1110\u1169\u11bc\u1102\u1161\u11af\u1100\u1162.jpeg", "detail": "\ub0a0\uac1c\ub9cc \uc788\ub294 \uba54\ub274", "price": 21000, "type": "\ub2e8\uba54\ub274", "hit": 0, "score": 0.0, "is_recommended": false, "is_yosigy": false, "is_set_menu": false, "tastes": [3], "like": []}}, {"model": "menu.menu", "pk": 6, "fields": {"created_time": "2019-05-16T08:59:55.082Z", "updated_time": "2019-06-21T02:37:22.165Z", "restaurant": 1, "name": "\ud1b5\ub2e4\ub9ac", "img": "menu/2019/05/16/\u1110\u1169\u11bc\u1103\u1161\u1105\u1175.png", "detail": "\ub2e4\ub9ac\uac00 \uc788\ub294 \uba54\ub274", "price": 24000, "type": "\ub2e8\uba54\ub274", "hit": 0, "score": 0.0, "is_recommended": false, "is_yosigy": false, "is_set_menu": false, "tastes": [3], "like": []}}, {"model": "menu.menu", "pk": 8, "fields": {"created_time": "2019-05-21T02:42:49.666Z", "updated_time": "2019-05-21T02:43:18.636Z", "restaurant": 5, "name": "\uc9dc\uc7a5\ubc25", "img": "menu/2019/05/21/\u110d\u1161\u110c\u1161\u11bc\u1107\u1161\u11b8.jpg", "detail": "\uace0\uc2ac\uace0\uc2ac\ud55c \ubc25", "price": 5500, "type": "\ubc25\ub958", "hit": 0, "score": 0.0, "is_recommended": false, "is_yosigy": false, "is_set_menu": false, "tastes": [3], "like": []}}, {"model": "menu.menu", "pk": 9, "fields": {"created_time": "2019-05-21T02:43:48.780Z", "updated_time": "2019-05-21T02:43:48.780Z", "restaurant": 5, "name": "\uc9ec\ubf55", "img": "menu/2019/05/21/\u110d\u1161\u11b7\u1108\u1169\u11bc.jpg", "detail": "\ub2e4\uc591\ud55c \ud574\uc0b0\ubb3c", "price": 6000, "type": "\uba74\ub958", "hit": 0, "score": 0.0, "is_recommended": false, "is_yosigy": false, "is_set_menu": false, "tastes": [2, 3], "like": []}}, {"model": "menu.menu", "pk": 10, "fields": {"created_time": "2019-05-21T02:44:19.981Z", "updated_time": "2019-05-21T02:44:19.981Z", "restaurant": 5, "name": "\uc9ec\ubf55\ubc25", "img": "menu/2019/05/21/\u110d\u1161\u11b7\u1108\u1169\u11bc\u1107\u1161\u11b8.jpeg", "detail": "\uc2dc\uc6d0\ud55c \uad6d\ubb3c", "price": 6000, "type": "\ubc25\ub958", "hit": 0, "score": 0.0, "is_recommended": false, "is_yosigy": false, "is_set_menu": false, "tastes": [2, 3], "like": []}}, {"model": "menu.menu", "pk": 11, "fields": {"created_time": "2019-05-21T02:44:49.827Z", "updated_time": "2019-05-21T02:44:49.827Z", "restaurant": 5, "name": "\uad70\ub9cc\ub450", "img": "menu/2019/05/21/\u1100\u116e\u11ab\u1106\u1161\u11ab\u1103\u116e.jpg", "detail": "\ubc14\uc0ad\ud55c \ucac4\uae43\ud55c \ub9cc\ub450\ud53c", "price": 8000, "type": "\ud280\uae40\ub958", "hit": 0, "score": 0.0, "is_recommended": false, "is_yosigy": false, "is_set_menu": false, "tastes": [3], "like": []}}, {"model": "menu.menu", "pk": 12, "fields": {"created_time": "2019-05-21T02:45:27.959Z", "updated_time": "2019-05-21T02:45:27.959Z", "restaurant": 5, "name": "\uae50\ud48d\uae30", "img": "menu/2019/05/21/\u1101\u1161\u11ab\u1111\u116e\u11bc\u1100\u1175.jpeg", "detail": "\uce58\ud0a8\ubcf4\ub2e4 \ub9db\uc788\uc74c", "price": 15000, "type": "\ud280\uae40\ub958", "hit": 0, "score": 0.0, "is_recommended": false, "is_yosigy": false, "is_set_menu": false, "tastes": [3], "like": []}}, {"model": "menu.menu", "pk": 13, "fields": {"created_time": "2019-05-21T02:45:57.670Z", "updated_time": "2019-05-21T02:45:57.671Z", "restaurant": 5, "name": "\ud0d5\uc218\uc721 \uc18c", "img": "menu/2019/05/21/\u1110\u1161\u11bc\u1109\u116e\u110b\u1172\u11a8_\u1109\u1169.jpeg", "detail": "\ucc39\uc300 \ubc18\uc8fd", "price": 13000, "type": "\ud280\uae40\ub958", "hit": 0, "score": 0.0, "is_recommended": false, "is_yosigy": false, "is_set_menu": false, "tastes": [], "like": []}}, {"model": "menu.menu", "pk": 14, "fields": {"created_time": "2019-05-21T02:46:21.958Z", "updated_time": "2019-06-13T01:49:15.452Z", "restaurant": 5, "name": "\ud0d5\uc218\uc721 \ub300", "img": "menu/2019/05/21/\u1110\u1161\u11bc\u1109\u116e\u110b\u1172\u11a8_\u1103\u1162.jpeg", "detail": "\ucc39\uc300 \ubc18\uc8fd", "price": 19000, "type": "\ud280\uae40\ub958", "hit": 0, "score": 0.0, "is_recommended": false, "is_yosigy": true, "is_set_menu": false, "tastes": [], "like": []}}, {"model": "menu.menu", "pk": 15, "fields": {"created_time": "2019-05-29T05:34:31.745Z", "updated_time": "2019-06-12T13:12:41.507Z", "restaurant": 6, "name": "\uad11\uc5b4\ud68c \ub300", "img": "menu/2019/05/29/\u1100\u116a\u11bc\u110b\u1165\u1112\u116c_\u1103\u1162.jpg", "detail": "\uc798 \uba39\uace0 \uc798 \uc790\ub780 \ucee4\ub2e4\ub780 \uc591\uc2dd \uad11\uc5b4", "price": 40000, "type": "\ud68c", "hit": 0, "score": 0.0, "is_recommended": false, "is_yosigy": true, "is_set_menu": false, "tastes": [4], "like": []}}, {"model": "menu.menu", "pk": 16, "fields": {"created_time": "2019-05-29T05:35:04.923Z", "updated_time": "2019-05-29T05:35:04.923Z", "restaurant": 6, "name": "\uad11\uc5b4\ud68c \uc911", "img": "menu/2019/05/29/\u1100\u116a\u11bc\u110b\u1165\u1112\u116c_\u110c\u116e\u11bc.jpg", "detail": "3\uba85\uc774 \uba39\uae30 \uc88b\uc740 \uc591", "price": 32000, "type": "\ud68c", "hit": 0, "score": 0.0, "is_recommended": false, "is_yosigy": false, "is_set_menu": false, "tastes": [4], "like": []}}, {"model": "menu.menu", "pk": 17, "fields": {"created_time": "2019-05-29T05:35:28.752Z", "updated_time": "2019-06-22T10:51:52.001Z", "restaurant": 6, "name": "\uad11\uc5b4\ud68c \uc18c", "img": "menu/2019/06/22/\u1100\u116a\u11bc\u110b\u1165\u1112\u116c_\u1109\u1169_new.png", "detail": "\uac00\uc131\ube44 \uc88b\uc740 \ud68c", "price": 27000, "type": "\ud68c", "hit": 0, "score": 0.0, "is_recommended": false, "is_yosigy": false, "is_set_menu": false, "tastes": [4], "like": []}}, {"model": "menu.menu", "pk": 18, "fields": {"created_time": "2019-05-29T05:36:42.146Z", "updated_time": "2019-05-29T05:36:42.146Z", "restaurant": 6, "name": "\ubaa8\ub4ec\ud68c", "img": "menu/2019/05/29/\u1106\u1169\u1103\u1173\u11b7\u1112\u116c.jpeg", "detail": "\uc5f0\uc5b4 \uad11\uc5b4 \uc6b0\ub7ed \ucc38\uce58 \ub4f1 \ub2e4\uc591\ud55c \ud68c\ub97c \ub9db\ubcfc \uc218 \uc788\uc74c", "price": 45000, "type": "\uc778\uae30 \uba54\ub274", "hit": 0, "score": 0.0, "is_recommended": false, "is_yosigy": false, "is_set_menu": false, "tastes": [4], "like": []}}, {"model": "menu.menu", "pk": 21, "fields": {"created_time": "2019-05-29T05:38:14.599Z", "updated_time": "2019-05-29T05:38:14.599Z", "restaurant": 6, "name": "\ud68c\ub36e\ubc25", "img": "menu/2019/05/29/\u1112\u116c\u1103\u1165\u11c1\u1107\u1161\u11b8.jpg", "detail": "\ucac4\uae43\ud55c \ud68c\uc640 \uace0\uc2ac\ud55c \ubc25", "price": 8000, "type": "\ub36e\ubc25\ub958", "hit": 0, "score": 0.0, "is_recommended": false, "is_yosigy": false, "is_set_menu": false, "tastes": [2, 4], "like": []}}, {"model": "menu.menu", "pk": 22, "fields": {"created_time": "2019-05-30T16:22:15.040Z", "updated_time": "2019-05-30T16:30:23.674Z", "restaurant": 7, "name": "\uc9ec\ubf55", "img": "menu/2019/05/31/jjambbong.jpeg", "detail": "\ub9db\uc788\ub294 \uc9ec\ubf55", "price": 6000, "type": "\uc778\uae30\uba54\ub274", "hit": 0, "score": 85.0, "is_recommended": false, "is_yosigy": false, "is_set_menu": false, "tastes": [5, 6, 7], "like": []}}, {"model": "menu.menu", "pk": 23, "fields": {"created_time": "2019-05-30T16:23:47.212Z", "updated_time": "2019-06-12T16:01:10.947Z", "restaurant": 7, "name": "\uc9dc\uc7a5\uba74", "img": "menu/2019/05/31/jjajangmyun.jpg", "detail": "\ub9db\uc788\ub294 \uc9dc\uc7a5\uba74", "price": 5000, "type": "\uc778\uae30\uba54\ub274", "hit": 0, "score": 93.0, "is_recommended": false, "is_yosigy": true, "is_set_menu": false, "tastes": [8, 9], "like": []}}, {"model": "menu.menu", "pk": 24, "fields": {"created_time": "2019-05-30T16:25:22.321Z", "updated_time": "2019-05-30T16:30:09.221Z", "restaurant": 7, "name": "\ud0d5\uc218\uc721", "img": "menu/2019/05/31/tangsuyook.jpg", "detail": "\ub9db\uc788\ub294 \ud0d5\uc218\uc721", "price": 18000, "type": "\uc778\uae30\uba54\ub274", "hit": 0, "score": 96.0, "is_recommended": false, "is_yosigy": false, "is_set_menu": false, "tastes": [10], "like": []}}, {"model": "menu.menu", "pk": 25, "fields": {"created_time": "2019-05-30T16:26:46.973Z", "updated_time": "2019-05-30T16:30:02.927Z", "restaurant": 7, "name": "\uae50\ud48d\uae30", "img": "menu/2019/05/31/gganpungi.jpg", "detail": "\ub9db\uc788\ub294 \uae50\ud48d\uae30", "price": 19000, "type": "\uc778\uae30\uba54\ub274", "hit": 0, "score": 90.0, "is_recommended": false, "is_yosigy": false, "is_set_menu": false, "tastes": [10], "like": []}}, {"model": "menu.menu", "pk": 26, "fields": {"created_time": "2019-05-30T16:28:14.344Z", "updated_time": "2019-05-30T16:29:57.615Z", "restaurant": 7, "name": "\uc591\uc7a5\ud53c", "img": "menu/2019/05/31/yangjangpee.jpg", "detail": "\ub9db\uc788\ub294 \uc591\uc7a5\ud53c", "price": 25000, "type": "\uc778\uae30\uba54\ub274", "hit": 0, "score": 70.0, "is_recommended": false, "is_yosigy": false, "is_set_menu": false, "tastes": [11], "like": []}}, {"model": "menu.menu", "pk": 27, "fields": {"created_time": "2019-05-30T16:29:23.533Z", "updated_time": "2019-05-31T01:45:56.678Z", "restaurant": 7, "name": "\uc7a1\ucc44\ubc25", "img": "menu/2019/05/31/jabchaebob.jpg", "detail": "\ub9db\uc788\ub294 \uc7a1\ucc44\ubc25", "price": 7500, "type": "\uc778\uae30\uba54\ub274", "hit": 0, "score": 95.0, "is_recommended": false, "is_yosigy": false, "is_set_menu": false, "tastes": [9, 12], "like": []}}, {"model": "menu.menu", "pk": 28, "fields": {"created_time": "2019-05-31T01:27:41.982Z", "updated_time": "2019-05-31T01:45:50.544Z", "restaurant": 8, "name": "\uad50\ucd0c \ub77c\uc774\uc2a4 \uc138\ud2b8", "img": "menu/2019/05/31/kyochon_rice_set.png", "detail": "\uc300\ub85c \ub9cc\ub4e0 \uad81\uadf9\uc758 \ubc14\uc0ac\ud568, \uad50\ucd0c\ub77c\uc774\uc2a4\uc138\ud2b8!", "price": 21000, "type": "\uc778\uae30\uba54\ub274", "hit": 0, "score": 75.0, "is_recommended": false, "is_yosigy": false, "is_set_menu": false, "tastes": [9, 10], "like": []}}, {"model": "menu.menu", "pk": 29, "fields": {"created_time": "2019-05-31T01:28:45.806Z", "updated_time": "2019-05-31T01:45:37.878Z", "restaurant": 8, "name": "\uad50\ucd0c \uc624\ub9ac\uc9c0\ub0a0", "img": "menu/2019/05/31/kychon_original.png", "detail": "\uad50\ucd0c\ub9cc\uc758 \ucc28\ubcc4\ud654\ub41c \ub9c8\ub298\uacfc \uac04\uc7a5\uc18c\uc2a4\uc758 \ud48d\ubd80\ud55c \ub9db\uc774 \uc5b4\uc6b0\ub7ec\uc9c4 \ud55c \ub9c8\ub9ac \uce58\ud0a8", "price": 15000, "type": "\uc778\uae30\uba54\ub274", "hit": 0, "score": 88.0, "is_recommended": false, "is_yosigy": false, "is_set_menu": false, "tastes": [10, 13], "like": []}}, {"model": "menu.menu", "pk": 30, "fields": {"created_time": "2019-05-31T01:29:46.920Z", "updated_time": "2019-05-31T01:45:37.883Z", "restaurant": 8, "name": "\uad50\ucd0c\ucf64\ubcf4", "img": "menu/2019/05/31/\u1107\u1173\u1105\u1162\u11ab\u1103\u1173_list_15-10-231103.png", "detail": "\ub9c8\ub298\uacfc \uac04\uc7a5\uc18c\uc2a4\uc758 \ud48d\ubd80\ud55c \ub9db\uc5d0 \uac00\uc7a5 \uc778\uae30\uc788\ub294 \ubd80\uc704\uc778 \ub0a0\uac1c\uc640 \ub2e4\ub9ac\ub97c \ud568\uaed8 \uc990\uae38 \uc218 \uc788\ub294 \uba54\ub274", "price": 17000, "type": "\uc778\uae30\uba54\ub274", "hit": 0, "score": 89.0, "is_recommended": false, "is_yosigy": false, "is_set_menu": false, "tastes": [10, 13], "like": []}}, {"model": "menu.menu", "pk": 31, "fields": {"created_time": "2019-05-31T01:38:00.941Z", "updated_time": "2019-05-31T02:06:03.143Z", "restaurant": 8, "name": "\uad50\ucd0c\ub808\ub4dc\uc2a4\ud2f1", "img": "menu/2019/05/31/kyochon_red_stick.png", "detail": "\uad6d\ub0b4\uc0b0 \uccad\uc591 \ud64d\uace0\ucd94\uc758 \ub9e4\ucf64\ud568\uc5d0 \ub2f4\ubc31\ud55c \ub2e4\ub9ac\uc758 \ub9db\uc774 \uc5b4\uc6b0\ub7ec\uc9c4 \uce58\ud0a8", "price": 18000, "type": "\uc778\uae30\uba54\ub274", "hit": 0, "score": 85.0, "is_recommended": false, "is_yosigy": false, "is_set_menu": false, "tastes": [5, 10, 14], "like": []}}, {"model": "menu.menu", "pk": 32, "fields": {"created_time": "2019-05-31T01:39:52.716Z", "updated_time": "2019-05-31T01:45:37.869Z", "restaurant": 8, "name": "\uad50\ucd0c\ub808\ub4dc\ucf64\ubcf4", "img": "menu/2019/05/31/kychon_red_combo.png", "detail": "\uad6d\ub0b4\uc0b0 \uccad\uc591 \ud64d\uace0\ucd94\uc758 \ub9e4\ucf64\ud55c \ub9db\uc5d0 \ub0a0\uac1c\uc640 \ub2e4\ub9ac\ub97c \ud568\uaed8 \uc990\uae38 \uc218 \uc788\ub294 \uba54\ub274", "price": 18000, "type": "\uc778\uae30\uba54\ub274", "hit": 0, "score": 87.0, "is_recommended": false, "is_yosigy": false, "is_set_menu": false, "tastes": [10, 14], "like": []}}, {"model": "menu.menu", "pk": 33, "fields": {"created_time": "2019-05-31T01:53:56.895Z", "updated_time": "2019-05-31T01:57:53.902Z", "restaurant": 9, "name": "\ub5a1\ubcf6\uc774", "img": "menu/2019/05/31/sinjeon_ddeokboke.png", "detail": "\ub9db\uc788\ub294 \ub5a1\ubcf6\uc774", "price": 15000, "type": "\uc778\uae30\uba54\ub274", "hit": 0, "score": 85.0, "is_recommended": false, "is_yosigy": false, "is_set_menu": false, "tastes": [5, 14], "like": []}}, {"model": "menu.menu", "pk": 34, "fields": {"created_time": "2019-05-31T01:55:13.194Z", "updated_time": "2019-05-31T01:57:53.900Z", "restaurant": 9, "name": "\ud280\uae40\ub9cc\ub450", "img": "menu/2019/05/31/sinjeon_fried_mandu.png", "detail": "\ud280\uae40\ub9cc\ub450", "price": 6000, "type": "\uc778\uae30\uba54\ub274", "hit": 0, "score": 78.0, "is_recommended": false, "is_yosigy": false, "is_set_menu": false, "tastes": [10], "like": []}}, {"model": "menu.menu", "pk": 35, "fields": {"created_time": "2019-05-31T01:56:41.338Z", "updated_time": "2019-05-31T01:57:53.897Z", "restaurant": 9, "name": "\uc2e0\uc804\uce58\uc988\uae40\ubc25", "img": "menu/2019/05/31/sinjeon_cheese_kimbob.png", "detail": "\ub9db\uc788\ub294 \uc2e0\uc804\uce58\uc988\uae40\ubc25", "price": 8000, "type": "\uc778\uae30\uba54\ub274", "hit": 0, "score": 79.0, "is_recommended": false, "is_yosigy": false, "is_set_menu": false, "tastes": [12, 15], "like": []}}, {"model": "menu.menu", "pk": 36, "fields": {"created_time": "2019-05-31T01:57:32.844Z", "updated_time": "2019-06-13T06:18:50.429Z", "restaurant": 9, "name": "\uc2e0\uc804\ub77c\uc774\uc2a4", "img": "menu/2019/05/31/sinjeon_rice.png", "detail": "\ub9db\uc788\ub294 \uc2e0\uc804\ub77c\uc774\uc2a4", "price": 8000, "type": "\uc778\uae30\uba54\ub274", "hit": 0, "score": 82.0, "is_recommended": false, "is_yosigy": true, "is_set_menu": false, "tastes": [12, 14], "like": []}}, {"model": "menu.menu", "pk": 54, "fields": {"created_time": "2019-06-05T05:14:37.034Z", "updated_time": "2019-06-12T16:08:17.118Z", "restaurant": 1, "name": "\uac08\ube44\ucc9c\uc655", "img": "menu/2019/06/13/\u1100\u1161\u11af\u1107\u1175\u110e\u1165\u11ab\u110b\u116a\u11bc.jpg", "detail": "\uac08\ube44\ub9db \uce58\ud0a8\uc785\ub2c8\ub2e4.", "price": 30000, "type": "\uc694\uae30\uc694 \ub4f1\ub85d \uc74c\uc2dd\uc810", "hit": 0, "score": 0.0, "is_recommended": false, "is_yosigy": true, "is_set_menu": false, "tastes": [3, 4, 5], "like": []}}, {"model": "menu.menu", "pk": 62, "fields": {"created_time": "2019-06-12T16:18:56.405Z", "updated_time": "2019-06-13T01:48:44.484Z", "restaurant": 6, "name": "\ubaa8\ub460\ud68c \uc138\ud2b8", "img": "menu/2019/06/13/\u1100\u116a\u11bc\u110b\u1165\u1112\u116c_\u1109\u1169_rit2K3Y.jpg", "detail": "\uad11\uc5b4\ud68c \uc5f0\uc5b4\ud68c \uc6b0\ub7ed\ud68c", "price": 100000, "type": "\ud68c", "hit": 0, "score": 0.0, "is_recommended": false, "is_yosigy": false, "is_set_menu": true, "tastes": [4], "like": []}}, {"model": "menu.menu", "pk": 63, "fields": {"created_time": "2019-06-13T02:24:55.376Z", "updated_time": "2019-07-02T06:23:33.324Z", "restaurant": 7, "name": "\ud0d5\uc218\uc721 \uc138\ud2b8 A", "img": "menu/2019/06/13/\u1110\u1161\u11bc\u1109\u116e\u110b\u1172\u11a8_\u1109\u1169.jpeg", "detail": "\ud0d5\uc218\uc721 + \uc9dc\uc7a5\uba74 + \uc9ec\ubf55", "price": 30000, "type": "\uc138\ud2b8", "hit": 0, "score": 0.0, "is_recommended": false, "is_yosigy": true, "is_set_menu": true, "tastes": [1, 3, 4], "like": []}}, {"model": "menu.menu", "pk": 64, "fields": {"created_time": "2019-06-13T02:26:51.390Z", "updated_time": "2019-07-02T06:23:43.795Z", "restaurant": 7, "name": "\ud0d5\uc218\uc721 \uc138\ud2b8 B", "img": "menu/2019/06/13/\u1110\u1161\u11bc\u1109\u116e\u110b\u1172\u11a8_\u1103\u1162.jpeg", "detail": "\ud0d5\uc218\uc721 + \uc9dc\uc7a5\uba74 + \uc9dc\uc7a5\uba74", "price": 28000, "type": "\uc138\ud2b8", "hit": 0, "score": 0.0, "is_recommended": false, "is_yosigy": true, "is_set_menu": true, "tastes": [1, 3, 4], "like": []}}, {"model": "menu.menu", "pk": 65, "fields": {"created_time": "2019-06-13T02:37:24.057Z", "updated_time": "2019-07-02T06:23:59.441Z", "restaurant": 7, "name": "\ud0d5\uc218\uc721 \uc138\ud2b8 C", "img": "menu/2019/06/13/\u1110\u1161\u11bc\u1109\u116e\u110b\u1172\u11a8_\u1103\u1162_HcMsS5r.jpeg", "detail": "\ud0d5\uc218\uc721 + \uc9dc\uc7a5\uba74 + \uc9dc\uc7a5\uba74 + \uc9ec\ubf55", "price": 32000, "type": "\uc138\ud2b8", "hit": 0, "score": 0.0, "is_recommended": false, "is_yosigy": true, "is_set_menu": true, "tastes": [1, 2, 3, 4], "like": []}}, {"model": "menu.menu", "pk": 66, "fields": {"created_time": "2019-06-13T06:09:00.743Z", "updated_time": "2019-06-22T10:14:18.659Z", "restaurant": 10, "name": "\ud638\uce58\ud0a8 \uac04\uc7a5\uce58\ud0a8", "img": "menu/2019/06/22/\u1112\u1169\u110e\u1175\u110f\u1175\u11ab_\u1100\u1161\u11ab\u110c\u1161\u11bc\u110e\u1175\u110f\u1175\u11ab_new.png", "detail": "101\ub144 \uc219\uc131\ub41c \uac04\uc7a5\uc73c\ub85c \ub9cc\ub4e0 \uce58\ud0a8", "price": 13000, "type": "\ud280\uae40\ub958", "hit": 0, "score": 0.0, "is_recommended": false, "is_yosigy": true, "is_set_menu": false, "tastes": [1, 3], "like": []}}, {"model": "menu.menu", "pk": 67, "fields": {"created_time": "2019-06-13T06:12:35.721Z", "updated_time": "2019-06-17T07:46:49.703Z", "restaurant": 10, "name": "\ud638\uce58\ud0a8 \uc591\ub150 \uac10\uc790 \uc138\ud2b8", "img": "menu/2019/06/13/\u1112\u1169\u110e\u1175\u110f\u1175\u11ab_\u110b\u1163\u11bc\u1102\u1167\u11b7_\u1100\u1161\u11b7\u110c\u1161_\u1109\u1166\u1110\u1173.jpeg", "detail": "\ub9e4\ucf64\ub2ec\ucf64 \uce58\ud0a8\uacfc \uc9ed\uc9e4\ud55c \uac10\uc790\ud280\uae40", "price": 18000, "type": "\ud280\uae40\ub958", "hit": 0, "score": 0.0, "is_recommended": false, "is_yosigy": true, "is_set_menu": true, "tastes": [1, 2, 3], "like": []}}, {"model": "menu.menu", "pk": 69, "fields": {"created_time": "2019-06-13T06:15:52.086Z", "updated_time": "2019-06-13T15:37:09.741Z", "restaurant": 10, "name": "\ud638\uce58\ud0a8 \ud06c\ub9ac\uc2a4\ud53c\ud06c\ub9bc", "img": "menu/2019/06/13/\u1110\u1161\u11bc\u1109\u116e\u110b\u1172\u11a8_\u1109\u1169_s7EQEKA.jpeg", "detail": "\ubc14\uc0ad\ubc14\uc0ad\ud55c \ud06c\ub9ac\uc2a4\ud53c \uce58\ud0a8\uc785\ub2c8\ub2e4! \ub9db\uc788\uc5b4\uc694", "price": 16000, "type": "\ud280\uae40\ub958", "hit": 0, "score": 0.0, "is_recommended": false, "is_yosigy": true, "is_set_menu": false, "tastes": [9], "like": []}}, {"model": "menu.menu", "pk": 73, "fields": {"created_time": "2019-06-22T10:09:13.822Z", "updated_time": "2019-06-22T10:09:13.822Z", "restaurant": 10, "name": "\ud638\uce58\ud0a8 \uce58\uc290\ub7ad", "img": "menu/2019/06/22/\u1112\u1169\u110e\u1175\u110f\u1175\u11ab_\u110e\u1175\u1109\u1172\u11af\u1105\u1162\u11bc.png", "detail": "\uce58\uc290\ub7ad \uce58\ud0a8", "price": 15000, "type": "\uce58\ud0a8\ub958", "hit": 0, "score": 0.0, "is_recommended": false, "is_yosigy": true, "is_set_menu": false, "tastes": [9, 10], "like": []}}, {"model": "menu.menu", "pk": 74, "fields": {"created_time": "2019-06-22T10:12:21.698Z", "updated_time": "2019-06-22T10:12:21.698Z", "restaurant": 1, "name": "\uad7d\ub124 \ub525\uce58\uc988", "img": "menu/2019/06/22/\u1100\u116e\u11b8\u1102\u1166_\u1103\u1175\u11b8\u110e\u1175\u110c\u1173.png", "detail": "\uae4a\uc740 \uce58\uc988\uc758 \ub9db", "price": 14000, "type": "\uce58\ud0a8\ub958", "hit": 0, "score": 0.0, "is_recommended": false, "is_yosigy": true, "is_set_menu": false, "tastes": [3, 15], "like": []}}, {"model": "menu.menu", "pk": 75, "fields": {"created_time": "2019-06-22T10:55:58.625Z", "updated_time": "2019-06-22T12:04:32.742Z", "restaurant": 5, "name": "\ud0d5\uc218\uc721 \uc138\ud2b8 Z", "img": "menu/2019/06/22/\u1110\u1161\u11bc\u1109\u116e\u110b\u1172\u11a8_\u1109\u1166\u1110\u1173_Z.jpeg", "detail": "\ud0d5\uc218\uc721 \uc9dc\uc7a5 \uc9ec\ubf55", "price": 21000, "type": "\uc138\ud2b8", "hit": 0, "score": 0.0, "is_recommended": false, "is_yosigy": false, "is_set_menu": true, "tastes": [1, 3, 4, 6, 7, 10], "like": []}}, {"model": "menu.menu", "pk": 76, "fields": {"created_time": "2019-07-01T07:58:13.018Z", "updated_time": "2019-07-01T07:58:45.927Z", "restaurant": 11, "name": "\ud53c\uc790\ud5db \uce58\uc988 \ud53c\uc790", "img": "menu/2019/07/01/\u1111\u1175\u110c\u1161\u1112\u1165\u11ba_\u110e\u1175\u110c\u1173_\u1111\u1175\u110c\u1161.jpg", "detail": "\uce58\uc988 \ub4ec\ubfcd", "price": 20000, "type": "\ud53c\uc790", "hit": 0, "score": 0.0, "is_recommended": false, "is_yosigy": true, "is_set_menu": false, "tastes": [3, 4], "like": []}}, {"model": "menu.menutimeline", "pk": 122, "fields": {"created_time": "2019-06-22T10:09:13.836Z", "updated_time": "2019-06-22T10:09:13.836Z", "menu": 73, "status": 1, "prior_menu_img": "", "prior_menu_detail": "", "prior_menu_price": 0, "prior_menu_is_yosigy": false, "prior_menu_is_set_menu": false, "post_menu_img": "timeline/post/menu/2019/06/22/\u1112\u1169\u110e\u1175\u110f\u1175\u11ab_\u110e\u1175\u1109\u1172\u11af\u1105\u1162\u11bc.png", "post_menu_detail": "\uce58\uc290\ub7ad \uce58\ud0a8", "post_menu_price": 15000, "post_menu_is_yosigy": true, "post_menu_is_set_menu": false, "is_recommended": false, "like": [1]}}, {"model": "menu.menutimeline", "pk": 123, "fields": {"created_time": "2019-06-22T10:12:21.711Z", "updated_time": "2019-06-22T10:12:21.711Z", "menu": 74, "status": 1, "prior_menu_img": "", "prior_menu_detail": "", "prior_menu_price": 0, "prior_menu_is_yosigy": false, "prior_menu_is_set_menu": false, "post_menu_img": "timeline/post/menu/2019/06/22/\u1100\u116e\u11b8\u1102\u1166_\u1103\u1175\u11b8\u110e\u1175\u110c\u1173.png", "post_menu_detail": "\uae4a\uc740 \uce58\uc988\uc758 \ub9db", "post_menu_price": 14000, "post_menu_is_yosigy": true, "post_menu_is_set_menu": false, "is_recommended": false, "like": []}}, {"model": "menu.menutimeline", "pk": 124, "fields": {"created_time": "2019-06-22T10:13:03.033Z", "updated_time": "2019-06-22T10:13:03.033Z", "menu": 66, "status": 2, "prior_menu_img": "", "prior_menu_detail": "100\ub144 \uc219\uc131\ub41c \uac04\uc7a5\uc73c\ub85c \ub9cc\ub4e0 \uce58\ud0a8", "prior_menu_price": 0, "prior_menu_is_yosigy": false, "prior_menu_is_set_menu": false, "post_menu_img": "menu/2019/06/13/\u1112\u1169\u110e\u1175\u110f\u1175\u11ab_\u1100\u1161\u11ab\u110c\u1161\u11bc\u110e\u1175\u110f\u1175\u11ab.jpeg", "post_menu_detail": "101\ub144 \uc219\uc131\ub41c \uac04\uc7a5\uc73c\ub85c \ub9cc\ub4e0 \uce58\ud0a8", "post_menu_price": 13000, "post_menu_is_yosigy": false, "post_menu_is_set_menu": false, "is_recommended": false, "like": []}}, {"model": "menu.menutimeline", "pk": 125, "fields": {"created_time": "2019-06-22T10:14:18.646Z", "updated_time": "2019-06-22T10:14:18.646Z", "menu": 66, "status": 2, "prior_menu_img": "menu/2019/06/13/\u1112\u1169\u110e\u1175\u110f\u1175\u11ab_\u1100\u1161\u11ab\u110c\u1161\u11bc\u110e\u1175\u110f\u1175\u11ab.jpeg", "prior_menu_detail": "", "prior_menu_price": 0, "prior_menu_is_yosigy": false, "prior_menu_is_set_menu": false, "post_menu_img": "timeline/post/menu/2019/06/22/\u1112\u1169\u110e\u1175\u110f\u1175\u11ab_\u1100\u1161\u11ab\u110c\u1161\u11bc\u110e\u1175\u110f\u1175\u11ab_new.png", "post_menu_detail": "101\ub144 \uc219\uc131\ub41c \uac04\uc7a5\uc73c\ub85c \ub9cc\ub4e0 \uce58\ud0a8", "post_menu_price": 13000, "post_menu_is_yosigy": false, "post_menu_is_set_menu": false, "is_recommended": false, "like": [1]}}, {"model": "menu.menutimeline", "pk": 126, "fields": {"created_time": "2019-06-22T10:37:37.417Z", "updated_time": "2019-06-22T10:37:37.417Z", "menu": 17, "status": 2, "prior_menu_img": "menu/2019/05/29/\u1100\u116a\u11bc\u110b\u1165\u1112\u116c_\u1109\u1169.jpg", "prior_menu_detail": "", "prior_menu_price": 0, "prior_menu_is_yosigy": false, "prior_menu_is_set_menu": false, "post_menu_img": "timeline/post/menu/2019/06/22/\u1100\u116a\u11bc\u110b\u1165\u1112\u116c_\u1109\u1169_new.png", "post_menu_detail": "\uac00\uc131\ube44 \uc88b\uc740 \ud68c", "post_menu_price": 27000, "post_menu_is_yosigy": false, "post_menu_is_set_menu": false, "is_recommended": false, "like": []}}, {"model": "menu.menutimeline", "pk": 127, "fields": {"created_time": "2019-06-22T10:55:58.637Z", "updated_time": "2019-06-22T10:55:58.637Z", "menu": 75, "status": 1, "prior_menu_img": "", "prior_menu_detail": "", "prior_menu_price": 0, "prior_menu_is_yosigy": false, "prior_menu_is_set_menu": false, "post_menu_img": "timeline/post/menu/2019/06/22/\u1110\u1161\u11bc\u1109\u116e\u110b\u1172\u11a8_\u1109\u1166\u1110\u1173_Z.jpeg", "post_menu_detail": "\ud0d5\uc218\uc721 \uc9dc\uc7a5 \uc9ec\ubf55", "post_menu_price": 0, "post_menu_is_yosigy": false, "post_menu_is_set_menu": true, "is_recommended": false, "like": [1]}}, {"model": "menu.menutimeline", "pk": 130, "fields": {"created_time": "2019-06-22T12:04:32.731Z", "updated_time": "2019-06-22T12:04:32.731Z", "menu": 75, "status": 2, "prior_menu_img": "", "prior_menu_detail": "", "prior_menu_price": 21001, "prior_menu_is_yosigy": false, "prior_menu_is_set_menu": false, "post_menu_img": "menu/2019/06/22/\u1110\u1161\u11bc\u1109\u116e\u110b\u1172\u11a8_\u1109\u1166\u1110\u1173_Z.jpeg", "post_menu_detail": "\ud0d5\uc218\uc721 \uc9dc\uc7a5 \uc9ec\ubf55", "post_menu_price": 21000, "post_menu_is_yosigy": false, "post_menu_is_set_menu": true, "is_recommended": false, "like": []}}, {"model": "menu.menutimeline", "pk": 131, "fields": {"created_time": "2019-07-01T07:58:13.076Z", "updated_time": "2019-07-01T07:58:13.076Z", "menu": 76, "status": 1, "prior_menu_img": "", "prior_menu_detail": "", "prior_menu_price": 0, "prior_menu_is_yosigy": false, "prior_menu_is_set_menu": false, "post_menu_img": "timeline/post/menu/2019/07/01/\u1111\u1175\u110c\u1161\u1112\u1165\u11ba_\u110e\u1175\u110c\u1173_\u1111\u1175\u110c\u1161.jpg", "post_menu_detail": "\uce58\uc988 \ub4ec\ubfcd", "post_menu_price": 20000, "post_menu_is_yosigy": true, "post_menu_is_set_menu": false, "is_recommended": false, "like": []}}, {"model": "grid.grid", "pk": 1, "fields": {"created_time": "2019-05-20T05:59:55.650Z", "updated_time": "2019-05-20T05:59:55.654Z", "name": "\uc11c\ucd082\ub3d9", "x": 61, "y": 125}}, {"model": "grid.grid", "pk": 2, "fields": {"created_time": "2019-05-20T05:59:55.650Z", "updated_time": "2019-05-20T05:59:55.654Z", "name": "\uc911\ub3d9", "x": 99, "y": 75}}, {"model": "grid.grid", "pk": 3, "fields": {"created_time": "2019-05-20T05:59:55.650Z", "updated_time": "2019-05-20T05:59:55.654Z", "name": "\uc6a9\ub2f42\ub3d9", "x": 52, "y": 38}}, {"model": "timeline.restauranttimelinecomment", "pk": 1, "fields": {"created_time": "2019-07-02T03:25:06.498Z", "updated_time": "2019-07-02T03:25:06.498Z", "restaurant_timeline": 31, "writer": 9, "comment": "\uc774\ubca4\ud2b8 \uc88b\uc559\u3145", "is_active": true}}, {"model": "timeline.restauranttimelinecomment", "pk": 2, "fields": {"created_time": "2019-07-02T06:33:49.356Z", "updated_time": "2019-07-02T06:33:49.356Z", "restaurant_timeline": 32, "writer": 9, "comment": "\uc88b\uc544\uc694", "is_active": true}}, {"model": "timeline.restauranttimelinecomment", "pk": 3, "fields": {"created_time": "2019-07-02T08:14:06.283Z", "updated_time": "2019-07-02T08:14:06.283Z", "restaurant_timeline": 34, "writer": 9, "comment": "\uad7f", "is_active": true}}, {"model": "grouppurchase.grouppurchase", "pk": 1, "fields": {"created_time": "2019-06-10T07:04:00.730Z", "updated_time": "2019-06-11T07:34:21.139Z", "restaurant": 5, "menu": 23, "user": 1, "deadline": "2019-06-20", "target_number": 20, "status": 1, "notice": "\uacf5\uad6c\uc5d0 \ub9ce\uc774 \ucc38\uc5ec\ud574\uc11c \uc800\ub834\ud558\uac8c \ub4dc\uc138\uc694~!", "participant": [10, 11, 12, 13, 14]}}, {"model": "grouppurchase.grouppurchase", "pk": 2, "fields": {"created_time": "2019-06-10T07:04:32.956Z", "updated_time": "2019-06-10T08:40:26.607Z", "restaurant": 1, "menu": 1, "user": 1, "deadline": "2019-06-18", "target_number": 10, "status": 1, "notice": "\ub9db\uc788\ub294 \uce58\ud0a8\uc744 \ub4dc\uc138\uc694", "participant": [1, 10, 11]}}, {"model": "grouppurchase.grouppurchase", "pk": 3, "fields": {"created_time": "2019-06-10T15:02:05.132Z", "updated_time": "2019-06-11T05:28:59.459Z", "restaurant": 1, "menu": 54, "user": 1, "deadline": "2019-06-10", "target_number": 6, "status": 1, "notice": "\ub9db\uc788\ub294 \uac08\ube44 \uc591\ub150 \uce58\ud0a8", "participant": []}}, {"model": "grouppurchase.grouppurchase", "pk": 4, "fields": {"created_time": "2019-06-11T15:22:27.318Z", "updated_time": "2019-06-11T15:24:47.526Z", "restaurant": 6, "menu": 15, "user": 1, "deadline": "2019-07-11", "target_number": 8, "status": 1, "notice": "\uc0c8\ubcbd\uc5d0 \uc7a1\uc740 \uc2f1\uc2f1\ud55c \uad11\uc5b4\ud68c\ub97c \uc800\ub834\ud55c \uac00\uaca9\uc5d0 !", "participant": [9]}}, {"model": "coupon.giftcoupon", "pk": 1, "fields": {"created_time": "2019-05-31T04:27:08.952Z", "updated_time": "2019-05-31T04:27:08.952Z", "sender": 9, "sender_msg": "10\ub9cc\uc6d0", "receiver_name": "\ud64d\uae38\ub3d9", "receiver_phone": "", "receiver_email": "myunghun.shim@deliveryhero.co.kr", "expire_date": "2019-08-31", "coupon_code": "7b64b886-f8bd-4154-90a3-df5a8150f8a4", "price": 100000, "is_used": false, "used_date": null}}, {"model": "coupon.giftcoupon", "pk": 2, "fields": {"created_time": "2019-05-31T04:27:08.981Z", "updated_time": "2019-05-31T04:27:08.981Z", "sender": 10, "sender_msg": "\uc548\ub155                    ", "receiver_name": "\uac15\uac10\ucc2c", "receiver_phone": "", "receiver_email": "sora.son@deliveryhero.co.kr", "expire_date": "2019-08-31", "coupon_code": "0d2bf9c0-6584-49d2-b296-243b3c91e7c8", "price": 30000, "is_used": false, "used_date": null}}, {"model": "coupon.giftcoupon", "pk": 3, "fields": {"created_time": "2019-05-31T04:27:08.993Z", "updated_time": "2019-05-31T07:26:09.067Z", "sender": 10, "sender_msg": "\uad6c\uad6c\uad6c\uad6c\uad6c                    ", "receiver_name": "\uc774\uc21c\uc2e0", "receiver_phone": "", "receiver_email": "sora.son@deliveryhero.co.kr", "expire_date": "2019-08-31", "coupon_code": "e61c3d08-e2e1-4842-bbb1-b5be5dbc7125", "price": 50000, "is_used": true, "used_date": null}}, {"model": "coupon.giftcoupon", "pk": 4, "fields": {"created_time": "2019-05-31T04:27:08.959Z", "updated_time": "2019-05-31T04:27:08.959Z", "sender": 10, "sender_msg": "1                    ", "receiver_name": "\uac15\uac10\ucc2c", "receiver_phone": "", "receiver_email": "sora.son@deliveryhero.co.kr", "expire_date": "2019-08-31", "coupon_code": "7e67d492-0578-48b8-a307-41c8a7bbbde0", "price": 10000, "is_used": false, "used_date": null}}, {"model": "coupon.giftcoupon", "pk": 5, "fields": {"created_time": "2019-05-31T04:27:08.962Z", "updated_time": "2019-05-31T04:27:08.962Z", "sender": 9, "sender_msg": "                    ", "receiver_name": "\ud64d\uae38\ub3d9", "receiver_phone": "", "receiver_email": "myunghun.shim@deliveryhero.co.kr", "expire_date": "2019-08-31", "coupon_code": "f0235c01-5f67-4825-906e-09a44a6e403a", "price": 30000, "is_used": false, "used_date": null}}, {"model": "coupon.giftcoupon", "pk": 6, "fields": {"created_time": "2019-05-31T04:27:08.970Z", "updated_time": "2019-05-31T04:27:08.970Z", "sender": 9, "sender_msg": "                    ", "receiver_name": "\ud64d\uae38\ub3d9", "receiver_phone": "", "receiver_email": "myunghun.shim@deliveryhero.co.kr", "expire_date": "2019-08-31", "coupon_code": "6383a462-2928-4447-b5dc-b7b2ee8925ab", "price": 30000, "is_used": false, "used_date": null}}, {"model": "coupon.giftcoupon", "pk": 7, "fields": {"created_time": "2019-05-31T04:27:08.966Z", "updated_time": "2019-05-31T04:27:08.966Z", "sender": 9, "sender_msg": "1\uc5b5\uc9dc\ub9ac", "receiver_name": "\ud61c\uc9c4\ub2d8", "receiver_phone": "", "receiver_email": "hyejin_830@naver.com", "expire_date": "2019-08-31", "coupon_code": "88b0feab-af79-45de-a2e9-4c852823759b", "price": 100000, "is_used": false, "used_date": null}}, {"model": "coupon.giftcoupon", "pk": 8, "fields": {"created_time": "2019-05-31T04:27:08.977Z", "updated_time": "2019-05-31T04:27:08.977Z", "sender": 10, "sender_msg": "                    ", "receiver_name": "test1", "receiver_phone": "", "receiver_email": "sora.son@deliveryhero.co.kr", "expire_date": "2019-08-31", "coupon_code": "a3f9b5ea-a520-4817-8ab4-aa603534a180", "price": 30000, "is_used": false, "used_date": null}}, {"model": "coupon.giftcoupon", "pk": 9, "fields": {"created_time": "2019-05-31T04:27:08.985Z", "updated_time": "2019-05-31T04:27:08.985Z", "sender": 10, "sender_msg": "11                    ", "receiver_name": "test2", "receiver_phone": "", "receiver_email": "sora.son@deliveryhero.co.kr", "expire_date": "2019-08-31", "coupon_code": "f4e10225-5647-43ec-a1ea-12c2b8e9dc01", "price": 30000, "is_used": false, "used_date": null}}, {"model": "coupon.giftcoupon", "pk": 10, "fields": {"created_time": "2019-05-31T04:27:08.996Z", "updated_time": "2019-05-31T04:27:08.996Z", "sender": 9, "sender_msg": "                    ", "receiver_name": "test3", "receiver_phone": "", "receiver_email": "sora.son@deliveryhero.co.kr", "expire_date": "2019-08-31", "coupon_code": "058036c2-91dc-461e-b0c9-54625478ef1d", "price": 10000, "is_used": false, "used_date": null}}, {"model": "coupon.giftcoupon", "pk": 11, "fields": {"created_time": "2019-05-31T04:27:08.989Z", "updated_time": "2019-05-31T04:27:08.989Z", "sender": 10, "sender_msg": "                    ", "receiver_name": "test2", "receiver_phone": "", "receiver_email": "sora.son@deliveryhero.co.kr", "expire_date": "2019-08-31", "coupon_code": "fc0b3f96-171a-4662-b8d2-a6de9e7e2e7b", "price": 30000, "is_used": false, "used_date": null}}, {"model": "coupon.giftcoupon", "pk": 12, "fields": {"created_time": "2019-05-31T04:27:08.974Z", "updated_time": "2019-05-31T04:27:08.974Z", "sender": 10, "sender_msg": "                    ", "receiver_name": "\uace0\uae38\ub3d9", "receiver_phone": "", "receiver_email": "sora.son@deliveryhero.co.kr", "expire_date": "2019-08-31", "coupon_code": "cc451bb5-4faf-45ad-beed-bb28d827a3fd", "price": 30000, "is_used": false, "used_date": null}}, {"model": "coupon.giftcoupon", "pk": 13, "fields": {"created_time": "2019-05-31T04:27:12.404Z", "updated_time": "2019-05-31T06:16:44.599Z", "sender": 10, "sender_msg": "                    ", "receiver_name": "\uace0\uae38\ub3d9", "receiver_phone": "", "receiver_email": "sora.son@deliveryhero.co.kr", "expire_date": "2019-08-31", "coupon_code": "cc13adfa-c410-4252-b779-23c28eb26917", "price": 30000, "is_used": true, "used_date": null}}, {"model": "coupon.giftcoupon", "pk": 14, "fields": {"created_time": "2019-07-02T05:20:09.045Z", "updated_time": "2019-07-02T05:20:09.045Z", "sender": 9, "sender_msg": "^^                    ", "receiver_name": "\ud64d\uae38\ub3d9", "receiver_phone": "", "receiver_email": "yosigytestuser2@gmail.com", "expire_date": "2019-09-30", "coupon_code": "960a1a5f-4ab8-42b8-a110-f287c624593d", "price": 22000, "is_used": false, "used_date": null}}, {"model": "coupon.giftcoupon", "pk": 15, "fields": {"created_time": "2019-07-02T05:22:56.099Z", "updated_time": "2019-07-02T05:25:11.665Z", "sender": 9, "sender_msg": "^^                    ", "receiver_name": "\ud64d\uae38\ub3d9", "receiver_phone": "", "receiver_email": "yogiyotestuser2@gmail.com", "expire_date": "2019-09-30", "coupon_code": "2200d836-2ebb-4273-b912-08c0d09b7870", "price": 22000, "is_used": true, "used_date": null}}, {"model": "coupon.giftcoupon", "pk": 16, "fields": {"created_time": "2019-07-02T05:30:26.750Z", "updated_time": "2019-07-02T05:30:26.750Z", "sender": 14, "sender_msg": "                    ", "receiver_name": "\ud64d\uae38\ub3d9", "receiver_phone": "", "receiver_email": "yogiyotestuser2@gmail.com", "expire_date": "2019-09-30", "coupon_code": "c81181b7-5457-4186-a116-c70599e44a6c", "price": 30000, "is_used": false, "used_date": null}}, {"model": "coupon.giftcoupon", "pk": 17, "fields": {"created_time": "2019-07-02T05:40:27.026Z", "updated_time": "2019-07-02T05:40:27.026Z", "sender": 16, "sender_msg": "\uc0dd\uc77c\ucd95\ud558!              ", "receiver_name": "\uba85\ud6c8\ub2d8", "receiver_phone": "", "receiver_email": "yogiyotestuser2@gmail.com", "expire_date": "2019-09-30", "coupon_code": "ea1a8c85-33b9-43be-a3b6-4f781a6d0b7b", "price": 30000, "is_used": false, "used_date": null}}, {"model": "coupon.giftcoupon", "pk": 18, "fields": {"created_time": "2019-07-02T06:08:58.799Z", "updated_time": "2019-07-02T06:08:58.799Z", "sender": 17, "sender_msg": "\uc0dd\ucd95                    ", "receiver_name": "\uc18c\ub77c\ub2d8", "receiver_phone": "", "receiver_email": "ssora6553@gmail.com", "expire_date": "2019-09-30", "coupon_code": "74eafbaf-7919-45e4-8b8d-d5c33b4710e5", "price": 8000, "is_used": false, "used_date": null}}, {"model": "coupon.giftcoupon", "pk": 19, "fields": {"created_time": "2019-07-02T06:40:23.402Z", "updated_time": "2019-07-02T06:42:50.470Z", "sender": 17, "sender_msg": "\ucd95\ud558         ", "receiver_name": "\uc18c\ub77c\ub2d8", "receiver_phone": "", "receiver_email": "ssora6553@gmail.com", "expire_date": "2019-09-30", "coupon_code": "32c66fe7-7c6a-48d2-ad26-d71f93b843c7", "price": 24000, "is_used": true, "used_date": null}}, {"model": "coupon.giftcoupon", "pk": 20, "fields": {"created_time": "2019-07-02T08:34:16.188Z", "updated_time": "2019-07-02T08:36:46.339Z", "sender": 17, "sender_msg": "\ucd95\ud558\ud569\ub2c8\ub2e4!                    ", "receiver_name": "\uc190\uc18c\ub77c", "receiver_phone": "", "receiver_email": "ssora6553@gmail.com", "expire_date": "2019-09-30", "coupon_code": "b715198e-f619-4fc5-8409-951f7e8b0dbf", "price": 24000, "is_used": true, "used_date": null}}, {"model": "coupon.usergiftcoupon", "pk": 9, "fields": {"created_time": "2019-05-31T04:28:20.274Z", "updated_time": "2019-05-31T04:28:20.274Z", "gift_coupon": 13, "user": 9, "prior_user": null, "is_owner": true, "is_registrant": true, "is_checked": false}}, {"model": "coupon.usergiftcoupon", "pk": 10, "fields": {"created_time": "2019-05-31T06:18:02.483Z", "updated_time": "2019-05-31T06:18:02.483Z", "gift_coupon": 3, "user": 9, "prior_user": null, "is_owner": true, "is_registrant": true, "is_checked": false}}, {"model": "coupon.usergiftcoupon", "pk": 11, "fields": {"created_time": "2019-05-31T06:18:07.001Z", "updated_time": "2019-05-31T06:18:07.001Z", "gift_coupon": 7, "user": 9, "prior_user": null, "is_owner": false, "is_registrant": true, "is_checked": false}}, {"model": "coupon.usergiftcoupon", "pk": 13, "fields": {"created_time": "2019-05-31T07:27:47.637Z", "updated_time": "2019-05-31T07:27:47.637Z", "gift_coupon": 7, "user": 12, "prior_user": 9, "is_owner": true, "is_registrant": false, "is_checked": true}}, {"model": "coupon.usergiftcoupon", "pk": 14, "fields": {"created_time": "2019-07-02T05:23:28.894Z", "updated_time": "2019-07-02T05:23:28.894Z", "gift_coupon": 15, "user": 16, "prior_user": null, "is_owner": true, "is_registrant": true, "is_checked": false}}, {"model": "coupon.usergiftcoupon", "pk": 15, "fields": {"created_time": "2019-07-02T05:31:18.660Z", "updated_time": "2019-07-02T05:31:18.660Z", "gift_coupon": 16, "user": 16, "prior_user": null, "is_owner": true, "is_registrant": true, "is_checked": false}}, {"model": "coupon.usergiftcoupon", "pk": 16, "fields": {"created_time": "2019-07-02T05:40:44.457Z", "updated_time": "2019-07-02T05:40:44.457Z", "gift_coupon": 17, "user": 16, "prior_user": null, "is_owner": false, "is_registrant": true, "is_checked": false}}, {"model": "coupon.usergiftcoupon", "pk": 17, "fields": {"created_time": "2019-07-02T05:42:43.821Z", "updated_time": "2019-07-02T05:42:43.821Z", "gift_coupon": 17, "user": 9, "prior_user": 16, "is_owner": true, "is_registrant": false, "is_checked": true}}, {"model": "coupon.usergiftcoupon", "pk": 18, "fields": {"created_time": "2019-07-02T06:09:54.146Z", "updated_time": "2019-07-02T06:09:54.146Z", "gift_coupon": 18, "user": 18, "prior_user": null, "is_owner": false, "is_registrant": true, "is_checked": false}}, {"model": "coupon.usergiftcoupon", "pk": 19, "fields": {"created_time": "2019-07-02T06:13:39.906Z", "updated_time": "2019-07-02T06:13:39.906Z", "gift_coupon": 18, "user": 9, "prior_user": 18, "is_owner": true, "is_registrant": false, "is_checked": true}}, {"model": "coupon.usergiftcoupon", "pk": 20, "fields": {"created_time": "2019-07-02T06:40:50.535Z", "updated_time": "2019-07-02T06:40:50.535Z", "gift_coupon": 19, "user": 18, "prior_user": null, "is_owner": false, "is_registrant": true, "is_checked": false}}, {"model": "coupon.usergiftcoupon", "pk": 21, "fields": {"created_time": "2019-07-02T06:41:38.919Z", "updated_time": "2019-07-02T06:41:38.919Z", "gift_coupon": 19, "user": 9, "prior_user": 18, "is_owner": true, "is_registrant": false, "is_checked": true}}, {"model": "coupon.usergiftcoupon", "pk": 22, "fields": {"created_time": "2019-07-02T08:35:07.961Z", "updated_time": "2019-07-02T08:35:07.961Z", "gift_coupon": 20, "user": 18, "prior_user": null, "is_owner": false, "is_registrant": true, "is_checked": false}}, {"model": "coupon.usergiftcoupon", "pk": 23, "fields": {"created_time": "2019-07-02T08:35:53.431Z", "updated_time": "2019-07-02T08:35:53.431Z", "gift_coupon": 20, "user": 9, "prior_user": 18, "is_owner": true, "is_registrant": false, "is_checked": true}}, {"model": "social_django.usersocialauth", "pk": 8, "fields": {"user": 9, "provider": "google-oauth2", "uid": "mhshimtest@gmail.com", "extra_data": "{}"}}, {"model": "social_django.usersocialauth", "pk": 9, "fields": {"user": 10, "provider": "google-oauth2", "uid": "sora.son@deliveryhero.co.kr", "extra_data": "{}"}}, {"model": "social_django.usersocialauth", "pk": 10, "fields": {"user": 11, "provider": "google-oauth2", "uid": "julsnutini@gmail.com", "extra_data": "{}"}}, {"model": "social_django.usersocialauth", "pk": 11, "fields": {"user": 12, "provider": "google-oauth2", "uid": "taehyoung.kwon@deliveryhero.co.kr", "extra_data": "{}"}}, {"model": "social_django.usersocialauth", "pk": 12, "fields": {"user": 14, "provider": "google-oauth2", "uid": "mhshimtest1@gmail.com", "extra_data": "{}"}}, {"model": "social_django.usersocialauth", "pk": 13, "fields": {"user": 15, "provider": "google-oauth2", "uid": "myunghun.shim@deliveryhero.co.kr", "extra_data": "{}"}}, {"model": "social_django.usersocialauth", "pk": 14, "fields": {"user": 16, "provider": "google-oauth2", "uid": "yogiyotestuser2@gmail.com", "extra_data": "{}"}}, {"model": "social_django.usersocialauth", "pk": 15, "fields": {"user": 17, "provider": "google-oauth2", "uid": "kth5604@gmail.com", "extra_data": "{}"}}, {"model": "social_django.usersocialauth", "pk": 16, "fields": {"user": 18, "provider": "google-oauth2", "uid": "ssora6553@gmail.com", "extra_data": "{}"}}, {"model": "admin.logentry", "pk": 1, "fields": {"action_time": "2019-04-29T13:35:14.531Z", "user": 1, "content_type": 12, "object_id": "1", "object_repr": "1\uc778\ubd84 \uc8fc\ubb38", "action_flag": 1, "change_message": "[{\"added\": {}}]"}}, {"model": "admin.logentry", "pk": 2, "fields": {"action_time": "2019-04-29T13:35:34.768Z", "user": 1, "content_type": 12, "object_id": "1", "object_repr": "1\uc778\ubd84 \uc8fc\ubb38", "action_flag": 2, "change_message": "[{\"changed\": {\"fields\": [\"img\"]}}]"}}, {"model": "admin.logentry", "pk": 3, "fields": {"action_time": "2019-04-29T13:35:46.002Z", "user": 1, "content_type": 12, "object_id": "1", "object_repr": "1\uc778\ubd84 \uc8fc\ubb38", "action_flag": 2, "change_message": "[{\"changed\": {\"fields\": [\"img\"]}}]"}}, {"model": "admin.logentry", "pk": 4, "fields": {"action_time": "2019-04-29T13:35:46.222Z", "user": 1, "content_type": 12, "object_id": "1", "object_repr": "1\uc778\ubd84 \uc8fc\ubb38", "action_flag": 2, "change_message": "[{\"changed\": {\"fields\": [\"img\"]}}]"}}, {"model": "admin.logentry", "pk": 5, "fields": {"action_time": "2019-04-29T13:36:18.404Z", "user": 1, "content_type": 12, "object_id": "2", "object_repr": "\uc804\uccb4\ubcf4\uae30", "action_flag": 1, "change_message": "[{\"added\": {}}]"}}, {"model": "admin.logentry", "pk": 6, "fields": {"action_time": "2019-04-29T13:40:05.649Z", "user": 1, "content_type": 12, "object_id": "1", "object_repr": "1\uc778\ubd84 \uc8fc\ubb38", "action_flag": 3, "change_message": ""}}, {"model": "admin.logentry", "pk": 7, "fields": {"action_time": "2019-04-29T13:40:08.667Z", "user": 1, "content_type": 12, "object_id": "2", "object_repr": "\uc804\uccb4\ubcf4\uae30", "action_flag": 3, "change_message": ""}}, {"model": "admin.logentry", "pk": 8, "fields": {"action_time": "2019-04-29T13:40:23.913Z", "user": 1, "content_type": 12, "object_id": "3", "object_repr": "\uc804\uccb4\ubcf4\uae30", "action_flag": 1, "change_message": "[{\"added\": {}}]"}}, {"model": "admin.logentry", "pk": 9, "fields": {"action_time": "2019-04-29T13:40:37.428Z", "user": 1, "content_type": 12, "object_id": "4", "object_repr": "1\uc778\ubd84 \uc8fc\ubb38", "action_flag": 1, "change_message": "[{\"added\": {}}]"}}, {"model": "admin.logentry", "pk": 10, "fields": {"action_time": "2019-04-29T13:40:48.671Z", "user": 1, "content_type": 12, "object_id": "5", "object_repr": "\ud504\ub79c\ucc28\uc774\uc988", "action_flag": 1, "change_message": "[{\"added\": {}}]"}}, {"model": "admin.logentry", "pk": 11, "fields": {"action_time": "2019-04-29T13:40:56.629Z", "user": 1, "content_type": 12, "object_id": "6", "object_repr": "\uce58\ud0a8", "action_flag": 1, "change_message": "[{\"added\": {}}]"}}, {"model": "admin.logentry", "pk": 12, "fields": {"action_time": "2019-04-29T13:41:09.975Z", "user": 1, "content_type": 12, "object_id": "7", "object_repr": "\ud53c\uc790/\uc591\uc2dd", "action_flag": 1, "change_message": "[{\"added\": {}}]"}}, {"model": "admin.logentry", "pk": 13, "fields": {"action_time": "2019-04-29T13:41:21.695Z", "user": 1, "content_type": 12, "object_id": "8", "object_repr": "\uc911\uad6d\uc9d1", "action_flag": 1, "change_message": "[{\"added\": {}}]"}}, {"model": "admin.logentry", "pk": 14, "fields": {"action_time": "2019-04-29T13:41:31.524Z", "user": 1, "content_type": 12, "object_id": "9", "object_repr": "\ud55c\uc2dd", "action_flag": 1, "change_message": "[{\"added\": {}}]"}}, {"model": "admin.logentry", "pk": 15, "fields": {"action_time": "2019-04-29T13:41:42.871Z", "user": 1, "content_type": 12, "object_id": "10", "object_repr": "\uc77c\uc2dd/\ub3c8\uae4c\uc2a4", "action_flag": 1, "change_message": "[{\"added\": {}}]"}}, {"model": "admin.logentry", "pk": 16, "fields": {"action_time": "2019-04-29T13:41:48.961Z", "user": 1, "content_type": 12, "object_id": "11", "object_repr": "\uc871\ubc1c/\ubcf4\uc308", "action_flag": 1, "change_message": "[{\"added\": {}}]"}}, {"model": "admin.logentry", "pk": 17, "fields": {"action_time": "2019-04-29T13:41:57.608Z", "user": 1, "content_type": 12, "object_id": "12", "object_repr": "\uc57c\uc2dd", "action_flag": 1, "change_message": "[{\"added\": {}}]"}}, {"model": "admin.logentry", "pk": 18, "fields": {"action_time": "2019-04-29T13:42:07.262Z", "user": 1, "content_type": 12, "object_id": "13", "object_repr": "\ubd84\uc2dd", "action_flag": 1, "change_message": "[{\"added\": {}}]"}}, {"model": "admin.logentry", "pk": 19, "fields": {"action_time": "2019-04-29T13:42:13.307Z", "user": 1, "content_type": 12, "object_id": "14", "object_repr": "\uce74\ud398/\ub514\uc800\ud2b8", "action_flag": 1, "change_message": "[{\"added\": {}}]"}}, {"model": "admin.logentry", "pk": 20, "fields": {"action_time": "2019-04-29T13:44:01.704Z", "user": 1, "content_type": 12, "object_id": "3", "object_repr": "\uc804\uccb4\ubcf4\uae30", "action_flag": 2, "change_message": "[{\"changed\": {\"fields\": [\"img\"]}}]"}}, {"model": "admin.logentry", "pk": 21, "fields": {"action_time": "2019-04-29T13:44:13.978Z", "user": 1, "content_type": 12, "object_id": "3", "object_repr": "\uc804\uccb4\ubcf4\uae30", "action_flag": 2, "change_message": "[{\"changed\": {\"fields\": [\"img\"]}}]"}}, {"model": "admin.logentry", "pk": 22, "fields": {"action_time": "2019-04-29T13:44:29.391Z", "user": 1, "content_type": 12, "object_id": "3", "object_repr": "\uc804\uccb4\ubcf4\uae30", "action_flag": 2, "change_message": "[{\"changed\": {\"fields\": [\"img\"]}}]"}}, {"model": "admin.logentry", "pk": 23, "fields": {"action_time": "2019-04-29T13:44:34.462Z", "user": 1, "content_type": 12, "object_id": "3", "object_repr": "\uc804\uccb4\ubcf4\uae30", "action_flag": 2, "change_message": "[{\"changed\": {\"fields\": [\"img\"]}}]"}}, {"model": "admin.logentry", "pk": 24, "fields": {"action_time": "2019-04-29T13:44:42.971Z", "user": 1, "content_type": 12, "object_id": "4", "object_repr": "1\uc778\ubd84 \uc8fc\ubb38", "action_flag": 2, "change_message": "[{\"changed\": {\"fields\": [\"img\"]}}]"}}, {"model": "admin.logentry", "pk": 25, "fields": {"action_time": "2019-04-29T13:44:49.432Z", "user": 1, "content_type": 12, "object_id": "4", "object_repr": "1\uc778\ubd84 \uc8fc\ubb38", "action_flag": 2, "change_message": "[{\"changed\": {\"fields\": [\"img\"]}}]"}}, {"model": "admin.logentry", "pk": 26, "fields": {"action_time": "2019-04-29T13:50:56.850Z", "user": 1, "content_type": 13, "object_id": "1", "object_repr": "\uad7d\ub124\uce58\ud0a8", "action_flag": 1, "change_message": "[{\"added\": {}}]"}}, {"model": "admin.logentry", "pk": 27, "fields": {"action_time": "2019-05-01T10:21:15.700Z", "user": 1, "content_type": 14, "object_id": "1", "object_repr": "\uace0\ucd94\ubc14\uc0ac\uc0ad", "action_flag": 1, "change_message": "[{\"added\": {}}]"}}, {"model": "admin.logentry", "pk": 28, "fields": {"action_time": "2019-05-01T10:22:28.072Z", "user": 1, "content_type": 14, "object_id": "2", "object_repr": "\uac08\ube44\ucc9c\uc655", "action_flag": 1, "change_message": "[{\"added\": {}}]"}}, {"model": "admin.logentry", "pk": 29, "fields": {"action_time": "2019-05-01T14:17:17.847Z", "user": 1, "content_type": 14, "object_id": "3", "object_repr": "\ud5c8\ub2c8\uba5c\ub85c", "action_flag": 1, "change_message": "[{\"added\": {}}]"}}, {"model": "admin.logentry", "pk": 30, "fields": {"action_time": "2019-05-02T02:11:58.180Z", "user": 1, "content_type": 13, "object_id": "2", "object_repr": "\ub124\ub124\uce58\ud0a8", "action_flag": 1, "change_message": "[{\"added\": {}}]"}}, {"model": "admin.logentry", "pk": 31, "fields": {"action_time": "2019-05-02T03:02:14.036Z", "user": 1, "content_type": 13, "object_id": "2", "object_repr": "\ub124\ub124\uce58\ud0a8", "action_flag": 2, "change_message": "[{\"changed\": {\"fields\": [\"img\"]}}]"}}, {"model": "admin.logentry", "pk": 32, "fields": {"action_time": "2019-05-02T06:14:56.248Z", "user": 1, "content_type": 13, "object_id": "2", "object_repr": "\ub124\ub124\uce58\ud0a8", "action_flag": 2, "change_message": "[{\"changed\": {\"fields\": [\"img\"]}}]"}}, {"model": "admin.logentry", "pk": 33, "fields": {"action_time": "2019-05-02T06:15:02.433Z", "user": 1, "content_type": 13, "object_id": "2", "object_repr": "\ub124\ub124\uce58\ud0a8", "action_flag": 2, "change_message": "[{\"changed\": {\"fields\": [\"img\"]}}]"}}, {"model": "admin.logentry", "pk": 34, "fields": {"action_time": "2019-05-02T07:49:55.510Z", "user": 1, "content_type": 17, "object_id": "1", "object_repr": "\ub2ec\ucf64", "action_flag": 1, "change_message": "[{\"added\": {}}]"}}, {"model": "admin.logentry", "pk": 35, "fields": {"action_time": "2019-05-02T07:49:57.483Z", "user": 1, "content_type": 14, "object_id": "3", "object_repr": "\ud5c8\ub2c8\uba5c\ub85c", "action_flag": 2, "change_message": "[{\"changed\": {\"fields\": [\"tastes\"]}}]"}}, {"model": "admin.logentry", "pk": 36, "fields": {"action_time": "2019-05-02T08:38:56.232Z", "user": 1, "content_type": 15, "object_id": "4f5f9c22-208c-4140-9ef5-364341ec7b48", "object_repr": "admin - 4f5f9c22-208c-4140-9ef5-364341ec7b48", "action_flag": 1, "change_message": "[{\"added\": {}}]"}}, {"model": "admin.logentry", "pk": 37, "fields": {"action_time": "2019-05-02T09:35:52.429Z", "user": 1, "content_type": 15, "object_id": "4f5f9c22-208c-4140-9ef5-364341ec7b48", "object_repr": "admin - 4f5f9c22-208c-4140-9ef5-364341ec7b48", "action_flag": 3, "change_message": ""}}, {"model": "admin.logentry", "pk": 38, "fields": {"action_time": "2019-05-02T09:36:04.396Z", "user": 1, "content_type": 9, "object_id": "1", "object_repr": "myunghun.shim", "action_flag": 3, "change_message": ""}}, {"model": "admin.logentry", "pk": 39, "fields": {"action_time": "2019-05-02T09:36:20.890Z", "user": 1, "content_type": 11, "object_id": "2", "object_repr": "myunghun.shim", "action_flag": 3, "change_message": ""}}, {"model": "admin.logentry", "pk": 40, "fields": {"action_time": "2019-05-02T09:37:26.579Z", "user": 1, "content_type": 9, "object_id": "2", "object_repr": "myunghun.shim", "action_flag": 3, "change_message": ""}}, {"model": "admin.logentry", "pk": 41, "fields": {"action_time": "2019-05-02T09:37:36.132Z", "user": 1, "content_type": 11, "object_id": "3", "object_repr": "myunghun.shim", "action_flag": 3, "change_message": ""}}, {"model": "admin.logentry", "pk": 42, "fields": {"action_time": "2019-05-02T09:43:35.370Z", "user": 1, "content_type": 9, "object_id": "3", "object_repr": "myunghun.shim", "action_flag": 3, "change_message": ""}}, {"model": "admin.logentry", "pk": 43, "fields": {"action_time": "2019-05-02T09:43:42.335Z", "user": 1, "content_type": 11, "object_id": "4", "object_repr": "myunghun.shim", "action_flag": 3, "change_message": ""}}, {"model": "admin.logentry", "pk": 44, "fields": {"action_time": "2019-05-02T13:24:04.413Z", "user": 1, "content_type": 13, "object_id": "2", "object_repr": "\ub124\ub124\uce58\ud0a8", "action_flag": 2, "change_message": "[{\"changed\": {\"fields\": [\"img\"]}}]"}}, {"model": "admin.logentry", "pk": 45, "fields": {"action_time": "2019-05-02T13:24:15.512Z", "user": 1, "content_type": 13, "object_id": "2", "object_repr": "\ub124\ub124\uce58\ud0a8", "action_flag": 2, "change_message": "[{\"changed\": {\"fields\": [\"img\"]}}]"}}, {"model": "admin.logentry", "pk": 46, "fields": {"action_time": "2019-05-02T13:26:42.592Z", "user": 1, "content_type": 13, "object_id": "3", "object_repr": "\ud398\ub9ac\uce74\ub098", "action_flag": 1, "change_message": "[{\"added\": {}}]"}}, {"model": "admin.logentry", "pk": 47, "fields": {"action_time": "2019-05-02T13:28:16.626Z", "user": 1, "content_type": 13, "object_id": "4", "object_repr": "\ud638\uce58\ud0a8", "action_flag": 1, "change_message": "[{\"added\": {}}]"}}, {"model": "admin.logentry", "pk": 48, "fields": {"action_time": "2019-05-02T13:32:29.315Z", "user": 1, "content_type": 13, "object_id": "1", "object_repr": "\uad7d\ub124\uce58\ud0a8", "action_flag": 2, "change_message": "[{\"changed\": {\"fields\": [\"img\"]}}]"}}, {"model": "admin.logentry", "pk": 49, "fields": {"action_time": "2019-05-02T13:32:36.745Z", "user": 1, "content_type": 13, "object_id": "1", "object_repr": "\uad7d\ub124\uce58\ud0a8", "action_flag": 2, "change_message": "[{\"changed\": {\"fields\": [\"img\"]}}]"}}, {"model": "admin.logentry", "pk": 50, "fields": {"action_time": "2019-05-02T13:35:22.089Z", "user": 1, "content_type": 17, "object_id": "2", "object_repr": "\ub9e4\ucf64", "action_flag": 1, "change_message": "[{\"added\": {}}]"}}, {"model": "admin.logentry", "pk": 51, "fields": {"action_time": "2019-05-02T13:35:40.867Z", "user": 1, "content_type": 14, "object_id": "4", "object_repr": "\ubcfc\ucf00\uc774\ub178", "action_flag": 1, "change_message": "[{\"added\": {}}]"}}, {"model": "admin.logentry", "pk": 52, "fields": {"action_time": "2019-05-02T13:38:28.367Z", "user": 1, "content_type": 14, "object_id": "4", "object_repr": "\ubcfc\ucf00\uc774\ub178", "action_flag": 2, "change_message": "[{\"changed\": {\"fields\": [\"type\"]}}]"}}, {"model": "admin.logentry", "pk": 53, "fields": {"action_time": "2019-05-02T13:43:46.819Z", "user": 1, "content_type": 13, "object_id": "4", "object_repr": "\ud638\uce58\ud0a8", "action_flag": 2, "change_message": "[{\"changed\": {\"fields\": [\"category\"]}}]"}}, {"model": "admin.logentry", "pk": 54, "fields": {"action_time": "2019-05-02T13:43:55.873Z", "user": 1, "content_type": 13, "object_id": "3", "object_repr": "\ud398\ub9ac\uce74\ub098", "action_flag": 2, "change_message": "[{\"changed\": {\"fields\": [\"category\"]}}]"}}, {"model": "admin.logentry", "pk": 55, "fields": {"action_time": "2019-05-02T13:44:39.783Z", "user": 1, "content_type": 13, "object_id": "1", "object_repr": "\uad7d\ub124\uce58\ud0a8", "action_flag": 2, "change_message": "[{\"changed\": {\"fields\": [\"category\"]}}]"}}, {"model": "admin.logentry", "pk": 56, "fields": {"action_time": "2019-05-02T13:44:52.415Z", "user": 1, "content_type": 13, "object_id": "1", "object_repr": "\uad7d\ub124\uce58\ud0a8", "action_flag": 2, "change_message": "[{\"changed\": {\"fields\": [\"category\"]}}]"}}, {"model": "admin.logentry", "pk": 57, "fields": {"action_time": "2019-05-04T23:28:42.419Z", "user": 1, "content_type": 16, "object_id": "12", "object_repr": "\ud5c8\ub2c8\uba5c\ub85c - 1", "action_flag": 2, "change_message": "[]"}}, {"model": "admin.logentry", "pk": 58, "fields": {"action_time": "2019-05-05T05:44:28.696Z", "user": 1, "content_type": 14, "object_id": "4", "object_repr": "\ubcfc\ucf00\uc774\ub178", "action_flag": 2, "change_message": "[{\"changed\": {\"fields\": [\"img\"]}}]"}}, {"model": "admin.logentry", "pk": 59, "fields": {"action_time": "2019-05-05T05:45:17.654Z", "user": 1, "content_type": 14, "object_id": "4", "object_repr": "\ubcfc\ucf00\uc774\ub178", "action_flag": 2, "change_message": "[{\"changed\": {\"fields\": [\"img\"]}}]"}}, {"model": "admin.logentry", "pk": 60, "fields": {"action_time": "2019-05-05T05:45:46.359Z", "user": 1, "content_type": 13, "object_id": "4", "object_repr": "\ud638\uce58\ud0a8", "action_flag": 2, "change_message": "[{\"changed\": {\"fields\": [\"img\"]}}]"}}, {"model": "admin.logentry", "pk": 61, "fields": {"action_time": "2019-05-05T05:45:58.669Z", "user": 1, "content_type": 13, "object_id": "4", "object_repr": "\ud638\uce58\ud0a8", "action_flag": 2, "change_message": "[{\"changed\": {\"fields\": [\"img\"]}}]"}}, {"model": "admin.logentry", "pk": 62, "fields": {"action_time": "2019-05-05T05:46:03.542Z", "user": 1, "content_type": 13, "object_id": "3", "object_repr": "\ud398\ub9ac\uce74\ub098", "action_flag": 2, "change_message": "[{\"changed\": {\"fields\": [\"img\"]}}]"}}, {"model": "admin.logentry", "pk": 63, "fields": {"action_time": "2019-05-05T05:46:14.671Z", "user": 1, "content_type": 13, "object_id": "3", "object_repr": "\ud398\ub9ac\uce74\ub098", "action_flag": 2, "change_message": "[{\"changed\": {\"fields\": [\"img\"]}}]"}}, {"model": "admin.logentry", "pk": 64, "fields": {"action_time": "2019-05-05T05:46:20.302Z", "user": 1, "content_type": 13, "object_id": "2", "object_repr": "\ub124\ub124\uce58\ud0a8", "action_flag": 2, "change_message": "[{\"changed\": {\"fields\": [\"img\"]}}]"}}, {"model": "admin.logentry", "pk": 65, "fields": {"action_time": "2019-05-05T05:46:26.274Z", "user": 1, "content_type": 13, "object_id": "2", "object_repr": "\ub124\ub124\uce58\ud0a8", "action_flag": 2, "change_message": "[{\"changed\": {\"fields\": [\"img\"]}}]"}}, {"model": "admin.logentry", "pk": 66, "fields": {"action_time": "2019-05-05T05:46:34.399Z", "user": 1, "content_type": 13, "object_id": "1", "object_repr": "\uad7d\ub124\uce58\ud0a8", "action_flag": 2, "change_message": "[{\"changed\": {\"fields\": [\"img\"]}}]"}}, {"model": "admin.logentry", "pk": 67, "fields": {"action_time": "2019-05-05T05:46:41.255Z", "user": 1, "content_type": 13, "object_id": "1", "object_repr": "\uad7d\ub124\uce58\ud0a8", "action_flag": 2, "change_message": "[{\"changed\": {\"fields\": [\"img\"]}}]"}}, {"model": "admin.logentry", "pk": 68, "fields": {"action_time": "2019-05-09T02:19:20.468Z", "user": 1, "content_type": 18, "object_id": "1", "object_repr": "\uc11c\ucd082\ub3d9", "action_flag": 1, "change_message": "[{\"added\": {}}]"}}, {"model": "admin.logentry", "pk": 69, "fields": {"action_time": "2019-05-09T02:20:21.483Z", "user": 1, "content_type": 18, "object_id": "1", "object_repr": "\uc11c\ucd082\ub3d9", "action_flag": 2, "change_message": "[]"}}, {"model": "admin.logentry", "pk": 70, "fields": {"action_time": "2019-05-09T02:20:50.351Z", "user": 1, "content_type": 18, "object_id": "2", "object_repr": "\uc911\ub3d9", "action_flag": 1, "change_message": "[{\"added\": {}}]"}}, {"model": "admin.logentry", "pk": 71, "fields": {"action_time": "2019-05-09T02:20:58.544Z", "user": 1, "content_type": 18, "object_id": "3", "object_repr": "\uc6a9\ub2f42\ub3d9", "action_flag": 1, "change_message": "[{\"added\": {}}]"}}, {"model": "admin.logentry", "pk": 72, "fields": {"action_time": "2019-05-09T02:58:13.240Z", "user": 1, "content_type": 16, "object_id": "13", "object_repr": "\uace0\ucd94\ubc14\uc0ac\uc0ad - 1", "action_flag": 1, "change_message": "[{\"added\": {}}]"}}, {"model": "admin.logentry", "pk": 73, "fields": {"action_time": "2019-05-09T02:58:59.299Z", "user": 1, "content_type": 19, "object_id": "c9796c0a-3554-4589-8a27-8dfc96565b04", "object_repr": "myunghun.shim - \uad7d\ub124\uce58\ud0a8", "action_flag": 1, "change_message": "[{\"added\": {}}]"}}, {"model": "admin.logentry", "pk": 74, "fields": {"action_time": "2019-05-09T02:59:05.433Z", "user": 1, "content_type": 19, "object_id": "c9796c0a-3554-4589-8a27-8dfc96565b04", "object_repr": "myunghun.shim - \ub124\ub124\uce58\ud0a8", "action_flag": 2, "change_message": "[{\"changed\": {\"fields\": [\"restaurant\"]}}]"}}, {"model": "admin.logentry", "pk": 75, "fields": {"action_time": "2019-05-09T02:59:19.152Z", "user": 1, "content_type": 19, "object_id": "c9796c0a-3554-4589-8a27-8dfc96565b04", "object_repr": "myunghun.shim - \uad7d\ub124\uce58\ud0a8", "action_flag": 2, "change_message": "[{\"changed\": {\"fields\": [\"restaurant\"]}}]"}}, {"model": "admin.logentry", "pk": 76, "fields": {"action_time": "2019-05-09T03:10:49.895Z", "user": 1, "content_type": 12, "object_id": "15", "object_repr": "\ub0a0\uc528\ubcc4 \ucd94\ucc9c", "action_flag": 1, "change_message": "[{\"added\": {}}]"}}, {"model": "admin.logentry", "pk": 77, "fields": {"action_time": "2019-05-09T03:11:50.292Z", "user": 1, "content_type": 12, "object_id": "15", "object_repr": "\ub0a0\uc528\ubcc4 \ucd94\ucc9c", "action_flag": 2, "change_message": "[{\"changed\": {\"fields\": [\"img\"]}}]"}}, {"model": "admin.logentry", "pk": 78, "fields": {"action_time": "2019-05-09T03:11:55.493Z", "user": 1, "content_type": 12, "object_id": "15", "object_repr": "\ub0a0\uc528\ubcc4 \ucd94\ucc9c", "action_flag": 2, "change_message": "[{\"changed\": {\"fields\": [\"img\"]}}]"}}, {"model": "admin.logentry", "pk": 79, "fields": {"action_time": "2019-05-09T03:14:06.042Z", "user": 1, "content_type": 12, "object_id": "15", "object_repr": "\ub0a0\uc528\ubcc4 \ucd94\ucc9c", "action_flag": 2, "change_message": "[{\"changed\": {\"fields\": [\"img\"]}}]"}}, {"model": "admin.logentry", "pk": 80, "fields": {"action_time": "2019-05-09T05:08:12.237Z", "user": 1, "content_type": 11, "object_id": "5", "object_repr": "myunghun.shim", "action_flag": 2, "change_message": "[{\"changed\": {\"fields\": [\"address\"]}}]"}}, {"model": "admin.logentry", "pk": 81, "fields": {"action_time": "2019-05-09T05:09:14.451Z", "user": 1, "content_type": 19, "object_id": "c9796c0a-3554-4589-8a27-8dfc96565b04", "object_repr": "myunghun.shim - \uad7d\ub124\uce58\ud0a8", "action_flag": 2, "change_message": "[{\"changed\": {\"fields\": [\"address\"]}}]"}}, {"model": "admin.logentry", "pk": 82, "fields": {"action_time": "2019-05-09T05:11:08.096Z", "user": 1, "content_type": 19, "object_id": "575e6dd0-f011-4ad0-82e9-69dbb221fbad", "object_repr": "julsnutini - \uad7d\ub124\uce58\ud0a8", "action_flag": 1, "change_message": "[{\"added\": {}}]"}}, {"model": "admin.logentry", "pk": 83, "fields": {"action_time": "2019-05-09T07:39:37.997Z", "user": 1, "content_type": 16, "object_id": "14", "object_repr": "\ubcfc\ucf00\uc774\ub178 - 3", "action_flag": 1, "change_message": "[{\"added\": {}}]"}}, {"model": "admin.logentry", "pk": 84, "fields": {"action_time": "2019-05-10T05:27:34.177Z", "user": 1, "content_type": 19, "object_id": "b20a4bda-cf94-4ed5-88d8-e172685b89ed", "object_repr": "mhshimtest - \uad7d\ub124\uce58\ud0a8", "action_flag": 1, "change_message": "[{\"added\": {}}]"}}, {"model": "admin.logentry", "pk": 85, "fields": {"action_time": "2019-05-10T05:28:31.392Z", "user": 1, "content_type": 16, "object_id": "15", "object_repr": "\ud5c8\ub2c8\uba5c\ub85c - 1", "action_flag": 1, "change_message": "[{\"added\": {}}]"}}, {"model": "admin.logentry", "pk": 86, "fields": {"action_time": "2019-05-10T06:40:06.869Z", "user": 1, "content_type": 19, "object_id": "b20a4bda-cf94-4ed5-88d8-e172685b89ed", "object_repr": "mhshimtest - \uad7d\ub124\uce58\ud0a8", "action_flag": 2, "change_message": "[{\"changed\": {\"fields\": [\"weather\"]}}]"}}, {"model": "admin.logentry", "pk": 87, "fields": {"action_time": "2019-05-10T06:56:29.541Z", "user": 1, "content_type": 19, "object_id": "1b18af72-dc08-4d16-921a-ad5b231a5dd9", "object_repr": "mhshimtest1 - \uad7d\ub124\uce58\ud0a8", "action_flag": 1, "change_message": "[{\"added\": {}}]"}}, {"model": "admin.logentry", "pk": 88, "fields": {"action_time": "2019-05-10T06:57:36.897Z", "user": 1, "content_type": 16, "object_id": "16", "object_repr": "\ud5c8\ub2c8\uba5c\ub85c - 1", "action_flag": 1, "change_message": "[{\"added\": {}}]"}}, {"model": "admin.logentry", "pk": 89, "fields": {"action_time": "2019-05-10T06:57:43.695Z", "user": 1, "content_type": 16, "object_id": "17", "object_repr": "\ud5c8\ub2c8\uba5c\ub85c - 1", "action_flag": 1, "change_message": "[{\"added\": {}}]"}}, {"model": "admin.logentry", "pk": 90, "fields": {"action_time": "2019-05-15T02:08:38.196Z", "user": 1, "content_type": 19, "object_id": "c9796c0a-3554-4589-8a27-8dfc96565b04", "object_repr": "myunghun.shim - \uad7d\ub124\uce58\ud0a8", "action_flag": 2, "change_message": "[{\"changed\": {\"fields\": [\"weather\"]}}]"}}, {"model": "admin.logentry", "pk": 91, "fields": {"action_time": "2019-05-15T02:08:44.292Z", "user": 1, "content_type": 19, "object_id": "b20a4bda-cf94-4ed5-88d8-e172685b89ed", "object_repr": "mhshimtest - \uad7d\ub124\uce58\ud0a8", "action_flag": 2, "change_message": "[{\"changed\": {\"fields\": [\"weather\"]}}]"}}, {"model": "admin.logentry", "pk": 92, "fields": {"action_time": "2019-05-15T02:08:50.037Z", "user": 1, "content_type": 19, "object_id": "575e6dd0-f011-4ad0-82e9-69dbb221fbad", "object_repr": "julsnutini - \uad7d\ub124\uce58\ud0a8", "action_flag": 2, "change_message": "[{\"changed\": {\"fields\": [\"weather\"]}}]"}}, {"model": "admin.logentry", "pk": 93, "fields": {"action_time": "2019-05-15T02:08:53.976Z", "user": 1, "content_type": 19, "object_id": "1b18af72-dc08-4d16-921a-ad5b231a5dd9", "object_repr": "mhshimtest1 - \uad7d\ub124\uce58\ud0a8", "action_flag": 2, "change_message": "[{\"changed\": {\"fields\": [\"weather\"]}}]"}}, {"model": "admin.logentry", "pk": 94, "fields": {"action_time": "2019-05-15T07:45:06.060Z", "user": 1, "content_type": 15, "object_id": "5f860aa3-2fbf-46e5-b819-a7aee1c3c747", "object_repr": "mhshimtest - 5f860aa3-2fbf-46e5-b819-a7aee1c3c747", "action_flag": 1, "change_message": "[{\"added\": {}}]"}}, {"model": "admin.logentry", "pk": 95, "fields": {"action_time": "2019-05-15T07:46:24.944Z", "user": 1, "content_type": 16, "object_id": "18", "object_repr": "\uace0\ucd94\ubc14\uc0ac\uc0ad - 3", "action_flag": 1, "change_message": "[{\"added\": {}}]"}}, {"model": "admin.logentry", "pk": 96, "fields": {"action_time": "2019-05-15T07:46:58.244Z", "user": 1, "content_type": 19, "object_id": "999815af-e6ab-4742-a845-5ca9432b6b7e", "object_repr": "mhshimtest - \uad7d\ub124\uce58\ud0a8", "action_flag": 1, "change_message": "[{\"added\": {}}]"}}, {"model": "admin.logentry", "pk": 97, "fields": {"action_time": "2019-05-15T07:48:41.927Z", "user": 1, "content_type": 15, "object_id": "1a337a7a-723e-4ef6-a4c4-de0825f6dffc", "object_repr": "mhshimtest1 - 1a337a7a-723e-4ef6-a4c4-de0825f6dffc", "action_flag": 1, "change_message": "[{\"added\": {}}]"}}, {"model": "admin.logentry", "pk": 98, "fields": {"action_time": "2019-05-15T07:49:01.870Z", "user": 1, "content_type": 16, "object_id": "19", "object_repr": "\uac08\ube44\ucc9c\uc655 - 1", "action_flag": 1, "change_message": "[{\"added\": {}}]"}}, {"model": "admin.logentry", "pk": 99, "fields": {"action_time": "2019-05-15T07:49:52.721Z", "user": 1, "content_type": 19, "object_id": "a5239bd9-0f9e-4142-900b-c8b8afc2ad26", "object_repr": "mhshimtest1 - \uad7d\ub124\uce58\ud0a8", "action_flag": 1, "change_message": "[{\"added\": {}}]"}}, {"model": "admin.logentry", "pk": 100, "fields": {"action_time": "2019-05-15T07:52:29.817Z", "user": 1, "content_type": 15, "object_id": "60078e16-8612-4dcb-b013-18ce7bc9f174", "object_repr": "mhshimtest1 - 60078e16-8612-4dcb-b013-18ce7bc9f174", "action_flag": 1, "change_message": "[{\"added\": {}}]"}}, {"model": "admin.logentry", "pk": 101, "fields": {"action_time": "2019-05-15T07:53:46.537Z", "user": 1, "content_type": 16, "object_id": "20", "object_repr": "\uace0\ucd94\ubc14\uc0ac\uc0ad - 1", "action_flag": 1, "change_message": "[{\"added\": {}}]"}}, {"model": "admin.logentry", "pk": 102, "fields": {"action_time": "2019-05-15T07:54:12.429Z", "user": 1, "content_type": 19, "object_id": "188f5a97-d6a7-49eb-bddb-b7f33b818f47", "object_repr": "mhshimtest1 - \uad7d\ub124\uce58\ud0a8", "action_flag": 1, "change_message": "[{\"added\": {}}]"}}, {"model": "admin.logentry", "pk": 103, "fields": {"action_time": "2019-05-15T07:54:48.024Z", "user": 1, "content_type": 15, "object_id": "0a5064af-91f9-4ff8-beb6-13db6d7cd1db", "object_repr": "mhshimtest1 - 0a5064af-91f9-4ff8-beb6-13db6d7cd1db", "action_flag": 1, "change_message": "[{\"added\": {}}]"}}, {"model": "admin.logentry", "pk": 104, "fields": {"action_time": "2019-05-15T07:55:30.852Z", "user": 1, "content_type": 16, "object_id": "21", "object_repr": "\uac08\ube44\ucc9c\uc655 - 10", "action_flag": 1, "change_message": "[{\"added\": {}}]"}}, {"model": "admin.logentry", "pk": 105, "fields": {"action_time": "2019-05-15T07:55:55.500Z", "user": 1, "content_type": 19, "object_id": "1d415736-4e7c-43a5-a706-ff5030869ecb", "object_repr": "mhshimtest1 - \uad7d\ub124\uce58\ud0a8", "action_flag": 1, "change_message": "[{\"added\": {}}]"}}, {"model": "admin.logentry", "pk": 106, "fields": {"action_time": "2019-05-16T08:22:51.318Z", "user": 1, "content_type": 11, "object_id": "8", "object_repr": "mhshimtest1", "action_flag": 3, "change_message": ""}}, {"model": "admin.logentry", "pk": 107, "fields": {"action_time": "2019-05-16T08:22:51.370Z", "user": 1, "content_type": 11, "object_id": "7", "object_repr": "mhshimtest", "action_flag": 3, "change_message": ""}}, {"model": "admin.logentry", "pk": 108, "fields": {"action_time": "2019-05-16T08:22:51.386Z", "user": 1, "content_type": 11, "object_id": "6", "object_repr": "julsnutini", "action_flag": 3, "change_message": ""}}, {"model": "admin.logentry", "pk": 109, "fields": {"action_time": "2019-05-16T08:22:51.396Z", "user": 1, "content_type": 11, "object_id": "5", "object_repr": "myunghun.shim", "action_flag": 3, "change_message": ""}}, {"model": "admin.logentry", "pk": 110, "fields": {"action_time": "2019-05-16T08:27:46.545Z", "user": 1, "content_type": 19, "object_id": "66fd70b8-66d6-4883-8c34-d0d5bb3c57d8", "object_repr": "mhshimtest - \uad7d\ub124\uce58\ud0a8", "action_flag": 2, "change_message": "[{\"changed\": {\"fields\": [\"weather\"]}}]"}}, {"model": "admin.logentry", "pk": 111, "fields": {"action_time": "2019-05-16T08:27:54.020Z", "user": 1, "content_type": 19, "object_id": "b69afe54-49dd-4fcc-9349-0cb210799539", "object_repr": "mhshimtest - \uad7d\ub124\uce58\ud0a8", "action_flag": 2, "change_message": "[{\"changed\": {\"fields\": [\"weather\"]}}]"}}, {"model": "admin.logentry", "pk": 112, "fields": {"action_time": "2019-05-16T08:32:36.524Z", "user": 1, "content_type": 19, "object_id": "058518bf-7234-43a1-b653-9ceefa276436", "object_repr": "mhshimtest - \uad7d\ub124\uce58\ud0a8", "action_flag": 2, "change_message": "[{\"changed\": {\"fields\": [\"weather\"]}}]"}}, {"model": "admin.logentry", "pk": 113, "fields": {"action_time": "2019-05-16T08:32:43.040Z", "user": 1, "content_type": 19, "object_id": "0d6da988-692f-44a2-835b-8b633b80149a", "object_repr": "mhshimtest - \uad7d\ub124\uce58\ud0a8", "action_flag": 2, "change_message": "[{\"changed\": {\"fields\": [\"weather\"]}}]"}}, {"model": "admin.logentry", "pk": 114, "fields": {"action_time": "2019-05-16T08:35:56.169Z", "user": 1, "content_type": 19, "object_id": "66fd70b8-66d6-4883-8c34-d0d5bb3c57d8", "object_repr": "mhshimtest - \uad7d\ub124\uce58\ud0a8", "action_flag": 2, "change_message": "[]"}}, {"model": "admin.logentry", "pk": 115, "fields": {"action_time": "2019-05-16T08:36:04.701Z", "user": 1, "content_type": 19, "object_id": "772b5ce2-a2ca-4ba5-ac99-e64726f3e703", "object_repr": "mhshimtest - \uad7d\ub124\uce58\ud0a8", "action_flag": 2, "change_message": "[{\"changed\": {\"fields\": [\"weather\"]}}]"}}, {"model": "admin.logentry", "pk": 116, "fields": {"action_time": "2019-05-16T08:38:28.199Z", "user": 1, "content_type": 19, "object_id": "b0f90083-7c66-4617-897e-1604ade5df1e", "object_repr": "mhshimtest - \uad7d\ub124\uce58\ud0a8", "action_flag": 2, "change_message": "[{\"changed\": {\"fields\": [\"weather\"]}}]"}}, {"model": "admin.logentry", "pk": 117, "fields": {"action_time": "2019-05-16T08:38:40.153Z", "user": 1, "content_type": 19, "object_id": "cdef90e0-86ab-484f-9086-df51b2deffd4", "object_repr": "mhshimtest - \uad7d\ub124\uce58\ud0a8", "action_flag": 2, "change_message": "[{\"changed\": {\"fields\": [\"weather\"]}}]"}}, {"model": "admin.logentry", "pk": 118, "fields": {"action_time": "2019-05-16T08:38:53.870Z", "user": 1, "content_type": 19, "object_id": "e06c2641-0f4e-4e81-9a57-1148ff272ef8", "object_repr": "mhshimtest - \uad7d\ub124\uce58\ud0a8", "action_flag": 2, "change_message": "[{\"changed\": {\"fields\": [\"weather\"]}}]"}}, {"model": "admin.logentry", "pk": 119, "fields": {"action_time": "2019-05-16T08:54:27.910Z", "user": 1, "content_type": 19, "object_id": "e9a6f186-9763-471a-9510-d9cea8ebebfc", "object_repr": "mhshimtest - \uad7d\ub124\uce58\ud0a8", "action_flag": 2, "change_message": "[{\"changed\": {\"fields\": [\"weather\"]}}]"}}, {"model": "admin.logentry", "pk": 120, "fields": {"action_time": "2019-05-16T08:59:03.139Z", "user": 1, "content_type": 17, "object_id": "3", "object_repr": "\uc9ed\uc9e4", "action_flag": 1, "change_message": "[{\"added\": {}}]"}}, {"model": "admin.logentry", "pk": 121, "fields": {"action_time": "2019-05-16T08:59:13.891Z", "user": 1, "content_type": 14, "object_id": "5", "object_repr": "\ud1b5\ub0a0\uac1c", "action_flag": 1, "change_message": "[{\"added\": {}}]"}}, {"model": "admin.logentry", "pk": 122, "fields": {"action_time": "2019-05-16T08:59:55.143Z", "user": 1, "content_type": 14, "object_id": "6", "object_repr": "\ud1b5\ub2e4\ub9ac", "action_flag": 1, "change_message": "[{\"added\": {}}]"}}, {"model": "admin.logentry", "pk": 123, "fields": {"action_time": "2019-05-16T09:03:15.337Z", "user": 1, "content_type": 19, "object_id": "22e512e8-d999-4fa5-b3f5-a9c5cc9ff380", "object_repr": "mhshimtest - \uad7d\ub124\uce58\ud0a8", "action_flag": 2, "change_message": "[{\"changed\": {\"fields\": [\"weather\"]}}]"}}, {"model": "admin.logentry", "pk": 124, "fields": {"action_time": "2019-05-16T09:03:23.660Z", "user": 1, "content_type": 19, "object_id": "29311e77-08e2-4461-9811-53b6f1547b97", "object_repr": "mhshimtest - \uad7d\ub124\uce58\ud0a8", "action_flag": 2, "change_message": "[{\"changed\": {\"fields\": [\"weather\"]}}]"}}, {"model": "admin.logentry", "pk": 125, "fields": {"action_time": "2019-05-16T09:03:35.184Z", "user": 1, "content_type": 19, "object_id": "78c2faa8-aa5d-4268-82c8-f16013b3b7ef", "object_repr": "mhshimtest - \uad7d\ub124\uce58\ud0a8", "action_flag": 2, "change_message": "[{\"changed\": {\"fields\": [\"weather\"]}}]"}}, {"model": "admin.logentry", "pk": 126, "fields": {"action_time": "2019-05-16T09:03:42.367Z", "user": 1, "content_type": 19, "object_id": "7a46c8d3-293d-44b1-a773-5689162d2173", "object_repr": "mhshimtest - \uad7d\ub124\uce58\ud0a8", "action_flag": 2, "change_message": "[{\"changed\": {\"fields\": [\"weather\"]}}]"}}, {"model": "admin.logentry", "pk": 127, "fields": {"action_time": "2019-05-16T09:04:05.137Z", "user": 1, "content_type": 19, "object_id": "ba2ae6f2-4136-4181-9a5a-050911cf24f4", "object_repr": "mhshimtest - \uad7d\ub124\uce58\ud0a8", "action_flag": 2, "change_message": "[{\"changed\": {\"fields\": [\"weather\"]}}]"}}, {"model": "admin.logentry", "pk": 128, "fields": {"action_time": "2019-05-16T09:29:14.062Z", "user": 1, "content_type": 19, "object_id": "055bcdea-c2dd-4291-8931-75f2824b9661", "object_repr": "mhshimtest - \uad7d\ub124\uce58\ud0a8", "action_flag": 2, "change_message": "[{\"changed\": {\"fields\": [\"weather\"]}}]"}}, {"model": "admin.logentry", "pk": 129, "fields": {"action_time": "2019-05-16T09:29:40.250Z", "user": 1, "content_type": 19, "object_id": "615f58ad-e82d-4898-b64f-baf2adfcf2ad", "object_repr": "mhshimtest - \uad7d\ub124\uce58\ud0a8", "action_flag": 2, "change_message": "[{\"changed\": {\"fields\": [\"weather\"]}}]"}}, {"model": "admin.logentry", "pk": 130, "fields": {"action_time": "2019-05-16T09:29:54.504Z", "user": 1, "content_type": 19, "object_id": "70885252-75e8-4c2e-9de7-c7558bffe0cf", "object_repr": "mhshimtest - \uad7d\ub124\uce58\ud0a8", "action_flag": 2, "change_message": "[{\"changed\": {\"fields\": [\"weather\"]}}]"}}, {"model": "admin.logentry", "pk": 131, "fields": {"action_time": "2019-05-16T09:30:25.463Z", "user": 1, "content_type": 19, "object_id": "7cc72f4a-e7e0-48e2-b9d4-8e497bacc30e", "object_repr": "mhshimtest - \uad7d\ub124\uce58\ud0a8", "action_flag": 2, "change_message": "[{\"changed\": {\"fields\": [\"weather\"]}}]"}}, {"model": "admin.logentry", "pk": 132, "fields": {"action_time": "2019-05-17T04:40:40.303Z", "user": 1, "content_type": 15, "object_id": "fb34eb43-e301-4ffc-aecb-2ced812b01ba", "object_repr": "admin - fb34eb43-e301-4ffc-aecb-2ced812b01ba", "action_flag": 1, "change_message": "[{\"added\": {}}]"}}, {"model": "admin.logentry", "pk": 133, "fields": {"action_time": "2019-05-17T04:47:40.570Z", "user": 1, "content_type": 19, "object_id": "72f3cb12-64e1-444a-95f5-83ce83749251", "object_repr": "mhshimtest - \uad7d\ub124\uce58\ud0a8", "action_flag": 2, "change_message": "[{\"changed\": {\"fields\": [\"weather\"]}}]"}}, {"model": "admin.logentry", "pk": 134, "fields": {"action_time": "2019-05-17T04:48:41.060Z", "user": 1, "content_type": 19, "object_id": "89b27d6c-ac49-4c2e-981f-a0bf5c5fd4b7", "object_repr": "mhshimtest - \uad7d\ub124\uce58\ud0a8", "action_flag": 2, "change_message": "[{\"changed\": {\"fields\": [\"weather\"]}}]"}}, {"model": "admin.logentry", "pk": 135, "fields": {"action_time": "2019-05-17T04:49:25.445Z", "user": 1, "content_type": 19, "object_id": "22e512e8-d999-4fa5-b3f5-a9c5cc9ff380", "object_repr": "mhshimtest - \uad7d\ub124\uce58\ud0a8", "action_flag": 2, "change_message": "[{\"changed\": {\"fields\": [\"weather\"]}}]"}}, {"model": "admin.logentry", "pk": 136, "fields": {"action_time": "2019-05-17T04:49:39.433Z", "user": 1, "content_type": 19, "object_id": "cebcdeba-feba-4e05-8acf-921d3dbbb97e", "object_repr": "mhshimtest - \uad7d\ub124\uce58\ud0a8", "action_flag": 2, "change_message": "[{\"changed\": {\"fields\": [\"weather\"]}}]"}}, {"model": "admin.logentry", "pk": 137, "fields": {"action_time": "2019-05-17T04:50:00.714Z", "user": 1, "content_type": 19, "object_id": "af56cf85-fcd0-4001-b782-5d7f6a6adf0a", "object_repr": "mhshimtest - \uad7d\ub124\uce58\ud0a8", "action_flag": 2, "change_message": "[{\"changed\": {\"fields\": [\"weather\"]}}]"}}, {"model": "admin.logentry", "pk": 138, "fields": {"action_time": "2019-05-21T02:32:01.436Z", "user": 1, "content_type": 13, "object_id": "5", "object_repr": "\ud64d\ucf69\ubc18\uc810", "action_flag": 1, "change_message": "[{\"added\": {}}]"}}, {"model": "admin.logentry", "pk": 139, "fields": {"action_time": "2019-05-21T02:42:24.649Z", "user": 1, "content_type": 14, "object_id": "7", "object_repr": "\uc9dc\uc7a5\uba74", "action_flag": 1, "change_message": "[{\"added\": {}}]"}}, {"model": "admin.logentry", "pk": 140, "fields": {"action_time": "2019-05-21T02:42:49.752Z", "user": 1, "content_type": 14, "object_id": "8", "object_repr": "\uc911\uad6d\uc9d1", "action_flag": 1, "change_message": "[{\"added\": {}}]"}}, {"model": "admin.logentry", "pk": 141, "fields": {"action_time": "2019-05-21T02:43:18.723Z", "user": 1, "content_type": 14, "object_id": "8", "object_repr": "\uc9dc\uc7a5\ubc25", "action_flag": 2, "change_message": "[{\"changed\": {\"fields\": [\"name\"]}}]"}}, {"model": "admin.logentry", "pk": 142, "fields": {"action_time": "2019-05-21T02:43:48.885Z", "user": 1, "content_type": 14, "object_id": "9", "object_repr": "\uc9ec\ubf55", "action_flag": 1, "change_message": "[{\"added\": {}}]"}}, {"model": "admin.logentry", "pk": 143, "fields": {"action_time": "2019-05-21T02:44:20.073Z", "user": 1, "content_type": 14, "object_id": "10", "object_repr": "\uc9ec\ubf55\ubc25", "action_flag": 1, "change_message": "[{\"added\": {}}]"}}, {"model": "admin.logentry", "pk": 144, "fields": {"action_time": "2019-05-21T02:44:49.883Z", "user": 1, "content_type": 14, "object_id": "11", "object_repr": "\uad70\ub9cc\ub450", "action_flag": 1, "change_message": "[{\"added\": {}}]"}}, {"model": "admin.logentry", "pk": 145, "fields": {"action_time": "2019-05-21T02:45:28.012Z", "user": 1, "content_type": 14, "object_id": "12", "object_repr": "\uae50\ud48d\uae30", "action_flag": 1, "change_message": "[{\"added\": {}}]"}}, {"model": "admin.logentry", "pk": 146, "fields": {"action_time": "2019-05-21T02:45:57.706Z", "user": 1, "content_type": 14, "object_id": "13", "object_repr": "\ud0d5\uc218\uc721 \uc18c", "action_flag": 1, "change_message": "[{\"added\": {}}]"}}, {"model": "admin.logentry", "pk": 147, "fields": {"action_time": "2019-05-21T02:46:21.993Z", "user": 1, "content_type": 14, "object_id": "14", "object_repr": "\ud0d5\uc218\uc721 \ub300", "action_flag": 1, "change_message": "[{\"added\": {}}]"}}, {"model": "admin.logentry", "pk": 148, "fields": {"action_time": "2019-05-21T02:57:59.529Z", "user": 1, "content_type": 19, "object_id": "705fff2f-9883-4266-9c9a-42ee1efb1037", "object_repr": "mhshimtest - \ud64d\ucf69\ubc18\uc810 - weather : 1", "action_flag": 2, "change_message": "[{\"changed\": {\"fields\": [\"weather\"]}}]"}}, {"model": "admin.logentry", "pk": 149, "fields": {"action_time": "2019-05-21T02:58:35.092Z", "user": 1, "content_type": 19, "object_id": "705fff2f-9883-4266-9c9a-42ee1efb1037", "object_repr": "mhshimtest - \ud64d\ucf69\ubc18\uc810 - weather : 2", "action_flag": 2, "change_message": "[{\"changed\": {\"fields\": [\"weather\"]}}]"}}, {"model": "admin.logentry", "pk": 150, "fields": {"action_time": "2019-05-21T09:25:53.229Z", "user": 1, "content_type": 15, "object_id": "01bf0df2-7a1c-48ff-8ec2-106921d2155b", "object_repr": "mhshimtest - 01bf0df2-7a1c-48ff-8ec2-106921d2155b", "action_flag": 1, "change_message": "[{\"added\": {}}]"}}, {"model": "admin.logentry", "pk": 151, "fields": {"action_time": "2019-05-21T09:26:51.622Z", "user": 1, "content_type": 16, "object_id": "39", "object_repr": "\ud0d5\uc218\uc721 \uc18c - 5", "action_flag": 1, "change_message": "[{\"added\": {}}]"}}, {"model": "admin.logentry", "pk": 152, "fields": {"action_time": "2019-05-21T09:28:12.777Z", "user": 1, "content_type": 19, "object_id": "be23363e-9ee7-4441-a955-cba98b74ddaa", "object_repr": "mhshimtest - \ud64d\ucf69\ubc18\uc810 - weather : 1", "action_flag": 2, "change_message": "[{\"changed\": {\"fields\": [\"weather\"]}}]"}}, {"model": "admin.logentry", "pk": 153, "fields": {"action_time": "2019-05-21T09:29:15.828Z", "user": 1, "content_type": 19, "object_id": "5475f56d-c173-4463-9c11-26fde93acd2c", "object_repr": "mhshimtest - \ud64d\ucf69\ubc18\uc810 - weather : 1", "action_flag": 2, "change_message": "[{\"changed\": {\"fields\": [\"weather\"]}}]"}}, {"model": "admin.logentry", "pk": 154, "fields": {"action_time": "2019-05-21T09:29:25.787Z", "user": 1, "content_type": 19, "object_id": "93e3d362-57b7-4fff-8d8c-0015526f7ac6", "object_repr": "mhshimtest - \uad7d\ub124\uce58\ud0a8 - weather : 1", "action_flag": 2, "change_message": "[{\"changed\": {\"fields\": [\"weather\"]}}]"}}, {"model": "admin.logentry", "pk": 155, "fields": {"action_time": "2019-05-21T09:30:08.418Z", "user": 1, "content_type": 19, "object_id": "ae5d5901-dee2-49b7-b9d9-ef7abc6b7e9d", "object_repr": "mhshimtest - \ud64d\ucf69\ubc18\uc810 - weather : 1", "action_flag": 2, "change_message": "[{\"changed\": {\"fields\": [\"weather\"]}}]"}}, {"model": "admin.logentry", "pk": 156, "fields": {"action_time": "2019-05-22T01:35:24.338Z", "user": 1, "content_type": 19, "object_id": "9be4c8f9-2afe-47ca-8734-e3d6b53cea97", "object_repr": "mhshimtest - \ud64d\ucf69\ubc18\uc810 - weather : 1", "action_flag": 2, "change_message": "[{\"changed\": {\"fields\": [\"weather\"]}}]"}}, {"model": "admin.logentry", "pk": 157, "fields": {"action_time": "2019-05-22T08:24:45.180Z", "user": 1, "content_type": 19, "object_id": "600d861b-0e5e-497b-9b42-c36809743b70", "object_repr": "mhshimtest - \ud64d\ucf69\ubc18\uc810 - weather : 2", "action_flag": 2, "change_message": "[{\"changed\": {\"fields\": [\"weather\"]}}]"}}, {"model": "admin.logentry", "pk": 158, "fields": {"action_time": "2019-05-22T08:47:28.048Z", "user": 1, "content_type": 19, "object_id": "1e2bb9e3-f016-4198-b372-d1d83c3632be", "object_repr": "mhshimtest - \ud64d\ucf69\ubc18\uc810 - weather : 2", "action_flag": 2, "change_message": "[{\"changed\": {\"fields\": [\"weather\"]}}]"}}, {"model": "admin.logentry", "pk": 159, "fields": {"action_time": "2019-05-23T02:27:45.127Z", "user": 1, "content_type": 19, "object_id": "5b9745df-229f-4caa-85fc-f24daf57cec8", "object_repr": "mhshimtest - \uad7d\ub124\uce58\ud0a8 - weather : 1", "action_flag": 2, "change_message": "[{\"changed\": {\"fields\": [\"weather\"]}}]"}}, {"model": "admin.logentry", "pk": 160, "fields": {"action_time": "2019-05-23T02:31:57.553Z", "user": 1, "content_type": 19, "object_id": "170251e1-8673-48f4-b0b5-cb83d8bea36f", "object_repr": "mhshimtest - \uad7d\ub124\uce58\ud0a8 - weather : 1", "action_flag": 2, "change_message": "[{\"changed\": {\"fields\": [\"weather\"]}}]"}}, {"model": "admin.logentry", "pk": 161, "fields": {"action_time": "2019-05-27T08:19:58.323Z", "user": 1, "content_type": 13, "object_id": "1", "object_repr": "\uad7d\ub124\uce58\ud0a8", "action_flag": 2, "change_message": "[{\"changed\": {\"fields\": [\"category\"]}}]"}}, {"model": "admin.logentry", "pk": 162, "fields": {"action_time": "2019-05-27T08:20:03.995Z", "user": 1, "content_type": 13, "object_id": "2", "object_repr": "\ub124\ub124\uce58\ud0a8", "action_flag": 2, "change_message": "[{\"changed\": {\"fields\": [\"category\"]}}]"}}, {"model": "admin.logentry", "pk": 163, "fields": {"action_time": "2019-05-27T08:20:08.474Z", "user": 1, "content_type": 13, "object_id": "3", "object_repr": "\ud398\ub9ac\uce74\ub098", "action_flag": 2, "change_message": "[{\"changed\": {\"fields\": [\"category\"]}}]"}}, {"model": "admin.logentry", "pk": 164, "fields": {"action_time": "2019-05-27T08:20:12.302Z", "user": 1, "content_type": 13, "object_id": "4", "object_repr": "\ud638\uce58\ud0a8", "action_flag": 2, "change_message": "[{\"changed\": {\"fields\": [\"category\"]}}]"}}, {"model": "admin.logentry", "pk": 165, "fields": {"action_time": "2019-05-29T05:32:51.340Z", "user": 1, "content_type": 13, "object_id": "6", "object_repr": "\ucc99\ud69f\uc9d1", "action_flag": 1, "change_message": "[{\"added\": {}}]"}}, {"model": "admin.logentry", "pk": 166, "fields": {"action_time": "2019-05-29T05:34:22.196Z", "user": 1, "content_type": 17, "object_id": "4", "object_repr": "\ucac4\uae43", "action_flag": 1, "change_message": "[{\"added\": {}}]"}}, {"model": "admin.logentry", "pk": 167, "fields": {"action_time": "2019-05-29T05:34:31.843Z", "user": 1, "content_type": 14, "object_id": "15", "object_repr": "\uad11\uc5b4\ud68c \ub300", "action_flag": 1, "change_message": "[{\"added\": {}}]"}}, {"model": "admin.logentry", "pk": 168, "fields": {"action_time": "2019-05-29T05:35:04.973Z", "user": 1, "content_type": 14, "object_id": "16", "object_repr": "\uad11\uc5b4\ud68c \uc911", "action_flag": 1, "change_message": "[{\"added\": {}}]"}}, {"model": "admin.logentry", "pk": 169, "fields": {"action_time": "2019-05-29T05:35:28.803Z", "user": 1, "content_type": 14, "object_id": "17", "object_repr": "\uad11\uc5b4\ud68c \uc18c", "action_flag": 1, "change_message": "[{\"added\": {}}]"}}, {"model": "admin.logentry", "pk": 170, "fields": {"action_time": "2019-05-29T05:36:42.211Z", "user": 1, "content_type": 14, "object_id": "18", "object_repr": "\ubaa8\ub4ec\ud68c", "action_flag": 1, "change_message": "[{\"added\": {}}]"}}, {"model": "admin.logentry", "pk": 171, "fields": {"action_time": "2019-05-29T05:37:17.658Z", "user": 1, "content_type": 14, "object_id": "19", "object_repr": "\ubb3c\ud68c", "action_flag": 1, "change_message": "[{\"added\": {}}]"}}, {"model": "admin.logentry", "pk": 172, "fields": {"action_time": "2019-05-29T05:37:39.305Z", "user": 1, "content_type": 14, "object_id": "20", "object_repr": "\ubb3c\ud68c", "action_flag": 1, "change_message": "[{\"added\": {}}]"}}, {"model": "admin.logentry", "pk": 173, "fields": {"action_time": "2019-05-29T05:38:14.686Z", "user": 1, "content_type": 14, "object_id": "21", "object_repr": "\ud68c\ub36e\ubc25", "action_flag": 1, "change_message": "[{\"added\": {}}]"}}, {"model": "admin.logentry", "pk": 174, "fields": {"action_time": "2019-05-29T05:38:48.345Z", "user": 1, "content_type": 14, "object_id": "20", "object_repr": "\ubb3c\ud68c", "action_flag": 3, "change_message": ""}}, {"model": "admin.logentry", "pk": 175, "fields": {"action_time": "2019-05-29T05:43:00.525Z", "user": 1, "content_type": 13, "object_id": "6", "object_repr": "\ucc99\ud69f\uc9d1", "action_flag": 2, "change_message": "[{\"changed\": {\"fields\": [\"img\"]}}]"}}, {"model": "admin.logentry", "pk": 176, "fields": {"action_time": "2019-05-29T08:08:53.125Z", "user": 1, "content_type": 19, "object_id": "8ef6c85d-5258-412a-a9d6-3fb08e1bcc7c", "object_repr": "mhshimtest - \ucc99\ud69f\uc9d1 - weather : 1", "action_flag": 2, "change_message": "[{\"changed\": {\"fields\": [\"is_delivery_completed\", \"weather\"]}}]"}}, {"model": "admin.logentry", "pk": 177, "fields": {"action_time": "2019-05-29T12:36:10.271Z", "user": 1, "content_type": 19, "object_id": "99f4cfe3-c803-4d7b-83c8-3c1927adaeb1", "object_repr": "mhshimtest - \ucc99\ud69f\uc9d1 - weather : 0", "action_flag": 2, "change_message": "[{\"changed\": {\"fields\": [\"is_delivery_completed\"]}}]"}}, {"model": "admin.logentry", "pk": 178, "fields": {"action_time": "2019-05-29T12:36:23.659Z", "user": 1, "content_type": 19, "object_id": "99f4cfe3-c803-4d7b-83c8-3c1927adaeb1", "object_repr": "mhshimtest - \ucc99\ud69f\uc9d1 - weather : 2", "action_flag": 2, "change_message": "[{\"changed\": {\"fields\": [\"weather\"]}}]"}}, {"model": "admin.logentry", "pk": 179, "fields": {"action_time": "2019-05-29T12:39:56.674Z", "user": 1, "content_type": 19, "object_id": "96760087-6316-460a-b277-a25da983e5b3", "object_repr": "mhshimtest - \uad7d\ub124\uce58\ud0a8 - weather : 3", "action_flag": 2, "change_message": "[{\"changed\": {\"fields\": [\"is_delivery_completed\", \"weather\"]}}]"}}, {"model": "admin.logentry", "pk": 180, "fields": {"action_time": "2019-05-30T02:00:38.701Z", "user": 1, "content_type": 19, "object_id": "a61e361d-be2c-4f64-a498-75f80c1e7d1a", "object_repr": "mhshimtest - \uad7d\ub124\uce58\ud0a8 - weather : 1", "action_flag": 2, "change_message": "[{\"changed\": {\"fields\": [\"is_delivery_completed\", \"weather\"]}}]"}}, {"model": "admin.logentry", "pk": 181, "fields": {"action_time": "2019-05-30T02:03:52.875Z", "user": 1, "content_type": 19, "object_id": "415188b3-097b-4a4d-a941-0a31c79dcca1", "object_repr": "mhshimtest - \ucc99\ud69f\uc9d1 - weather : 2", "action_flag": 2, "change_message": "[{\"changed\": {\"fields\": [\"is_delivery_completed\", \"weather\"]}}]"}}, {"model": "admin.logentry", "pk": 182, "fields": {"action_time": "2019-05-30T16:15:36.417Z", "user": 13, "content_type": 14, "object_id": "7", "object_repr": "\uae08\ub8e1", "action_flag": 1, "change_message": "[{\"added\": {}}]"}}, {"model": "admin.logentry", "pk": 183, "fields": {"action_time": "2019-05-30T16:18:09.573Z", "user": 13, "content_type": 14, "object_id": "8", "object_repr": "\uad50\ucd0c\uce58\ud0a8", "action_flag": 1, "change_message": "[{\"added\": {}}]"}}, {"model": "admin.logentry", "pk": 184, "fields": {"action_time": "2019-05-30T16:19:54.848Z", "user": 13, "content_type": 14, "object_id": "9", "object_repr": "\uc2e0\uc804 \ub5a1\ubcf6\uc774", "action_flag": 1, "change_message": "[{\"added\": {}}]"}}, {"model": "admin.logentry", "pk": 185, "fields": {"action_time": "2019-05-30T16:20:04.110Z", "user": 13, "content_type": 14, "object_id": "9", "object_repr": "\uc2e0\uc804 \ub5a1\ubcf6\uc774", "action_flag": 2, "change_message": "[]"}}, {"model": "admin.logentry", "pk": 186, "fields": {"action_time": "2019-05-30T16:21:46.189Z", "user": 13, "content_type": 12, "object_id": "5", "object_repr": "#\ub9e4\uc6b4\ub9db", "action_flag": 1, "change_message": "[{\"added\": {}}]"}}, {"model": "admin.logentry", "pk": 187, "fields": {"action_time": "2019-05-30T16:21:56.022Z", "user": 13, "content_type": 12, "object_id": "6", "object_repr": "#\uad6d\ubb3c", "action_flag": 1, "change_message": "[{\"added\": {}}]"}}, {"model": "admin.logentry", "pk": 188, "fields": {"action_time": "2019-05-30T16:22:06.571Z", "user": 13, "content_type": 12, "object_id": "7", "object_repr": "#\uc5bc\ud070\ud55c\ub9db", "action_flag": 1, "change_message": "[{\"added\": {}}]"}}, {"model": "admin.logentry", "pk": 189, "fields": {"action_time": "2019-05-30T16:22:15.091Z", "user": 13, "content_type": 20, "object_id": "22", "object_repr": "\uc9ec\ubf55", "action_flag": 1, "change_message": "[{\"added\": {}}]"}}, {"model": "admin.logentry", "pk": 190, "fields": {"action_time": "2019-05-30T16:23:27.849Z", "user": 13, "content_type": 12, "object_id": "8", "object_repr": "#\uba74\ub958", "action_flag": 1, "change_message": "[{\"added\": {}}]"}}, {"model": "admin.logentry", "pk": 191, "fields": {"action_time": "2019-05-30T16:23:41.922Z", "user": 13, "content_type": 12, "object_id": "9", "object_repr": "#\ub290\ub07c\ud55c\ub9db", "action_flag": 1, "change_message": "[{\"added\": {}}]"}}, {"model": "admin.logentry", "pk": 192, "fields": {"action_time": "2019-05-30T16:23:47.220Z", "user": 13, "content_type": 20, "object_id": "23", "object_repr": "\uc9dc\uc7a5\uba74", "action_flag": 1, "change_message": "[{\"added\": {}}]"}}, {"model": "admin.logentry", "pk": 193, "fields": {"action_time": "2019-05-30T16:25:02.498Z", "user": 13, "content_type": 12, "object_id": "10", "object_repr": "#\ud280\uae40\ub958", "action_flag": 1, "change_message": "[{\"added\": {}}]"}}, {"model": "admin.logentry", "pk": 194, "fields": {"action_time": "2019-05-30T16:25:22.331Z", "user": 13, "content_type": 20, "object_id": "24", "object_repr": "\ud0d5\uc218\uc721", "action_flag": 1, "change_message": "[{\"added\": {}}]"}}, {"model": "admin.logentry", "pk": 195, "fields": {"action_time": "2019-05-30T16:26:46.980Z", "user": 13, "content_type": 20, "object_id": "25", "object_repr": "\uae50\ud48d\uae30", "action_flag": 1, "change_message": "[{\"added\": {}}]"}}, {"model": "admin.logentry", "pk": 196, "fields": {"action_time": "2019-05-30T16:26:52.840Z", "user": 13, "content_type": 20, "object_id": "25", "object_repr": "\uae50\ud48d\uae30", "action_flag": 2, "change_message": "[]"}}, {"model": "admin.logentry", "pk": 197, "fields": {"action_time": "2019-05-30T16:28:03.507Z", "user": 13, "content_type": 12, "object_id": "11", "object_repr": "#\ud574\ubb3c", "action_flag": 1, "change_message": "[{\"added\": {}}]"}}, {"model": "admin.logentry", "pk": 198, "fields": {"action_time": "2019-05-30T16:28:14.352Z", "user": 13, "content_type": 20, "object_id": "26", "object_repr": "\uc591\uc7a5\ud53c", "action_flag": 1, "change_message": "[{\"added\": {}}]"}}, {"model": "admin.logentry", "pk": 199, "fields": {"action_time": "2019-05-30T16:29:11.544Z", "user": 13, "content_type": 12, "object_id": "12", "object_repr": "#\ubc25\ub958", "action_flag": 1, "change_message": "[{\"added\": {}}]"}}, {"model": "admin.logentry", "pk": 200, "fields": {"action_time": "2019-05-30T16:29:23.542Z", "user": 13, "content_type": 20, "object_id": "27", "object_repr": "\uc7a1\ucc44\ubc25", "action_flag": 1, "change_message": "[{\"added\": {}}]"}}, {"model": "admin.logentry", "pk": 201, "fields": {"action_time": "2019-05-30T16:29:52.035Z", "user": 13, "content_type": 20, "object_id": "27", "object_repr": "\uc7a1\ucc44\ubc25", "action_flag": 2, "change_message": "[{\"changed\": {\"fields\": [\"score\"]}}]"}}, {"model": "admin.logentry", "pk": 202, "fields": {"action_time": "2019-05-30T16:29:57.619Z", "user": 13, "content_type": 20, "object_id": "26", "object_repr": "\uc591\uc7a5\ud53c", "action_flag": 2, "change_message": "[{\"changed\": {\"fields\": [\"score\"]}}]"}}, {"model": "admin.logentry", "pk": 203, "fields": {"action_time": "2019-05-30T16:30:02.931Z", "user": 13, "content_type": 20, "object_id": "25", "object_repr": "\uae50\ud48d\uae30", "action_flag": 2, "change_message": "[{\"changed\": {\"fields\": [\"score\"]}}]"}}, {"model": "admin.logentry", "pk": 204, "fields": {"action_time": "2019-05-30T16:30:09.225Z", "user": 13, "content_type": 20, "object_id": "24", "object_repr": "\ud0d5\uc218\uc721", "action_flag": 2, "change_message": "[{\"changed\": {\"fields\": [\"score\"]}}]"}}, {"model": "admin.logentry", "pk": 205, "fields": {"action_time": "2019-05-30T16:30:17.470Z", "user": 13, "content_type": 20, "object_id": "23", "object_repr": "\uc9dc\uc7a5\uba74", "action_flag": 2, "change_message": "[{\"changed\": {\"fields\": [\"score\"]}}]"}}, {"model": "admin.logentry", "pk": 206, "fields": {"action_time": "2019-05-30T16:30:23.678Z", "user": 13, "content_type": 20, "object_id": "22", "object_repr": "\uc9ec\ubf55", "action_flag": 2, "change_message": "[{\"changed\": {\"fields\": [\"score\"]}}]"}}, {"model": "admin.logentry", "pk": 207, "fields": {"action_time": "2019-05-30T16:33:59.550Z", "user": 13, "content_type": 14, "object_id": "7", "object_repr": "\uae08\ub8e1", "action_flag": 2, "change_message": "[{\"changed\": {\"fields\": [\"img\"]}}]"}}, {"model": "admin.logentry", "pk": 208, "fields": {"action_time": "2019-05-31T01:25:52.458Z", "user": 13, "content_type": 17, "object_id": "b56e0afd-22cb-4466-a506-9477b8ea3f48", "object_repr": "taehyoung.kwon - \uae08\ub8e1 - weather : 0", "action_flag": 2, "change_message": "[{\"changed\": {\"fields\": [\"status\", \"delivery_status\"]}}]"}}, {"model": "admin.logentry", "pk": 209, "fields": {"action_time": "2019-05-31T01:25:52.508Z", "user": 13, "content_type": 17, "object_id": "a811e402-823a-4da6-bf56-85f94559cd48", "object_repr": "taehyoung.kwon - \uae08\ub8e1 - weather : 0", "action_flag": 2, "change_message": "[{\"changed\": {\"fields\": [\"status\", \"delivery_status\"]}}]"}}, {"model": "admin.logentry", "pk": 210, "fields": {"action_time": "2019-05-31T01:25:52.514Z", "user": 13, "content_type": 17, "object_id": "abbe55cc-25a7-4fe0-a593-3452350bafed", "object_repr": "taehyoung.kwon - \ud64d\ucf69\ubc18\uc810 - weather : 0", "action_flag": 2, "change_message": "[{\"changed\": {\"fields\": [\"status\", \"delivery_status\"]}}]"}}, {"model": "admin.logentry", "pk": 211, "fields": {"action_time": "2019-05-31T01:25:52.520Z", "user": 13, "content_type": 17, "object_id": "b3c62ac4-583e-4422-a4a2-3b9cb5a915a0", "object_repr": "taehyoung.kwon - \uad7d\ub124\uce58\ud0a8 - weather : 0", "action_flag": 2, "change_message": "[{\"changed\": {\"fields\": [\"status\", \"delivery_status\"]}}]"}}, {"model": "admin.logentry", "pk": 212, "fields": {"action_time": "2019-05-31T01:27:41.990Z", "user": 13, "content_type": 20, "object_id": "28", "object_repr": "\uad50\ucd0c \ub77c\uc774\uc2a4 \uc138\ud2b8", "action_flag": 1, "change_message": "[{\"added\": {}}]"}}, {"model": "admin.logentry", "pk": 213, "fields": {"action_time": "2019-05-31T01:28:37.503Z", "user": 13, "content_type": 12, "object_id": "13", "object_repr": "#\uac04\uc7a5\uc18c\uc2a4", "action_flag": 1, "change_message": "[{\"added\": {}}]"}}, {"model": "admin.logentry", "pk": 214, "fields": {"action_time": "2019-05-31T01:28:45.813Z", "user": 13, "content_type": 20, "object_id": "29", "object_repr": "\uad50\ucd0c \uc624\ub9ac\uc9c0\ub0a0", "action_flag": 1, "change_message": "[{\"added\": {}}]"}}, {"model": "admin.logentry", "pk": 215, "fields": {"action_time": "2019-05-31T01:29:46.927Z", "user": 13, "content_type": 20, "object_id": "30", "object_repr": "\uad50\ucd0c\ucf64\ubcf4", "action_flag": 1, "change_message": "[{\"added\": {}}]"}}, {"model": "admin.logentry", "pk": 216, "fields": {"action_time": "2019-05-31T01:30:13.842Z", "user": 13, "content_type": 20, "object_id": "28", "object_repr": "\uad50\ucd0c \ub77c\uc774\uc2a4 \uc138\ud2b8", "action_flag": 2, "change_message": "[{\"changed\": {\"fields\": [\"img\"]}}]"}}, {"model": "admin.logentry", "pk": 217, "fields": {"action_time": "2019-05-31T01:30:20.353Z", "user": 13, "content_type": 20, "object_id": "29", "object_repr": "\uad50\ucd0c \uc624\ub9ac\uc9c0\ub0a0", "action_flag": 2, "change_message": "[{\"changed\": {\"fields\": [\"img\"]}}]"}}, {"model": "admin.logentry", "pk": 218, "fields": {"action_time": "2019-05-31T01:37:48.890Z", "user": 13, "content_type": 12, "object_id": "14", "object_repr": "#\ub9e4\ucf64\ud55c\ub9db", "action_flag": 1, "change_message": "[{\"added\": {}}]"}}, {"model": "admin.logentry", "pk": 219, "fields": {"action_time": "2019-05-31T01:38:00.948Z", "user": 13, "content_type": 20, "object_id": "31", "object_repr": "\uad50\ucd0c\ub808\ub4dc\uc2a4\ud2f1", "action_flag": 1, "change_message": "[{\"added\": {}}]"}}, {"model": "admin.logentry", "pk": 220, "fields": {"action_time": "2019-05-31T01:39:52.723Z", "user": 13, "content_type": 20, "object_id": "32", "object_repr": "\uad50\ucd0c\ub808\ub4dc\ucf64\ubcf4", "action_flag": 1, "change_message": "[{\"added\": {}}]"}}, {"model": "admin.logentry", "pk": 221, "fields": {"action_time": "2019-05-31T01:45:37.873Z", "user": 13, "content_type": 20, "object_id": "32", "object_repr": "\uad50\ucd0c\ub808\ub4dc\ucf64\ubcf4", "action_flag": 2, "change_message": "[{\"changed\": {\"fields\": [\"score\"]}}]"}}, {"model": "admin.logentry", "pk": 222, "fields": {"action_time": "2019-05-31T01:45:37.877Z", "user": 13, "content_type": 20, "object_id": "31", "object_repr": "\uad50\ucd0c\ub808\ub4dc\uc2a4\ud2f1", "action_flag": 2, "change_message": "[{\"changed\": {\"fields\": [\"score\"]}}]"}}, {"model": "admin.logentry", "pk": 223, "fields": {"action_time": "2019-05-31T01:45:37.880Z", "user": 13, "content_type": 20, "object_id": "29", "object_repr": "\uad50\ucd0c \uc624\ub9ac\uc9c0\ub0a0", "action_flag": 2, "change_message": "[{\"changed\": {\"fields\": [\"score\"]}}]"}}, {"model": "admin.logentry", "pk": 224, "fields": {"action_time": "2019-05-31T01:45:37.882Z", "user": 13, "content_type": 20, "object_id": "28", "object_repr": "\uad50\ucd0c \ub77c\uc774\uc2a4 \uc138\ud2b8", "action_flag": 2, "change_message": "[{\"changed\": {\"fields\": [\"score\"]}}]"}}, {"model": "admin.logentry", "pk": 225, "fields": {"action_time": "2019-05-31T01:45:37.885Z", "user": 13, "content_type": 20, "object_id": "30", "object_repr": "\uad50\ucd0c\ucf64\ubcf4", "action_flag": 2, "change_message": "[{\"changed\": {\"fields\": [\"score\"]}}]"}}, {"model": "admin.logentry", "pk": 226, "fields": {"action_time": "2019-05-31T01:45:50.548Z", "user": 13, "content_type": 20, "object_id": "28", "object_repr": "\uad50\ucd0c \ub77c\uc774\uc2a4 \uc138\ud2b8", "action_flag": 2, "change_message": "[{\"changed\": {\"fields\": [\"price\"]}}]"}}, {"model": "admin.logentry", "pk": 227, "fields": {"action_time": "2019-05-31T01:45:56.682Z", "user": 13, "content_type": 20, "object_id": "27", "object_repr": "\uc7a1\ucc44\ubc25", "action_flag": 2, "change_message": "[{\"changed\": {\"fields\": [\"price\"]}}]"}}, {"model": "admin.logentry", "pk": 228, "fields": {"action_time": "2019-05-31T01:53:56.903Z", "user": 13, "content_type": 20, "object_id": "33", "object_repr": "\ub5a1\ubcf6\uc774", "action_flag": 1, "change_message": "[{\"added\": {}}]"}}, {"model": "admin.logentry", "pk": 229, "fields": {"action_time": "2019-05-31T01:55:13.202Z", "user": 13, "content_type": 20, "object_id": "34", "object_repr": "\ud280\uae40\ub9cc\ub450", "action_flag": 1, "change_message": "[{\"added\": {}}]"}}, {"model": "admin.logentry", "pk": 230, "fields": {"action_time": "2019-05-31T01:56:31.806Z", "user": 13, "content_type": 12, "object_id": "15", "object_repr": "#\uce58\uc988", "action_flag": 1, "change_message": "[{\"added\": {}}]"}}, {"model": "admin.logentry", "pk": 231, "fields": {"action_time": "2019-05-31T01:56:41.346Z", "user": 13, "content_type": 20, "object_id": "35", "object_repr": "\uc2e0\uc804\uce58\uc988\uae40\ubc25", "action_flag": 1, "change_message": "[{\"added\": {}}]"}}, {"model": "admin.logentry", "pk": 232, "fields": {"action_time": "2019-05-31T01:57:32.851Z", "user": 13, "content_type": 20, "object_id": "36", "object_repr": "\uc2e0\uc804\ub77c\uc774\uc2a4", "action_flag": 1, "change_message": "[{\"added\": {}}]"}}, {"model": "admin.logentry", "pk": 233, "fields": {"action_time": "2019-05-31T01:57:53.895Z", "user": 13, "content_type": 20, "object_id": "36", "object_repr": "\uc2e0\uc804\ub77c\uc774\uc2a4", "action_flag": 2, "change_message": "[{\"changed\": {\"fields\": [\"score\"]}}]"}}, {"model": "admin.logentry", "pk": 234, "fields": {"action_time": "2019-05-31T01:57:53.898Z", "user": 13, "content_type": 20, "object_id": "35", "object_repr": "\uc2e0\uc804\uce58\uc988\uae40\ubc25", "action_flag": 2, "change_message": "[{\"changed\": {\"fields\": [\"score\"]}}]"}}, {"model": "admin.logentry", "pk": 235, "fields": {"action_time": "2019-05-31T01:57:53.901Z", "user": 13, "content_type": 20, "object_id": "34", "object_repr": "\ud280\uae40\ub9cc\ub450", "action_flag": 2, "change_message": "[{\"changed\": {\"fields\": [\"score\"]}}]"}}, {"model": "admin.logentry", "pk": 236, "fields": {"action_time": "2019-05-31T01:57:53.904Z", "user": 13, "content_type": 20, "object_id": "33", "object_repr": "\ub5a1\ubcf6\uc774", "action_flag": 2, "change_message": "[{\"changed\": {\"fields\": [\"score\"]}}]"}}, {"model": "admin.logentry", "pk": 237, "fields": {"action_time": "2019-05-31T02:02:03.432Z", "user": 13, "content_type": 17, "object_id": "b3c62ac4-583e-4422-a4a2-3b9cb5a915a0", "object_repr": "taehyoung.kwon - \uad7d\ub124\uce58\ud0a8 - weather : 0", "action_flag": 3, "change_message": ""}}, {"model": "admin.logentry", "pk": 238, "fields": {"action_time": "2019-05-31T02:02:03.435Z", "user": 13, "content_type": 17, "object_id": "abbe55cc-25a7-4fe0-a593-3452350bafed", "object_repr": "taehyoung.kwon - \ud64d\ucf69\ubc18\uc810 - weather : 0", "action_flag": 3, "change_message": ""}}, {"model": "admin.logentry", "pk": 239, "fields": {"action_time": "2019-05-31T02:06:03.148Z", "user": 13, "content_type": 20, "object_id": "31", "object_repr": "\uad50\ucd0c\ub808\ub4dc\uc2a4\ud2f1", "action_flag": 2, "change_message": "[{\"changed\": {\"fields\": [\"img\"]}}]"}}, {"model": "admin.logentry", "pk": 240, "fields": {"action_time": "2019-05-31T02:09:42.292Z", "user": 13, "content_type": 17, "object_id": "c5239867-e19b-4f36-b569-8757281d47a6", "object_repr": "taehyoung.kwon - \uc2e0\uc804 \ub5a1\ubcf6\uc774 - weather : 0", "action_flag": 2, "change_message": "[{\"changed\": {\"fields\": [\"status\", \"delivery_status\"]}}]"}}, {"model": "admin.logentry", "pk": 241, "fields": {"action_time": "2019-05-31T02:09:42.298Z", "user": 13, "content_type": 17, "object_id": "06112296-1273-4536-a215-107a6772a36e", "object_repr": "taehyoung.kwon - \uad50\ucd0c\uce58\ud0a8 - weather : 0", "action_flag": 2, "change_message": "[{\"changed\": {\"fields\": [\"status\", \"delivery_status\"]}}]"}}, {"model": "admin.logentry", "pk": 242, "fields": {"action_time": "2019-05-31T02:09:42.303Z", "user": 13, "content_type": 17, "object_id": "6f625778-c098-4bac-8f5e-c745587c2945", "object_repr": "taehyoung.kwon - \uae08\ub8e1 - weather : 0", "action_flag": 2, "change_message": "[{\"changed\": {\"fields\": [\"status\", \"delivery_status\"]}}]"}}, {"model": "admin.logentry", "pk": 243, "fields": {"action_time": "2019-05-31T04:46:10.853Z", "user": 1, "content_type": 19, "object_id": "d7e9b483-e5c1-45dd-883d-e70d322a8188", "object_repr": "mhshimtest - \ucc99\ud69f\uc9d1 - weather : 2", "action_flag": 2, "change_message": "[{\"changed\": {\"fields\": [\"weather\"]}}]"}}, {"model": "admin.logentry", "pk": 244, "fields": {"action_time": "2019-05-31T04:46:40.055Z", "user": 1, "content_type": 19, "object_id": "5fb5842e-d3ff-4a13-9076-032ff099606a", "object_repr": "mhshimtest - \ucc99\ud69f\uc9d1 - weather : 2", "action_flag": 2, "change_message": "[{\"changed\": {\"fields\": [\"delivery_status\", \"weather\"]}}]"}}, {"model": "admin.logentry", "pk": 245, "fields": {"action_time": "2019-05-31T04:55:23.546Z", "user": 1, "content_type": 19, "object_id": "6af7829a-3cc8-4ffa-98e8-2cfd08acefb4", "object_repr": "mhshimtest - \uad7d\ub124\uce58\ud0a8 - weather : 1", "action_flag": 2, "change_message": "[{\"changed\": {\"fields\": [\"delivery_status\", \"weather\"]}}]"}}, {"model": "admin.logentry", "pk": 246, "fields": {"action_time": "2019-05-31T04:56:30.457Z", "user": 1, "content_type": 19, "object_id": "4f89dc97-0440-482f-80e0-5a7bd19b56e0", "object_repr": "mhshimtest - \uad7d\ub124\uce58\ud0a8 - weather : 3", "action_flag": 2, "change_message": "[{\"changed\": {\"fields\": [\"delivery_status\", \"weather\"]}}]"}}, {"model": "admin.logentry", "pk": 247, "fields": {"action_time": "2019-05-31T04:57:41.043Z", "user": 1, "content_type": 19, "object_id": "9656c42b-a603-49c2-9205-9a169658a0c3", "object_repr": "mhshimtest - \uad7d\ub124\uce58\ud0a8 - weather : 3", "action_flag": 2, "change_message": "[{\"changed\": {\"fields\": [\"delivery_status\", \"weather\"]}}]"}}, {"model": "admin.logentry", "pk": 248, "fields": {"action_time": "2019-05-31T04:58:29.980Z", "user": 1, "content_type": 19, "object_id": "c7268fee-5c28-4f9c-83bb-f3d2293dc075", "object_repr": "mhshimtest - \uad7d\ub124\uce58\ud0a8 - weather : 4", "action_flag": 2, "change_message": "[{\"changed\": {\"fields\": [\"delivery_status\", \"weather\"]}}]"}}, {"model": "admin.logentry", "pk": 249, "fields": {"action_time": "2019-05-31T05:14:27.915Z", "user": 1, "content_type": 13, "object_id": "10", "object_repr": "\ud638\uce58\ud0a8", "action_flag": 1, "change_message": "[{\"added\": {}}]"}}, {"model": "admin.logentry", "pk": 250, "fields": {"action_time": "2019-05-31T05:37:25.018Z", "user": 1, "content_type": 19, "object_id": "6a924a21-19ee-40e4-bc84-e994fdd56ef8", "object_repr": "mhshimtest - \ucc99\ud69f\uc9d1 - weather : 2", "action_flag": 2, "change_message": "[{\"changed\": {\"fields\": [\"weather\"]}}]"}}, {"model": "admin.logentry", "pk": 251, "fields": {"action_time": "2019-05-31T06:03:13.240Z", "user": 1, "content_type": 20, "object_id": "9", "object_repr": "cc13adfa-c410-4252-b779-23c28eb26917", "action_flag": 3, "change_message": ""}}, {"model": "admin.logentry", "pk": 252, "fields": {"action_time": "2019-05-31T06:03:13.252Z", "user": 1, "content_type": 20, "object_id": "8", "object_repr": "6383a462-2928-4447-b5dc-b7b2ee8925ab", "action_flag": 3, "change_message": ""}}, {"model": "admin.logentry", "pk": 253, "fields": {"action_time": "2019-05-31T06:03:13.262Z", "user": 1, "content_type": 20, "object_id": "7", "object_repr": "f0235c01-5f67-4825-906e-09a44a6e403a", "action_flag": 3, "change_message": ""}}, {"model": "admin.logentry", "pk": 254, "fields": {"action_time": "2019-05-31T06:03:13.272Z", "user": 1, "content_type": 20, "object_id": "6", "object_repr": "e61c3d08-e2e1-4842-bbb1-b5be5dbc7125", "action_flag": 3, "change_message": ""}}, {"model": "admin.logentry", "pk": 255, "fields": {"action_time": "2019-05-31T06:03:13.284Z", "user": 1, "content_type": 20, "object_id": "4", "object_repr": "7e67d492-0578-48b8-a307-41c8a7bbbde0", "action_flag": 3, "change_message": ""}}, {"model": "admin.logentry", "pk": 256, "fields": {"action_time": "2019-05-31T06:03:13.295Z", "user": 1, "content_type": 20, "object_id": "3", "object_repr": "e61c3d08-e2e1-4842-bbb1-b5be5dbc7125", "action_flag": 3, "change_message": ""}}, {"model": "admin.logentry", "pk": 257, "fields": {"action_time": "2019-05-31T06:03:13.308Z", "user": 1, "content_type": 20, "object_id": "2", "object_repr": "0d2bf9c0-6584-49d2-b296-243b3c91e7c8", "action_flag": 3, "change_message": ""}}, {"model": "admin.logentry", "pk": 258, "fields": {"action_time": "2019-05-31T06:03:13.318Z", "user": 1, "content_type": 20, "object_id": "1", "object_repr": "7b64b886-f8bd-4154-90a3-df5a8150f8a4", "action_flag": 3, "change_message": ""}}, {"model": "admin.logentry", "pk": 259, "fields": {"action_time": "2019-05-31T06:03:21.963Z", "user": 1, "content_type": 21, "object_id": "13", "object_repr": "cc13adfa-c410-4252-b779-23c28eb26917", "action_flag": 3, "change_message": ""}}, {"model": "admin.logentry", "pk": 260, "fields": {"action_time": "2019-05-31T06:03:22.014Z", "user": 1, "content_type": 21, "object_id": "12", "object_repr": "cc451bb5-4faf-45ad-beed-bb28d827a3fd", "action_flag": 3, "change_message": ""}}, {"model": "admin.logentry", "pk": 261, "fields": {"action_time": "2019-05-31T06:03:22.029Z", "user": 1, "content_type": 21, "object_id": "11", "object_repr": "fc0b3f96-171a-4662-b8d2-a6de9e7e2e7b", "action_flag": 3, "change_message": ""}}, {"model": "admin.logentry", "pk": 262, "fields": {"action_time": "2019-05-31T06:03:22.042Z", "user": 1, "content_type": 21, "object_id": "10", "object_repr": "058036c2-91dc-461e-b0c9-54625478ef1d", "action_flag": 3, "change_message": ""}}, {"model": "admin.logentry", "pk": 263, "fields": {"action_time": "2019-05-31T06:03:22.052Z", "user": 1, "content_type": 21, "object_id": "9", "object_repr": "f4e10225-5647-43ec-a1ea-12c2b8e9dc01", "action_flag": 3, "change_message": ""}}, {"model": "admin.logentry", "pk": 264, "fields": {"action_time": "2019-05-31T06:03:22.063Z", "user": 1, "content_type": 21, "object_id": "8", "object_repr": "a3f9b5ea-a520-4817-8ab4-aa603534a180", "action_flag": 3, "change_message": ""}}, {"model": "admin.logentry", "pk": 265, "fields": {"action_time": "2019-05-31T06:03:22.074Z", "user": 1, "content_type": 21, "object_id": "7", "object_repr": "88b0feab-af79-45de-a2e9-4c852823759b", "action_flag": 3, "change_message": ""}}, {"model": "admin.logentry", "pk": 266, "fields": {"action_time": "2019-05-31T06:03:22.084Z", "user": 1, "content_type": 21, "object_id": "6", "object_repr": "6383a462-2928-4447-b5dc-b7b2ee8925ab", "action_flag": 3, "change_message": ""}}, {"model": "admin.logentry", "pk": 267, "fields": {"action_time": "2019-05-31T06:03:22.096Z", "user": 1, "content_type": 21, "object_id": "5", "object_repr": "f0235c01-5f67-4825-906e-09a44a6e403a", "action_flag": 3, "change_message": ""}}, {"model": "admin.logentry", "pk": 268, "fields": {"action_time": "2019-05-31T06:03:22.106Z", "user": 1, "content_type": 21, "object_id": "4", "object_repr": "7e67d492-0578-48b8-a307-41c8a7bbbde0", "action_flag": 3, "change_message": ""}}, {"model": "admin.logentry", "pk": 269, "fields": {"action_time": "2019-05-31T06:03:22.116Z", "user": 1, "content_type": 21, "object_id": "3", "object_repr": "e61c3d08-e2e1-4842-bbb1-b5be5dbc7125", "action_flag": 3, "change_message": ""}}, {"model": "admin.logentry", "pk": 270, "fields": {"action_time": "2019-05-31T06:03:22.126Z", "user": 1, "content_type": 21, "object_id": "2", "object_repr": "0d2bf9c0-6584-49d2-b296-243b3c91e7c8", "action_flag": 3, "change_message": ""}}, {"model": "admin.logentry", "pk": 271, "fields": {"action_time": "2019-05-31T06:03:22.136Z", "user": 1, "content_type": 21, "object_id": "1", "object_repr": "7b64b886-f8bd-4154-90a3-df5a8150f8a4", "action_flag": 3, "change_message": ""}}, {"model": "admin.logentry", "pk": 272, "fields": {"action_time": "2019-05-31T06:20:10.733Z", "user": 1, "content_type": 11, "object_id": "13", "object_repr": "thkwon", "action_flag": 2, "change_message": "[{\"changed\": {\"fields\": [\"email\"]}}]"}}, {"model": "admin.logentry", "pk": 273, "fields": {"action_time": "2019-06-03T06:03:18.813Z", "user": 1, "content_type": 14, "object_id": "19", "object_repr": "\ubb3c\ud68ctest", "action_flag": 2, "change_message": "[{\"changed\": {\"fields\": [\"name\"]}}]"}}, {"model": "admin.logentry", "pk": 274, "fields": {"action_time": "2019-06-03T06:21:22.434Z", "user": 1, "content_type": 14, "object_id": "19", "object_repr": "\ubb3c\ud68ctest123", "action_flag": 2, "change_message": "[{\"changed\": {\"fields\": [\"name\"]}}]"}}, {"model": "admin.logentry", "pk": 275, "fields": {"action_time": "2019-06-03T06:22:28.523Z", "user": 1, "content_type": 14, "object_id": "37", "object_repr": "test", "action_flag": 1, "change_message": "[{\"added\": {}}]"}}, {"model": "admin.logentry", "pk": 276, "fields": {"action_time": "2019-06-03T06:25:06.919Z", "user": 1, "content_type": 14, "object_id": "19", "object_repr": "\ubb3c\ud68ctest9", "action_flag": 2, "change_message": "[{\"changed\": {\"fields\": [\"name\"]}}]"}}, {"model": "admin.logentry", "pk": 277, "fields": {"action_time": "2019-06-03T06:49:12.659Z", "user": 1, "content_type": 14, "object_id": "19", "object_repr": "\ubb3c\ud68ctest10", "action_flag": 2, "change_message": "[{\"changed\": {\"fields\": [\"name\"]}}]"}}, {"model": "admin.logentry", "pk": 278, "fields": {"action_time": "2019-06-03T06:50:15.140Z", "user": 1, "content_type": 14, "object_id": "19", "object_repr": "\ubb3c\ud68ctest11", "action_flag": 2, "change_message": "[{\"changed\": {\"fields\": [\"name\"]}}]"}}, {"model": "admin.logentry", "pk": 279, "fields": {"action_time": "2019-06-03T06:51:09.902Z", "user": 1, "content_type": 14, "object_id": "19", "object_repr": "\ubb3c\ud68ctest11", "action_flag": 2, "change_message": "[{\"changed\": {\"fields\": [\"name\"]}}]"}}, {"model": "admin.logentry", "pk": 280, "fields": {"action_time": "2019-06-03T06:52:00.754Z", "user": 1, "content_type": 14, "object_id": "19", "object_repr": "\ubb3c\ud68ctest11", "action_flag": 2, "change_message": "[{\"changed\": {\"fields\": [\"name\"]}}]"}}, {"model": "admin.logentry", "pk": 281, "fields": {"action_time": "2019-06-03T06:52:37.446Z", "user": 1, "content_type": 14, "object_id": "19", "object_repr": "\ubb3c\ud68ctest11", "action_flag": 2, "change_message": "[{\"changed\": {\"fields\": [\"name\"]}}]"}}, {"model": "admin.logentry", "pk": 282, "fields": {"action_time": "2019-06-03T06:53:09.270Z", "user": 1, "content_type": 14, "object_id": "19", "object_repr": "\ubb3c\ud68ctest11", "action_flag": 2, "change_message": "[{\"changed\": {\"fields\": [\"name\"]}}]"}}, {"model": "admin.logentry", "pk": 283, "fields": {"action_time": "2019-06-03T06:56:04.910Z", "user": 1, "content_type": 14, "object_id": "19", "object_repr": "\ubb3c\ud68ctest11", "action_flag": 2, "change_message": "[{\"changed\": {\"fields\": [\"name\"]}}]"}}, {"model": "admin.logentry", "pk": 284, "fields": {"action_time": "2019-06-03T06:57:08.936Z", "user": 1, "content_type": 14, "object_id": "19", "object_repr": "\ubb3c\ud68ctest1", "action_flag": 2, "change_message": "[{\"changed\": {\"fields\": [\"name\", \"price\"]}}]"}}, {"model": "admin.logentry", "pk": 285, "fields": {"action_time": "2019-06-03T06:59:08.415Z", "user": 1, "content_type": 14, "object_id": "19", "object_repr": "\ubb3c\ud68ctest2", "action_flag": 2, "change_message": "[{\"changed\": {\"fields\": [\"name\", \"price\"]}}]"}}, {"model": "admin.logentry", "pk": 286, "fields": {"action_time": "2019-06-03T07:01:15.124Z", "user": 1, "content_type": 14, "object_id": "19", "object_repr": "\ubb3c\ud68ctest3", "action_flag": 2, "change_message": "[{\"changed\": {\"fields\": [\"name\"]}}]"}}, {"model": "admin.logentry", "pk": 287, "fields": {"action_time": "2019-06-03T07:08:51.774Z", "user": 1, "content_type": 14, "object_id": "19", "object_repr": "\ubb3c\ud68ctest4", "action_flag": 2, "change_message": "[{\"changed\": {\"fields\": [\"name\"]}}]"}}, {"model": "admin.logentry", "pk": 288, "fields": {"action_time": "2019-06-03T09:02:47.190Z", "user": 1, "content_type": 14, "object_id": "19", "object_repr": "\ubb3c\ud68ctest5", "action_flag": 2, "change_message": "[{\"changed\": {\"fields\": [\"name\"]}}]"}}, {"model": "admin.logentry", "pk": 289, "fields": {"action_time": "2019-06-03T09:05:37.362Z", "user": 1, "content_type": 14, "object_id": "19", "object_repr": "\ubb3c\ud68ctest6", "action_flag": 2, "change_message": "[{\"changed\": {\"fields\": [\"name\", \"hit\"]}}]"}}, {"model": "admin.logentry", "pk": 290, "fields": {"action_time": "2019-06-03T09:58:44.657Z", "user": 1, "content_type": 14, "object_id": "19", "object_repr": "\ubb3c\ud68ctest7", "action_flag": 2, "change_message": "[{\"changed\": {\"fields\": [\"name\"]}}]"}}, {"model": "admin.logentry", "pk": 291, "fields": {"action_time": "2019-06-03T10:03:36.127Z", "user": 1, "content_type": 14, "object_id": "19", "object_repr": "\ubb3c\ud68ctest0", "action_flag": 2, "change_message": "[{\"changed\": {\"fields\": [\"name\", \"price\"]}}]"}}, {"model": "admin.logentry", "pk": 292, "fields": {"action_time": "2019-06-03T10:33:52.754Z", "user": 1, "content_type": 14, "object_id": "19", "object_repr": "\ubb3c\ud68ctest1", "action_flag": 2, "change_message": "[{\"changed\": {\"fields\": [\"name\"]}}]"}}, {"model": "admin.logentry", "pk": 293, "fields": {"action_time": "2019-06-03T14:09:59.096Z", "user": 1, "content_type": 14, "object_id": "19", "object_repr": "\ubb3c\ud68ctest2", "action_flag": 2, "change_message": "[{\"changed\": {\"fields\": [\"name\"]}}]"}}, {"model": "admin.logentry", "pk": 294, "fields": {"action_time": "2019-06-03T14:47:21.303Z", "user": 1, "content_type": 14, "object_id": "19", "object_repr": "\ubb3c\ud68ctest3", "action_flag": 2, "change_message": "[{\"changed\": {\"fields\": [\"name\"]}}]"}}, {"model": "admin.logentry", "pk": 295, "fields": {"action_time": "2019-06-03T14:57:23.447Z", "user": 1, "content_type": 25, "object_id": "10", "object_repr": "MenuTimeLine object (10)", "action_flag": 3, "change_message": ""}}, {"model": "admin.logentry", "pk": 296, "fields": {"action_time": "2019-06-03T14:57:23.499Z", "user": 1, "content_type": 25, "object_id": "9", "object_repr": "MenuTimeLine object (9)", "action_flag": 3, "change_message": ""}}, {"model": "admin.logentry", "pk": 297, "fields": {"action_time": "2019-06-03T14:57:23.550Z", "user": 1, "content_type": 25, "object_id": "8", "object_repr": "MenuTimeLine object (8)", "action_flag": 3, "change_message": ""}}, {"model": "admin.logentry", "pk": 298, "fields": {"action_time": "2019-06-03T14:57:23.599Z", "user": 1, "content_type": 25, "object_id": "5", "object_repr": "MenuTimeLine object (5)", "action_flag": 3, "change_message": ""}}, {"model": "admin.logentry", "pk": 299, "fields": {"action_time": "2019-06-03T14:57:23.649Z", "user": 1, "content_type": 25, "object_id": "4", "object_repr": "MenuTimeLine object (4)", "action_flag": 3, "change_message": ""}}, {"model": "admin.logentry", "pk": 300, "fields": {"action_time": "2019-06-03T14:57:23.698Z", "user": 1, "content_type": 25, "object_id": "2", "object_repr": "MenuTimeLine object (2)", "action_flag": 3, "change_message": ""}}, {"model": "admin.logentry", "pk": 301, "fields": {"action_time": "2019-06-03T14:57:23.784Z", "user": 1, "content_type": 25, "object_id": "1", "object_repr": "MenuTimeLine object (1)", "action_flag": 3, "change_message": ""}}, {"model": "admin.logentry", "pk": 302, "fields": {"action_time": "2019-06-03T15:01:20.188Z", "user": 1, "content_type": 14, "object_id": "19", "object_repr": "\ubb3c\ud68ctest4", "action_flag": 2, "change_message": "[{\"changed\": {\"fields\": [\"name\"]}}]"}}, {"model": "admin.logentry", "pk": 303, "fields": {"action_time": "2019-06-03T15:03:09.163Z", "user": 1, "content_type": 14, "object_id": "19", "object_repr": "\ubb3c\ud68ctest5", "action_flag": 2, "change_message": "[{\"changed\": {\"fields\": [\"name\"]}}]"}}, {"model": "admin.logentry", "pk": 304, "fields": {"action_time": "2019-06-03T15:03:59.638Z", "user": 1, "content_type": 14, "object_id": "19", "object_repr": "\ubb3c\ud68ctest5", "action_flag": 2, "change_message": "[{\"changed\": {\"fields\": [\"img\", \"detail\", \"price\"]}}]"}}, {"model": "admin.logentry", "pk": 305, "fields": {"action_time": "2019-06-03T15:05:34.662Z", "user": 1, "content_type": 14, "object_id": "38", "object_repr": "test0", "action_flag": 1, "change_message": "[{\"added\": {}}]"}}, {"model": "admin.logentry", "pk": 306, "fields": {"action_time": "2019-06-03T15:07:46.882Z", "user": 1, "content_type": 14, "object_id": "39", "object_repr": "123", "action_flag": 1, "change_message": "[{\"added\": {}}]"}}, {"model": "admin.logentry", "pk": 307, "fields": {"action_time": "2019-06-03T15:08:35.823Z", "user": 1, "content_type": 14, "object_id": "40", "object_repr": "123", "action_flag": 1, "change_message": "[{\"added\": {}}]"}}, {"model": "admin.logentry", "pk": 308, "fields": {"action_time": "2019-06-03T15:42:39.527Z", "user": 1, "content_type": 14, "object_id": "40", "object_repr": "123", "action_flag": 3, "change_message": ""}}, {"model": "admin.logentry", "pk": 309, "fields": {"action_time": "2019-06-03T15:42:39.576Z", "user": 1, "content_type": 14, "object_id": "39", "object_repr": "123", "action_flag": 3, "change_message": ""}}, {"model": "admin.logentry", "pk": 310, "fields": {"action_time": "2019-06-03T15:42:39.622Z", "user": 1, "content_type": 14, "object_id": "38", "object_repr": "test0", "action_flag": 3, "change_message": ""}}, {"model": "admin.logentry", "pk": 311, "fields": {"action_time": "2019-06-03T15:42:39.668Z", "user": 1, "content_type": 14, "object_id": "37", "object_repr": "test", "action_flag": 3, "change_message": ""}}, {"model": "admin.logentry", "pk": 312, "fields": {"action_time": "2019-06-03T16:12:50.153Z", "user": 1, "content_type": 14, "object_id": "41", "object_repr": "test", "action_flag": 1, "change_message": "[{\"added\": {}}]"}}, {"model": "admin.logentry", "pk": 313, "fields": {"action_time": "2019-06-03T16:15:02.571Z", "user": 1, "content_type": 14, "object_id": "42", "object_repr": "test", "action_flag": 1, "change_message": "[{\"added\": {}}]"}}, {"model": "admin.logentry", "pk": 314, "fields": {"action_time": "2019-06-03T16:15:23.310Z", "user": 1, "content_type": 14, "object_id": "42", "object_repr": "test1", "action_flag": 2, "change_message": "[{\"changed\": {\"fields\": [\"name\"]}}]"}}, {"model": "admin.logentry", "pk": 315, "fields": {"action_time": "2019-06-03T16:22:15.751Z", "user": 1, "content_type": 14, "object_id": "43", "object_repr": "test", "action_flag": 1, "change_message": "[{\"added\": {}}]"}}, {"model": "admin.logentry", "pk": 316, "fields": {"action_time": "2019-06-04T02:02:22.358Z", "user": 1, "content_type": 14, "object_id": "44", "object_repr": "\u3141\u3141\u3134\u3147\u3139", "action_flag": 1, "change_message": "[{\"added\": {}}]"}}, {"model": "admin.logentry", "pk": 317, "fields": {"action_time": "2019-06-04T02:04:50.142Z", "user": 1, "content_type": 14, "object_id": "45", "object_repr": "asdf", "action_flag": 1, "change_message": "[{\"added\": {}}]"}}, {"model": "admin.logentry", "pk": 318, "fields": {"action_time": "2019-06-04T02:05:02.166Z", "user": 1, "content_type": 14, "object_id": "45", "object_repr": "asdf", "action_flag": 2, "change_message": "[{\"changed\": {\"fields\": [\"detail\"]}}]"}}, {"model": "admin.logentry", "pk": 319, "fields": {"action_time": "2019-06-04T05:39:13.763Z", "user": 1, "content_type": 14, "object_id": "45", "object_repr": "asdf", "action_flag": 3, "change_message": ""}}, {"model": "admin.logentry", "pk": 320, "fields": {"action_time": "2019-06-04T05:39:13.819Z", "user": 1, "content_type": 14, "object_id": "44", "object_repr": "\u3141\u3141\u3134\u3147\u3139", "action_flag": 3, "change_message": ""}}, {"model": "admin.logentry", "pk": 321, "fields": {"action_time": "2019-06-04T05:39:13.870Z", "user": 1, "content_type": 14, "object_id": "43", "object_repr": "test", "action_flag": 3, "change_message": ""}}, {"model": "admin.logentry", "pk": 322, "fields": {"action_time": "2019-06-04T05:39:13.922Z", "user": 1, "content_type": 14, "object_id": "42", "object_repr": "test1", "action_flag": 3, "change_message": ""}}, {"model": "admin.logentry", "pk": 323, "fields": {"action_time": "2019-06-04T05:45:21.938Z", "user": 1, "content_type": 14, "object_id": "47", "object_repr": "test123123", "action_flag": 1, "change_message": "[{\"added\": {}}]"}}, {"model": "admin.logentry", "pk": 324, "fields": {"action_time": "2019-06-04T06:58:50.431Z", "user": 1, "content_type": 25, "object_id": "19", "object_repr": "MenuTimeLine object (19)", "action_flag": 3, "change_message": ""}}, {"model": "admin.logentry", "pk": 325, "fields": {"action_time": "2019-06-04T06:58:50.486Z", "user": 1, "content_type": 25, "object_id": "13", "object_repr": "MenuTimeLine object (13)", "action_flag": 3, "change_message": ""}}, {"model": "admin.logentry", "pk": 326, "fields": {"action_time": "2019-06-04T06:58:50.501Z", "user": 1, "content_type": 25, "object_id": "12", "object_repr": "MenuTimeLine object (12)", "action_flag": 3, "change_message": ""}}, {"model": "admin.logentry", "pk": 327, "fields": {"action_time": "2019-06-04T06:58:50.514Z", "user": 1, "content_type": 25, "object_id": "11", "object_repr": "MenuTimeLine object (11)", "action_flag": 3, "change_message": ""}}, {"model": "admin.logentry", "pk": 328, "fields": {"action_time": "2019-06-04T06:59:27.090Z", "user": 1, "content_type": 14, "object_id": "48", "object_repr": "\ubb3c\ud68ctest", "action_flag": 1, "change_message": "[{\"added\": {}}]"}}, {"model": "admin.logentry", "pk": 329, "fields": {"action_time": "2019-06-04T07:02:09.882Z", "user": 1, "content_type": 14, "object_id": "49", "object_repr": "\uce58\ud0a8test2", "action_flag": 1, "change_message": "[{\"added\": {}}]"}}, {"model": "admin.logentry", "pk": 330, "fields": {"action_time": "2019-06-04T07:02:27.038Z", "user": 1, "content_type": 14, "object_id": "49", "object_repr": "\uce58\ud0a8test2", "action_flag": 2, "change_message": "[{\"changed\": {\"fields\": [\"price\"]}}]"}}, {"model": "admin.logentry", "pk": 331, "fields": {"action_time": "2019-06-04T08:23:54.523Z", "user": 1, "content_type": 14, "object_id": "50", "object_repr": "\uce58\ud0a8test9999", "action_flag": 1, "change_message": "[{\"added\": {}}]"}}, {"model": "admin.logentry", "pk": 332, "fields": {"action_time": "2019-06-04T08:29:08.884Z", "user": 1, "content_type": 14, "object_id": "50", "object_repr": "\uce58\ud0a8test9999", "action_flag": 2, "change_message": "[{\"changed\": {\"fields\": [\"img\"]}}]"}}, {"model": "admin.logentry", "pk": 333, "fields": {"action_time": "2019-06-04T10:01:57.874Z", "user": 1, "content_type": 25, "object_id": "24", "object_repr": "MenuTimeLine object (24)", "action_flag": 3, "change_message": ""}}, {"model": "admin.logentry", "pk": 334, "fields": {"action_time": "2019-06-04T10:01:57.889Z", "user": 1, "content_type": 25, "object_id": "23", "object_repr": "MenuTimeLine object (23)", "action_flag": 3, "change_message": ""}}, {"model": "admin.logentry", "pk": 335, "fields": {"action_time": "2019-06-04T10:01:57.902Z", "user": 1, "content_type": 25, "object_id": "22", "object_repr": "MenuTimeLine object (22)", "action_flag": 3, "change_message": ""}}, {"model": "admin.logentry", "pk": 336, "fields": {"action_time": "2019-06-04T10:01:57.914Z", "user": 1, "content_type": 25, "object_id": "21", "object_repr": "MenuTimeLine object (21)", "action_flag": 3, "change_message": ""}}, {"model": "admin.logentry", "pk": 337, "fields": {"action_time": "2019-06-04T10:01:57.930Z", "user": 1, "content_type": 25, "object_id": "20", "object_repr": "MenuTimeLine object (20)", "action_flag": 3, "change_message": ""}}, {"model": "admin.logentry", "pk": 338, "fields": {"action_time": "2019-06-04T10:02:21.605Z", "user": 1, "content_type": 14, "object_id": "50", "object_repr": "\uce58\ud0a8test9999", "action_flag": 3, "change_message": ""}}, {"model": "admin.logentry", "pk": 339, "fields": {"action_time": "2019-06-04T10:02:21.619Z", "user": 1, "content_type": 14, "object_id": "49", "object_repr": "\uce58\ud0a8test2", "action_flag": 3, "change_message": ""}}, {"model": "admin.logentry", "pk": 340, "fields": {"action_time": "2019-06-04T10:02:21.632Z", "user": 1, "content_type": 14, "object_id": "48", "object_repr": "\ubb3c\ud68ctest", "action_flag": 3, "change_message": ""}}, {"model": "admin.logentry", "pk": 341, "fields": {"action_time": "2019-06-04T10:02:21.646Z", "user": 1, "content_type": 14, "object_id": "47", "object_repr": "test123123", "action_flag": 3, "change_message": ""}}, {"model": "admin.logentry", "pk": 342, "fields": {"action_time": "2019-06-04T10:02:21.659Z", "user": 1, "content_type": 14, "object_id": "41", "object_repr": "test", "action_flag": 3, "change_message": ""}}, {"model": "admin.logentry", "pk": 343, "fields": {"action_time": "2019-06-04T10:03:24.084Z", "user": 1, "content_type": 14, "object_id": "51", "object_repr": "\ubcfc\ucf00\uc774\ub178test", "action_flag": 1, "change_message": "[{\"added\": {}}]"}}, {"model": "admin.logentry", "pk": 344, "fields": {"action_time": "2019-06-05T01:12:19.876Z", "user": 1, "content_type": 14, "object_id": "51", "object_repr": "\ubcfc\ucf00\uc774\ub178test", "action_flag": 2, "change_message": "[{\"changed\": {\"fields\": [\"price\"]}}]"}}, {"model": "admin.logentry", "pk": 345, "fields": {"action_time": "2019-06-05T01:12:46.629Z", "user": 1, "content_type": 14, "object_id": "51", "object_repr": "\ubcfc\ucf00\uc774\ub178test", "action_flag": 2, "change_message": "[{\"changed\": {\"fields\": [\"detail\"]}}]"}}, {"model": "admin.logentry", "pk": 346, "fields": {"action_time": "2019-06-05T01:15:22.917Z", "user": 1, "content_type": 14, "object_id": "51", "object_repr": "\ubcfc\ucf00\uc774\ub178test", "action_flag": 2, "change_message": "[{\"changed\": {\"fields\": [\"img\"]}}]"}}, {"model": "admin.logentry", "pk": 347, "fields": {"action_time": "2019-06-05T02:08:05.446Z", "user": 1, "content_type": 14, "object_id": "51", "object_repr": "\ubcfc\ucf00\uc774\ub178test", "action_flag": 2, "change_message": "[{\"changed\": {\"fields\": [\"img\"]}}]"}}, {"model": "admin.logentry", "pk": 348, "fields": {"action_time": "2019-06-05T04:41:51.544Z", "user": 1, "content_type": 14, "object_id": "51", "object_repr": "\ubcfc\ucf00\uc774\ub178test", "action_flag": 2, "change_message": "[{\"changed\": {\"fields\": [\"img\"]}}]"}}, {"model": "admin.logentry", "pk": 349, "fields": {"action_time": "2019-06-05T04:42:45.285Z", "user": 1, "content_type": 25, "object_id": "30", "object_repr": "MenuTimeLine object (30)", "action_flag": 3, "change_message": ""}}, {"model": "admin.logentry", "pk": 350, "fields": {"action_time": "2019-06-05T04:42:45.300Z", "user": 1, "content_type": 25, "object_id": "29", "object_repr": "MenuTimeLine object (29)", "action_flag": 3, "change_message": ""}}, {"model": "admin.logentry", "pk": 351, "fields": {"action_time": "2019-06-05T04:42:45.313Z", "user": 1, "content_type": 25, "object_id": "28", "object_repr": "MenuTimeLine object (28)", "action_flag": 3, "change_message": ""}}, {"model": "admin.logentry", "pk": 352, "fields": {"action_time": "2019-06-05T04:42:45.326Z", "user": 1, "content_type": 25, "object_id": "27", "object_repr": "MenuTimeLine object (27)", "action_flag": 3, "change_message": ""}}, {"model": "admin.logentry", "pk": 353, "fields": {"action_time": "2019-06-05T04:42:45.339Z", "user": 1, "content_type": 25, "object_id": "26", "object_repr": "MenuTimeLine object (26)", "action_flag": 3, "change_message": ""}}, {"model": "admin.logentry", "pk": 354, "fields": {"action_time": "2019-06-05T04:42:45.352Z", "user": 1, "content_type": 25, "object_id": "25", "object_repr": "MenuTimeLine object (25)", "action_flag": 3, "change_message": ""}}, {"model": "admin.logentry", "pk": 355, "fields": {"action_time": "2019-06-05T04:42:54.501Z", "user": 1, "content_type": 14, "object_id": "51", "object_repr": "\ubcfc\ucf00\uc774\ub178test", "action_flag": 3, "change_message": ""}}, {"model": "admin.logentry", "pk": 356, "fields": {"action_time": "2019-06-05T04:43:27.157Z", "user": 1, "content_type": 14, "object_id": "52", "object_repr": "\ubcfc\ucf00\uc774\ub178 \uce58\ud0a8 test", "action_flag": 1, "change_message": "[{\"added\": {}}]"}}, {"model": "admin.logentry", "pk": 357, "fields": {"action_time": "2019-06-05T04:44:38.183Z", "user": 1, "content_type": 14, "object_id": "52", "object_repr": "\ubcfc\ucf00\uc774\ub178 \uce58\ud0a8 test2", "action_flag": 2, "change_message": "[{\"changed\": {\"fields\": [\"name\", \"img\", \"detail\", \"price\", \"tastes\"]}}]"}}, {"model": "admin.logentry", "pk": 358, "fields": {"action_time": "2019-06-05T05:03:21.104Z", "user": 1, "content_type": 14, "object_id": "52", "object_repr": "\ubcfc\ucf00\uc774\ub178 \uce58\ud0a8 test2", "action_flag": 2, "change_message": "[{\"changed\": {\"fields\": [\"detail\"]}}]"}}, {"model": "admin.logentry", "pk": 359, "fields": {"action_time": "2019-06-05T05:05:13.782Z", "user": 1, "content_type": 14, "object_id": "52", "object_repr": "\ubcfc\ucf00\uc774\ub178 \uce58\ud0a8 test2", "action_flag": 2, "change_message": "[{\"changed\": {\"fields\": [\"img\"]}}]"}}, {"model": "admin.logentry", "pk": 360, "fields": {"action_time": "2019-06-05T05:07:39.039Z", "user": 1, "content_type": 14, "object_id": "52", "object_repr": "\ubcfc\ucf00\uc774\ub178 \uce58\ud0a8 test2", "action_flag": 2, "change_message": "[{\"changed\": {\"fields\": [\"detail\"]}}]"}}, {"model": "admin.logentry", "pk": 361, "fields": {"action_time": "2019-06-05T05:08:45.361Z", "user": 1, "content_type": 14, "object_id": "52", "object_repr": "\ubcfc\ucf00\uc774\ub178 \uce58\ud0a8 test2", "action_flag": 2, "change_message": "[{\"changed\": {\"fields\": [\"img\"]}}]"}}, {"model": "admin.logentry", "pk": 362, "fields": {"action_time": "2019-06-05T05:09:02.656Z", "user": 1, "content_type": 14, "object_id": "52", "object_repr": "\ubcfc\ucf00\uc774\ub178 \uce58\ud0a8 test2", "action_flag": 2, "change_message": "[{\"changed\": {\"fields\": [\"detail\", \"price\"]}}]"}}, {"model": "admin.logentry", "pk": 363, "fields": {"action_time": "2019-06-05T05:09:51.062Z", "user": 1, "content_type": 14, "object_id": "52", "object_repr": "\ubcfc\ucf00\uc774\ub178 \uce58\ud0a8 test2", "action_flag": 2, "change_message": "[{\"changed\": {\"fields\": [\"detail\"]}}]"}}, {"model": "admin.logentry", "pk": 364, "fields": {"action_time": "2019-06-05T05:09:57.998Z", "user": 1, "content_type": 14, "object_id": "52", "object_repr": "\ubcfc\ucf00\uc774\ub178 \uce58\ud0a8 test2", "action_flag": 2, "change_message": "[{\"changed\": {\"fields\": [\"img\"]}}]"}}, {"model": "admin.logentry", "pk": 365, "fields": {"action_time": "2019-06-05T05:10:12.274Z", "user": 1, "content_type": 14, "object_id": "52", "object_repr": "\ubcfc\ucf00\uc774\ub178 \uce58\ud0a8 test2", "action_flag": 2, "change_message": "[{\"changed\": {\"fields\": [\"img\"]}}]"}}, {"model": "admin.logentry", "pk": 366, "fields": {"action_time": "2019-06-05T05:11:21.238Z", "user": 1, "content_type": 14, "object_id": "53", "object_repr": "\ub124\ub124test", "action_flag": 1, "change_message": "[{\"added\": {}}]"}}, {"model": "admin.logentry", "pk": 367, "fields": {"action_time": "2019-06-05T05:11:50.065Z", "user": 1, "content_type": 14, "object_id": "53", "object_repr": "\ub124\ub124test", "action_flag": 2, "change_message": "[{\"changed\": {\"fields\": [\"img\"]}}]"}}, {"model": "admin.logentry", "pk": 368, "fields": {"action_time": "2019-06-05T05:13:31.905Z", "user": 1, "content_type": 25, "object_id": "57", "object_repr": "MenuTimeLine object (57)", "action_flag": 3, "change_message": ""}}, {"model": "admin.logentry", "pk": 369, "fields": {"action_time": "2019-06-05T05:13:31.919Z", "user": 1, "content_type": 25, "object_id": "56", "object_repr": "MenuTimeLine object (56)", "action_flag": 3, "change_message": ""}}, {"model": "admin.logentry", "pk": 370, "fields": {"action_time": "2019-06-05T05:13:31.932Z", "user": 1, "content_type": 25, "object_id": "54", "object_repr": "MenuTimeLine object (54)", "action_flag": 3, "change_message": ""}}, {"model": "admin.logentry", "pk": 371, "fields": {"action_time": "2019-06-05T05:13:31.945Z", "user": 1, "content_type": 25, "object_id": "52", "object_repr": "MenuTimeLine object (52)", "action_flag": 3, "change_message": ""}}, {"model": "admin.logentry", "pk": 372, "fields": {"action_time": "2019-06-05T05:13:31.958Z", "user": 1, "content_type": 25, "object_id": "51", "object_repr": "MenuTimeLine object (51)", "action_flag": 3, "change_message": ""}}, {"model": "admin.logentry", "pk": 373, "fields": {"action_time": "2019-06-05T05:13:31.972Z", "user": 1, "content_type": 25, "object_id": "50", "object_repr": "MenuTimeLine object (50)", "action_flag": 3, "change_message": ""}}, {"model": "admin.logentry", "pk": 374, "fields": {"action_time": "2019-06-05T05:13:31.985Z", "user": 1, "content_type": 25, "object_id": "49", "object_repr": "MenuTimeLine object (49)", "action_flag": 3, "change_message": ""}}, {"model": "admin.logentry", "pk": 375, "fields": {"action_time": "2019-06-05T05:13:31.998Z", "user": 1, "content_type": 25, "object_id": "48", "object_repr": "MenuTimeLine object (48)", "action_flag": 3, "change_message": ""}}, {"model": "admin.logentry", "pk": 376, "fields": {"action_time": "2019-06-05T05:13:32.012Z", "user": 1, "content_type": 25, "object_id": "46", "object_repr": "MenuTimeLine object (46)", "action_flag": 3, "change_message": ""}}, {"model": "admin.logentry", "pk": 377, "fields": {"action_time": "2019-06-05T05:13:32.025Z", "user": 1, "content_type": 25, "object_id": "43", "object_repr": "MenuTimeLine object (43)", "action_flag": 3, "change_message": ""}}, {"model": "admin.logentry", "pk": 378, "fields": {"action_time": "2019-06-05T05:13:32.042Z", "user": 1, "content_type": 25, "object_id": "33", "object_repr": "MenuTimeLine object (33)", "action_flag": 3, "change_message": ""}}, {"model": "admin.logentry", "pk": 379, "fields": {"action_time": "2019-06-05T05:13:32.055Z", "user": 1, "content_type": 25, "object_id": "31", "object_repr": "MenuTimeLine object (31)", "action_flag": 3, "change_message": ""}}, {"model": "admin.logentry", "pk": 380, "fields": {"action_time": "2019-06-05T05:13:36.870Z", "user": 1, "content_type": 14, "object_id": "52", "object_repr": "\ubcfc\ucf00\uc774\ub178 \uce58\ud0a8 test2", "action_flag": 2, "change_message": "[]"}}, {"model": "admin.logentry", "pk": 381, "fields": {"action_time": "2019-06-05T05:14:01.290Z", "user": 1, "content_type": 14, "object_id": "53", "object_repr": "\ub124\ub124test", "action_flag": 3, "change_message": ""}}, {"model": "admin.logentry", "pk": 382, "fields": {"action_time": "2019-06-05T05:14:01.306Z", "user": 1, "content_type": 14, "object_id": "52", "object_repr": "\ubcfc\ucf00\uc774\ub178 \uce58\ud0a8 test2", "action_flag": 3, "change_message": ""}}, {"model": "admin.logentry", "pk": 383, "fields": {"action_time": "2019-06-05T05:14:37.166Z", "user": 1, "content_type": 14, "object_id": "54", "object_repr": "\uac08\ube44\ucc9c\uc655", "action_flag": 1, "change_message": "[{\"added\": {}}]"}}, {"model": "admin.logentry", "pk": 384, "fields": {"action_time": "2019-06-05T05:15:06.761Z", "user": 1, "content_type": 14, "object_id": "54", "object_repr": "\uac08\ube44\ucc9c\uc655", "action_flag": 2, "change_message": "[{\"changed\": {\"fields\": [\"detail\"]}}]"}}, {"model": "admin.logentry", "pk": 385, "fields": {"action_time": "2019-06-05T05:15:22.219Z", "user": 1, "content_type": 14, "object_id": "54", "object_repr": "\uac08\ube44\ucc9c\uc655", "action_flag": 2, "change_message": "[{\"changed\": {\"fields\": [\"price\"]}}]"}}, {"model": "admin.logentry", "pk": 386, "fields": {"action_time": "2019-06-05T05:15:51.618Z", "user": 1, "content_type": 14, "object_id": "54", "object_repr": "\uac08\ube44\ucc9c\uc655", "action_flag": 2, "change_message": "[{\"changed\": {\"fields\": [\"img\"]}}]"}}, {"model": "admin.logentry", "pk": 387, "fields": {"action_time": "2019-06-05T07:45:42.106Z", "user": 1, "content_type": 14, "object_id": "55", "object_repr": "\uce58\ud0a8 \ud14c\uc2a4\ud2b8", "action_flag": 1, "change_message": "[{\"added\": {}}]"}}, {"model": "admin.logentry", "pk": 388, "fields": {"action_time": "2019-06-05T07:46:32.858Z", "user": 1, "content_type": 14, "object_id": "55", "object_repr": "\uce58\ud0a8 \ud14c\uc2a4\ud2b8", "action_flag": 2, "change_message": "[{\"changed\": {\"fields\": [\"img\"]}}]"}}, {"model": "admin.logentry", "pk": 389, "fields": {"action_time": "2019-06-10T07:04:00.784Z", "user": 1, "content_type": 27, "object_id": "1", "object_repr": "GroupPurchase object (1)", "action_flag": 1, "change_message": "[{\"added\": {}}]"}}, {"model": "admin.logentry", "pk": 390, "fields": {"action_time": "2019-06-10T07:04:32.980Z", "user": 1, "content_type": 27, "object_id": "2", "object_repr": "GroupPurchase object (2)", "action_flag": 1, "change_message": "[{\"added\": {}}]"}}, {"model": "admin.logentry", "pk": 391, "fields": {"action_time": "2019-06-10T07:15:00.063Z", "user": 1, "content_type": 13, "object_id": "5", "object_repr": "\ud64d\ucf69\ubc18\uc810", "action_flag": 2, "change_message": "[{\"changed\": {\"fields\": [\"is_group_purchase\"]}}]"}}, {"model": "admin.logentry", "pk": 392, "fields": {"action_time": "2019-06-10T07:18:56.181Z", "user": 1, "content_type": 14, "object_id": "23", "object_repr": "\uc9dc\uc7a5\uba74", "action_flag": 2, "change_message": "[{\"changed\": {\"fields\": [\"min_quantity\", \"max_quantity\"]}}]"}}, {"model": "admin.logentry", "pk": 393, "fields": {"action_time": "2019-06-10T07:54:34.346Z", "user": 1, "content_type": 14, "object_id": "1", "object_repr": "\uace0\ucd94\ubc14\uc0ac\uc0ad", "action_flag": 2, "change_message": "[{\"changed\": {\"fields\": [\"is_group_purchase\"]}}]"}}, {"model": "admin.logentry", "pk": 394, "fields": {"action_time": "2019-06-10T08:36:23.293Z", "user": 1, "content_type": 14, "object_id": "1", "object_repr": "\uace0\ucd94\ubc14\uc0ac\uc0ad", "action_flag": 2, "change_message": "[{\"changed\": {\"fields\": [\"min_quantity\", \"max_quantity\"]}}]"}}, {"model": "admin.logentry", "pk": 395, "fields": {"action_time": "2019-06-10T08:36:42.143Z", "user": 1, "content_type": 13, "object_id": "1", "object_repr": "\uad7d\ub124\uce58\ud0a8", "action_flag": 2, "change_message": "[{\"changed\": {\"fields\": [\"is_group_purchase\"]}}]"}}, {"model": "admin.logentry", "pk": 396, "fields": {"action_time": "2019-06-10T08:40:26.658Z", "user": 1, "content_type": 27, "object_id": "2", "object_repr": "GroupPurchase object (2)", "action_flag": 2, "change_message": "[{\"changed\": {\"fields\": [\"participant\"]}}]"}}, {"model": "admin.logentry", "pk": 397, "fields": {"action_time": "2019-06-10T08:46:59.651Z", "user": 1, "content_type": 27, "object_id": "1", "object_repr": "GroupPurchase object (1)", "action_flag": 2, "change_message": "[{\"changed\": {\"fields\": [\"participant\"]}}]"}}, {"model": "admin.logentry", "pk": 398, "fields": {"action_time": "2019-06-10T08:47:12.222Z", "user": 1, "content_type": 27, "object_id": "1", "object_repr": "GroupPurchase object (1)", "action_flag": 2, "change_message": "[{\"changed\": {\"fields\": [\"participant\"]}}]"}}, {"model": "admin.logentry", "pk": 399, "fields": {"action_time": "2019-06-10T08:47:41.149Z", "user": 1, "content_type": 14, "object_id": "7", "object_repr": "\uc9dc\uc7a5\uba74", "action_flag": 2, "change_message": "[{\"changed\": {\"fields\": [\"is_group_purchase\"]}}]"}}, {"model": "admin.logentry", "pk": 400, "fields": {"action_time": "2019-06-10T14:42:56.079Z", "user": 1, "content_type": 14, "object_id": "2", "object_repr": "\uac08\ube44\ucc9c\uc655", "action_flag": 2, "change_message": "[{\"changed\": {\"fields\": [\"min_quantity\", \"max_quantity\"]}}]"}}, {"model": "admin.logentry", "pk": 401, "fields": {"action_time": "2019-06-10T15:02:05.164Z", "user": 1, "content_type": 27, "object_id": "3", "object_repr": "GroupPurchase object (3)", "action_flag": 1, "change_message": "[{\"added\": {}}]"}}, {"model": "admin.logentry", "pk": 402, "fields": {"action_time": "2019-06-10T15:02:48.391Z", "user": 1, "content_type": 14, "object_id": "54", "object_repr": "\uac08\ube44\ucc9c\uc655", "action_flag": 2, "change_message": "[{\"changed\": {\"fields\": [\"is_group_purchase\"]}}]"}}, {"model": "admin.logentry", "pk": 403, "fields": {"action_time": "2019-06-10T15:04:52.392Z", "user": 1, "content_type": 14, "object_id": "54", "object_repr": "\uac08\ube44\ucc9c\uc655", "action_flag": 2, "change_message": "[{\"changed\": {\"fields\": [\"max_quantity\"]}}]"}}, {"model": "admin.logentry", "pk": 404, "fields": {"action_time": "2019-06-11T01:11:18.816Z", "user": 1, "content_type": 27, "object_id": "3", "object_repr": "GroupPurchase object (3)", "action_flag": 2, "change_message": "[{\"changed\": {\"fields\": [\"deadline\"]}}]"}}, {"model": "admin.logentry", "pk": 405, "fields": {"action_time": "2019-06-11T01:14:01.886Z", "user": 1, "content_type": 13, "object_id": "5", "object_repr": "\ud64d\ucf69\ubc18\uc810", "action_flag": 2, "change_message": "[]"}}, {"model": "admin.logentry", "pk": 406, "fields": {"action_time": "2019-06-11T01:17:22.915Z", "user": 1, "content_type": 13, "object_id": "5", "object_repr": "\ud64d\ucf69\ubc18\uc810", "action_flag": 2, "change_message": "[]"}}, {"model": "admin.logentry", "pk": 407, "fields": {"action_time": "2019-06-11T01:20:56.714Z", "user": 1, "content_type": 14, "object_id": "7", "object_repr": "\uc9dc\uc7a5\uba74!", "action_flag": 2, "change_message": "[{\"changed\": {\"fields\": [\"name\"]}}]"}}, {"model": "admin.logentry", "pk": 408, "fields": {"action_time": "2019-06-11T01:21:08.011Z", "user": 1, "content_type": 14, "object_id": "23", "object_repr": "\uc9dc\uc7a5\uba74", "action_flag": 2, "change_message": "[{\"changed\": {\"fields\": [\"is_group_purchase\"]}}]"}}, {"model": "admin.logentry", "pk": 409, "fields": {"action_time": "2019-06-11T01:23:32.581Z", "user": 1, "content_type": 14, "object_id": "7", "object_repr": "\uc9dc\uc7a5\uba74!", "action_flag": 3, "change_message": ""}}, {"model": "admin.logentry", "pk": 410, "fields": {"action_time": "2019-06-11T02:06:22.286Z", "user": 1, "content_type": 27, "object_id": "3", "object_repr": "GroupPurchase object (3)", "action_flag": 2, "change_message": "[{\"changed\": {\"fields\": [\"notice\"]}}]"}}, {"model": "admin.logentry", "pk": 411, "fields": {"action_time": "2019-06-11T05:28:12.939Z", "user": 1, "content_type": 27, "object_id": "3", "object_repr": "GroupPurchase object (3)", "action_flag": 2, "change_message": "[{\"changed\": {\"fields\": [\"deadline\"]}}]"}}, {"model": "admin.logentry", "pk": 412, "fields": {"action_time": "2019-06-11T05:28:59.495Z", "user": 1, "content_type": 27, "object_id": "3", "object_repr": "GroupPurchase object (3)", "action_flag": 2, "change_message": "[{\"changed\": {\"fields\": [\"deadline\"]}}]"}}, {"model": "admin.logentry", "pk": 413, "fields": {"action_time": "2019-06-11T06:08:24.819Z", "user": 1, "content_type": 27, "object_id": "1", "object_repr": "GroupPurchase object (1)", "action_flag": 2, "change_message": "[{\"changed\": {\"fields\": [\"deadline\"]}}]"}}, {"model": "admin.logentry", "pk": 414, "fields": {"action_time": "2019-06-11T07:34:21.189Z", "user": 1, "content_type": 27, "object_id": "1", "object_repr": "GroupPurchase object (1)", "action_flag": 2, "change_message": "[{\"changed\": {\"fields\": [\"participant\"]}}]"}}, {"model": "admin.logentry", "pk": 415, "fields": {"action_time": "2019-06-11T15:22:27.370Z", "user": 1, "content_type": 27, "object_id": "4", "object_repr": "GroupPurchase object (4)", "action_flag": 1, "change_message": "[{\"added\": {}}]"}}, {"model": "admin.logentry", "pk": 416, "fields": {"action_time": "2019-06-11T15:24:47.552Z", "user": 1, "content_type": 27, "object_id": "4", "object_repr": "GroupPurchase object (4)", "action_flag": 2, "change_message": "[{\"changed\": {\"fields\": [\"notice\"]}}]"}}, {"model": "admin.logentry", "pk": 417, "fields": {"action_time": "2019-06-11T15:30:41.268Z", "user": 1, "content_type": 14, "object_id": "15", "object_repr": "\uad11\uc5b4\ud68c \ub300", "action_flag": 2, "change_message": "[{\"changed\": {\"fields\": [\"is_group_purchase\"]}}]"}}, {"model": "admin.logentry", "pk": 418, "fields": {"action_time": "2019-06-11T15:31:02.089Z", "user": 1, "content_type": 13, "object_id": "6", "object_repr": "\ucc99\ud69f\uc9d1", "action_flag": 2, "change_message": "[{\"changed\": {\"fields\": [\"is_group_purchase\"]}}]"}}, {"model": "admin.logentry", "pk": 419, "fields": {"action_time": "2019-06-11T15:32:27.819Z", "user": 1, "content_type": 14, "object_id": "15", "object_repr": "\uad11\uc5b4\ud68c \ub300", "action_flag": 2, "change_message": "[{\"changed\": {\"fields\": [\"min_quantity\", \"max_quantity\"]}}]"}}, {"model": "admin.logentry", "pk": 420, "fields": {"action_time": "2019-06-12T13:10:19.676Z", "user": 1, "content_type": 13, "object_id": "6", "object_repr": "\ucc99\ud69f\uc9d1", "action_flag": 2, "change_message": "[{\"changed\": {\"fields\": [\"is_yosigy\"]}}]"}}, {"model": "admin.logentry", "pk": 421, "fields": {"action_time": "2019-06-12T13:11:00.641Z", "user": 1, "content_type": 30, "object_id": "1", "object_repr": "Yosigy object (1)", "action_flag": 1, "change_message": "[{\"added\": {}}]"}}, {"model": "admin.logentry", "pk": 422, "fields": {"action_time": "2019-06-12T13:12:41.545Z", "user": 1, "content_type": 14, "object_id": "15", "object_repr": "\uad11\uc5b4\ud68c \ub300", "action_flag": 2, "change_message": "[{\"changed\": {\"fields\": [\"is_yosigy\"]}}]"}}, {"model": "admin.logentry", "pk": 423, "fields": {"action_time": "2019-06-12T13:57:34.978Z", "user": 1, "content_type": 29, "object_id": "1", "object_repr": "YosigyMenu object (1)", "action_flag": 1, "change_message": "[{\"added\": {}}]"}}, {"model": "admin.logentry", "pk": 424, "fields": {"action_time": "2019-06-12T15:00:15.711Z", "user": 1, "content_type": 14, "object_id": "54", "object_repr": "\uac08\ube44\ucc9c\uc655", "action_flag": 2, "change_message": "[{\"changed\": {\"fields\": [\"is_yosigy\"]}}]"}}, {"model": "admin.logentry", "pk": 425, "fields": {"action_time": "2019-06-12T15:00:20.604Z", "user": 1, "content_type": 14, "object_id": "54", "object_repr": "\uac08\ube44\ucc9c\uc655", "action_flag": 2, "change_message": "[{\"changed\": {\"fields\": [\"is_recommended\", \"is_yosigy\"]}}]"}}, {"model": "admin.logentry", "pk": 426, "fields": {"action_time": "2019-06-12T15:01:07.761Z", "user": 1, "content_type": 14, "object_id": "54", "object_repr": "\uac08\ube44\ucc9c\uc655", "action_flag": 2, "change_message": "[{\"changed\": {\"fields\": [\"is_recommended\", \"is_set_menu\"]}}]"}}, {"model": "admin.logentry", "pk": 427, "fields": {"action_time": "2019-06-12T15:22:04.630Z", "user": 1, "content_type": 14, "object_id": "54", "object_repr": "\uac08\ube44\ucc9c\uc655", "action_flag": 2, "change_message": "[{\"changed\": {\"fields\": [\"is_yosigy\"]}}]"}}, {"model": "admin.logentry", "pk": 428, "fields": {"action_time": "2019-06-12T15:24:14.122Z", "user": 1, "content_type": 13, "object_id": "1", "object_repr": "\uad7d\ub124\uce58\ud0a8", "action_flag": 2, "change_message": "[{\"changed\": {\"fields\": [\"is_yosigy\"]}}]"}}, {"model": "admin.logentry", "pk": 429, "fields": {"action_time": "2019-06-12T15:24:18.481Z", "user": 1, "content_type": 13, "object_id": "5", "object_repr": "\ud64d\ucf69\ubc18\uc810", "action_flag": 2, "change_message": "[{\"changed\": {\"fields\": [\"is_yosigy\"]}}]"}}, {"model": "admin.logentry", "pk": 430, "fields": {"action_time": "2019-06-12T15:24:58.338Z", "user": 1, "content_type": 30, "object_id": "2", "object_repr": "Yosigy object (2)", "action_flag": 1, "change_message": "[{\"added\": {}}]"}}, {"model": "admin.logentry", "pk": 431, "fields": {"action_time": "2019-06-12T15:32:05.444Z", "user": 1, "content_type": 30, "object_id": "5", "object_repr": "Yosigy object (5)", "action_flag": 1, "change_message": "[{\"added\": {}}]"}}, {"model": "admin.logentry", "pk": 432, "fields": {"action_time": "2019-06-12T15:37:44.747Z", "user": 1, "content_type": 29, "object_id": "3", "object_repr": "YosigyMenu object (3)", "action_flag": 1, "change_message": "[{\"added\": {}}]"}}, {"model": "admin.logentry", "pk": 433, "fields": {"action_time": "2019-06-12T15:40:38.104Z", "user": 1, "content_type": 29, "object_id": "4", "object_repr": "YosigyMenu object (4)", "action_flag": 1, "change_message": "[{\"added\": {}}]"}}, {"model": "admin.logentry", "pk": 434, "fields": {"action_time": "2019-06-12T15:40:53.955Z", "user": 1, "content_type": 29, "object_id": "5", "object_repr": "YosigyMenu object (5)", "action_flag": 1, "change_message": "[{\"added\": {}}]"}}, {"model": "admin.logentry", "pk": 435, "fields": {"action_time": "2019-06-12T15:41:03.331Z", "user": 1, "content_type": 29, "object_id": "6", "object_repr": "YosigyMenu object (6)", "action_flag": 1, "change_message": "[{\"added\": {}}]"}}, {"model": "admin.logentry", "pk": 436, "fields": {"action_time": "2019-06-12T16:01:10.984Z", "user": 1, "content_type": 14, "object_id": "23", "object_repr": "\uc9dc\uc7a5\uba74", "action_flag": 2, "change_message": "[{\"changed\": {\"fields\": [\"is_yosigy\"]}}]"}}, {"model": "admin.logentry", "pk": 437, "fields": {"action_time": "2019-06-12T16:07:34.601Z", "user": 1, "content_type": 14, "object_id": "54", "object_repr": "\uac08\ube44\ucc9c\uc655", "action_flag": 2, "change_message": "[{\"changed\": {\"fields\": [\"is_set_menu\"]}}]"}}, {"model": "admin.logentry", "pk": 438, "fields": {"action_time": "2019-06-12T16:08:09.205Z", "user": 1, "content_type": 14, "object_id": "54", "object_repr": "\uac08\ube44\ucc9c\uc655", "action_flag": 2, "change_message": "[{\"changed\": {\"fields\": [\"img\"]}}]"}}, {"model": "admin.logentry", "pk": 439, "fields": {"action_time": "2019-06-12T16:08:17.186Z", "user": 1, "content_type": 14, "object_id": "54", "object_repr": "\uac08\ube44\ucc9c\uc655", "action_flag": 2, "change_message": "[{\"changed\": {\"fields\": [\"img\"]}}]"}}, {"model": "admin.logentry", "pk": 440, "fields": {"action_time": "2019-06-12T16:18:56.570Z", "user": 1, "content_type": 14, "object_id": "62", "object_repr": "\ubaa8\ub460\ud68c \uc138\ud2b8", "action_flag": 1, "change_message": "[{\"added\": {}}]"}}, {"model": "admin.logentry", "pk": 441, "fields": {"action_time": "2019-06-13T00:57:47.134Z", "user": 1, "content_type": 14, "object_id": "62", "object_repr": "\ubaa8\ub460\ud68c \uc138\ud2b8", "action_flag": 2, "change_message": "[{\"changed\": {\"fields\": [\"is_recommended\"]}}]"}}, {"model": "admin.logentry", "pk": 442, "fields": {"action_time": "2019-06-13T00:57:50.335Z", "user": 1, "content_type": 14, "object_id": "62", "object_repr": "\ubaa8\ub460\ud68c \uc138\ud2b8", "action_flag": 2, "change_message": "[{\"changed\": {\"fields\": [\"is_recommended\"]}}]"}}, {"model": "admin.logentry", "pk": 443, "fields": {"action_time": "2019-06-13T01:22:09.952Z", "user": 1, "content_type": 14, "object_id": "62", "object_repr": "\ubaa8\ub460\ud68c \uc138\ud2b8", "action_flag": 2, "change_message": "[]"}}, {"model": "admin.logentry", "pk": 444, "fields": {"action_time": "2019-06-13T01:22:13.191Z", "user": 1, "content_type": 14, "object_id": "62", "object_repr": "\ubaa8\ub460\ud68c \uc138\ud2b8", "action_flag": 2, "change_message": "[{\"changed\": {\"fields\": [\"is_set_menu\"]}}]"}}, {"model": "admin.logentry", "pk": 445, "fields": {"action_time": "2019-06-13T01:22:17.151Z", "user": 1, "content_type": 14, "object_id": "62", "object_repr": "\ubaa8\ub460\ud68c \uc138\ud2b8", "action_flag": 2, "change_message": "[{\"changed\": {\"fields\": [\"is_set_menu\"]}}]"}}, {"model": "admin.logentry", "pk": 446, "fields": {"action_time": "2019-06-13T01:48:44.520Z", "user": 1, "content_type": 14, "object_id": "62", "object_repr": "\ubaa8\ub460\ud68c \uc138\ud2b8", "action_flag": 2, "change_message": "[{\"changed\": {\"fields\": [\"is_yosigy\"]}}]"}}, {"model": "admin.logentry", "pk": 447, "fields": {"action_time": "2019-06-13T01:49:15.514Z", "user": 1, "content_type": 14, "object_id": "14", "object_repr": "\ud0d5\uc218\uc721 \ub300", "action_flag": 2, "change_message": "[{\"changed\": {\"fields\": [\"is_yosigy\"]}}]"}}, {"model": "admin.logentry", "pk": 448, "fields": {"action_time": "2019-06-13T02:24:55.462Z", "user": 1, "content_type": 14, "object_id": "63", "object_repr": "\ud0d5\uc218\uc721 \uc138\ud2b8 A", "action_flag": 1, "change_message": "[{\"added\": {}}]"}}, {"model": "admin.logentry", "pk": 449, "fields": {"action_time": "2019-06-13T02:25:32.819Z", "user": 1, "content_type": 29, "object_id": "7", "object_repr": "YosigyMenu object (7)", "action_flag": 1, "change_message": "[{\"added\": {}}]"}}, {"model": "admin.logentry", "pk": 450, "fields": {"action_time": "2019-06-13T02:26:51.460Z", "user": 1, "content_type": 14, "object_id": "64", "object_repr": "\ud0d5\uc218\uc721 \uc138\ud2b8 B", "action_flag": 1, "change_message": "[{\"added\": {}}]"}}, {"model": "admin.logentry", "pk": 451, "fields": {"action_time": "2019-06-13T02:27:14.296Z", "user": 1, "content_type": 29, "object_id": "8", "object_repr": "YosigyMenu object (8)", "action_flag": 1, "change_message": "[{\"added\": {}}]"}}, {"model": "admin.logentry", "pk": 452, "fields": {"action_time": "2019-06-13T02:37:24.127Z", "user": 1, "content_type": 14, "object_id": "65", "object_repr": "\ud0d5\uc218\uc721 \uc138\ud2b8 C", "action_flag": 1, "change_message": "[{\"added\": {}}]"}}, {"model": "admin.logentry", "pk": 453, "fields": {"action_time": "2019-06-13T02:37:43.252Z", "user": 1, "content_type": 29, "object_id": "9", "object_repr": "YosigyMenu object (9)", "action_flag": 1, "change_message": "[{\"added\": {}}]"}}, {"model": "admin.logentry", "pk": 454, "fields": {"action_time": "2019-06-13T06:01:07.277Z", "user": 1, "content_type": 13, "object_id": "10", "object_repr": "\ud638\uce58\ud0a8", "action_flag": 2, "change_message": "[{\"changed\": {\"fields\": [\"is_yosigy\"]}}]"}}, {"model": "admin.logentry", "pk": 455, "fields": {"action_time": "2019-06-13T06:01:11.852Z", "user": 1, "content_type": 13, "object_id": "9", "object_repr": "\uc2e0\uc804 \ub5a1\ubcf6\uc774", "action_flag": 2, "change_message": "[{\"changed\": {\"fields\": [\"is_yosigy\"]}}]"}}, {"model": "admin.logentry", "pk": 456, "fields": {"action_time": "2019-06-13T06:01:16.948Z", "user": 1, "content_type": 13, "object_id": "8", "object_repr": "\uad50\ucd0c\uce58\ud0a8", "action_flag": 2, "change_message": "[{\"changed\": {\"fields\": [\"is_yosigy\"]}}]"}}, {"model": "admin.logentry", "pk": 457, "fields": {"action_time": "2019-06-13T06:01:23.002Z", "user": 1, "content_type": 13, "object_id": "7", "object_repr": "\uae08\ub8e1", "action_flag": 2, "change_message": "[{\"changed\": {\"fields\": [\"is_yosigy\"]}}]"}}, {"model": "admin.logentry", "pk": 458, "fields": {"action_time": "2019-06-13T06:01:34.275Z", "user": 1, "content_type": 13, "object_id": "4", "object_repr": "\ud638\uce58\ud0a8", "action_flag": 2, "change_message": "[{\"changed\": {\"fields\": [\"is_yosigy\"]}}]"}}, {"model": "admin.logentry", "pk": 459, "fields": {"action_time": "2019-06-13T06:01:39.584Z", "user": 1, "content_type": 13, "object_id": "2", "object_repr": "\ub124\ub124\uce58\ud0a8", "action_flag": 2, "change_message": "[{\"changed\": {\"fields\": [\"is_yosigy\"]}}]"}}, {"model": "admin.logentry", "pk": 460, "fields": {"action_time": "2019-06-13T06:03:03.035Z", "user": 1, "content_type": 30, "object_id": "7", "object_repr": "Yosigy object (7)", "action_flag": 1, "change_message": "[{\"added\": {}}]"}}, {"model": "admin.logentry", "pk": 461, "fields": {"action_time": "2019-06-13T06:09:00.831Z", "user": 1, "content_type": 14, "object_id": "66", "object_repr": "\ud638\uce58\ud0a8 \uac04\uc7a5\uce58\ud0a8", "action_flag": 1, "change_message": "[{\"added\": {}}]"}}, {"model": "admin.logentry", "pk": 462, "fields": {"action_time": "2019-06-13T06:11:34.983Z", "user": 1, "content_type": 29, "object_id": "10", "object_repr": "YosigyMenu object (10)", "action_flag": 1, "change_message": "[{\"added\": {}}]"}}, {"model": "admin.logentry", "pk": 463, "fields": {"action_time": "2019-06-13T06:12:35.792Z", "user": 1, "content_type": 14, "object_id": "67", "object_repr": "\ud638\uce58\ud0a8 \uc591\ub150 \uac10\uc790 \uc138\ud2b8", "action_flag": 1, "change_message": "[{\"added\": {}}]"}}, {"model": "admin.logentry", "pk": 464, "fields": {"action_time": "2019-06-13T06:14:36.046Z", "user": 1, "content_type": 29, "object_id": "11", "object_repr": "YosigyMenu object (11)", "action_flag": 1, "change_message": "[{\"added\": {}}]"}}, {"model": "admin.logentry", "pk": 465, "fields": {"action_time": "2019-06-13T06:14:49.346Z", "user": 1, "content_type": 14, "object_id": "68", "object_repr": "\ud638\uce58\ud0a8 \uce58\uc290\ub7ad", "action_flag": 1, "change_message": "[{\"added\": {}}]"}}, {"model": "admin.logentry", "pk": 466, "fields": {"action_time": "2019-06-13T06:15:07.587Z", "user": 1, "content_type": 29, "object_id": "12", "object_repr": "YosigyMenu object (12)", "action_flag": 1, "change_message": "[{\"added\": {}}]"}}, {"model": "admin.logentry", "pk": 467, "fields": {"action_time": "2019-06-13T06:15:52.157Z", "user": 1, "content_type": 14, "object_id": "69", "object_repr": "\ud638\uce58\ud0a8 \ud06c\ub9ac\uc2a4\ud53c\ud06c\ub9bc", "action_flag": 1, "change_message": "[{\"added\": {}}]"}}, {"model": "admin.logentry", "pk": 468, "fields": {"action_time": "2019-06-13T06:16:12.145Z", "user": 1, "content_type": 29, "object_id": "13", "object_repr": "YosigyMenu object (13)", "action_flag": 1, "change_message": "[{\"added\": {}}]"}}, {"model": "admin.logentry", "pk": 469, "fields": {"action_time": "2019-06-13T06:18:50.464Z", "user": 1, "content_type": 14, "object_id": "36", "object_repr": "\uc2e0\uc804\ub77c\uc774\uc2a4", "action_flag": 2, "change_message": "[{\"changed\": {\"fields\": [\"is_yosigy\"]}}]"}}, {"model": "admin.logentry", "pk": 470, "fields": {"action_time": "2019-06-13T06:19:39.200Z", "user": 1, "content_type": 30, "object_id": "8", "object_repr": "Yosigy object (8)", "action_flag": 1, "change_message": "[{\"added\": {}}]"}}, {"model": "admin.logentry", "pk": 471, "fields": {"action_time": "2019-06-13T06:20:24.303Z", "user": 1, "content_type": 29, "object_id": "14", "object_repr": "YosigyMenu object (14)", "action_flag": 1, "change_message": "[{\"added\": {}}]"}}, {"model": "admin.logentry", "pk": 472, "fields": {"action_time": "2019-06-13T06:21:01.554Z", "user": 1, "content_type": 29, "object_id": "15", "object_repr": "YosigyMenu object (15)", "action_flag": 1, "change_message": "[{\"added\": {}}]"}}, {"model": "admin.logentry", "pk": 473, "fields": {"action_time": "2019-06-13T09:25:45.310Z", "user": 1, "content_type": 26, "object_id": "12", "object_repr": "\uae30\ud0c0 \uc815\ubcf4 \uac31\uc2e0", "action_flag": 3, "change_message": ""}}, {"model": "admin.logentry", "pk": 474, "fields": {"action_time": "2019-06-13T09:25:45.323Z", "user": 1, "content_type": 26, "object_id": "11", "object_repr": "\uae30\ud0c0 \uc815\ubcf4 \uac31\uc2e0", "action_flag": 3, "change_message": ""}}, {"model": "admin.logentry", "pk": 475, "fields": {"action_time": "2019-06-13T09:25:45.336Z", "user": 1, "content_type": 26, "object_id": "10", "object_repr": "\uae30\ud0c0 \uc815\ubcf4 \uac31\uc2e0", "action_flag": 3, "change_message": ""}}, {"model": "admin.logentry", "pk": 476, "fields": {"action_time": "2019-06-13T09:25:45.347Z", "user": 1, "content_type": 26, "object_id": "9", "object_repr": "\uae30\ud0c0 \uc815\ubcf4 \uac31\uc2e0", "action_flag": 3, "change_message": ""}}, {"model": "admin.logentry", "pk": 477, "fields": {"action_time": "2019-06-13T09:25:45.358Z", "user": 1, "content_type": 26, "object_id": "8", "object_repr": "\uae30\ud0c0 \uc815\ubcf4 \uac31\uc2e0", "action_flag": 3, "change_message": ""}}, {"model": "admin.logentry", "pk": 478, "fields": {"action_time": "2019-06-13T09:25:45.370Z", "user": 1, "content_type": 26, "object_id": "7", "object_repr": "\uae30\ud0c0 \uc815\ubcf4 \uac31\uc2e0", "action_flag": 3, "change_message": ""}}, {"model": "admin.logentry", "pk": 479, "fields": {"action_time": "2019-06-13T09:25:45.381Z", "user": 1, "content_type": 26, "object_id": "6", "object_repr": "\uae30\ud0c0 \uc815\ubcf4 \uac31\uc2e0", "action_flag": 3, "change_message": ""}}, {"model": "admin.logentry", "pk": 480, "fields": {"action_time": "2019-06-13T09:25:45.391Z", "user": 1, "content_type": 26, "object_id": "5", "object_repr": "\uae30\ud0c0 \uc815\ubcf4 \uac31\uc2e0", "action_flag": 3, "change_message": ""}}, {"model": "admin.logentry", "pk": 481, "fields": {"action_time": "2019-06-13T09:25:45.404Z", "user": 1, "content_type": 26, "object_id": "4", "object_repr": "\uae30\ud0c0 \uc815\ubcf4 \uac31\uc2e0", "action_flag": 3, "change_message": ""}}, {"model": "admin.logentry", "pk": 482, "fields": {"action_time": "2019-06-13T09:25:45.416Z", "user": 1, "content_type": 26, "object_id": "3", "object_repr": "\uae30\ud0c0 \uc815\ubcf4 \uac31\uc2e0", "action_flag": 3, "change_message": ""}}, {"model": "admin.logentry", "pk": 483, "fields": {"action_time": "2019-06-13T09:25:45.428Z", "user": 1, "content_type": 26, "object_id": "2", "object_repr": "\uae30\ud0c0 \uc815\ubcf4 \uac31\uc2e0", "action_flag": 3, "change_message": ""}}, {"model": "admin.logentry", "pk": 484, "fields": {"action_time": "2019-06-13T09:25:45.442Z", "user": 1, "content_type": 26, "object_id": "1", "object_repr": "\uae30\ud0c0 \uc815\ubcf4 \uac31\uc2e0", "action_flag": 3, "change_message": ""}}, {"model": "admin.logentry", "pk": 485, "fields": {"action_time": "2019-06-13T09:26:06.916Z", "user": 1, "content_type": 13, "object_id": "1", "object_repr": "\uad7d\ub124\uce58\ud0a8", "action_flag": 2, "change_message": "[{\"changed\": {\"fields\": [\"origin\"]}}]"}}, {"model": "admin.logentry", "pk": 486, "fields": {"action_time": "2019-06-13T09:30:42.742Z", "user": 1, "content_type": 13, "object_id": "11", "object_repr": "\ud53c\uc790\ud5db", "action_flag": 1, "change_message": "[{\"added\": {}}]"}}, {"model": "admin.logentry", "pk": 487, "fields": {"action_time": "2019-06-13T09:33:14.269Z", "user": 1, "content_type": 26, "object_id": "13", "object_repr": "\uae30\ud0c0 \uc815\ubcf4 \uac31\uc2e0", "action_flag": 3, "change_message": ""}}, {"model": "admin.logentry", "pk": 488, "fields": {"action_time": "2019-06-13T09:34:00.073Z", "user": 1, "content_type": 13, "object_id": "1", "object_repr": "\uad7d\ub124\uce58\ud0a8", "action_flag": 2, "change_message": "[{\"changed\": {\"fields\": [\"event\", \"operation_start_hour\"]}}]"}}, {"model": "admin.logentry", "pk": 489, "fields": {"action_time": "2019-06-13T09:34:16.037Z", "user": 1, "content_type": 13, "object_id": "11", "object_repr": "\ud53c\uc790\ud5db", "action_flag": 2, "change_message": "[{\"changed\": {\"fields\": [\"img\"]}}]"}}, {"model": "admin.logentry", "pk": 490, "fields": {"action_time": "2019-06-13T09:38:29.710Z", "user": 1, "content_type": 26, "object_id": "16", "object_repr": "\uae30\ud0c0 \uc815\ubcf4 \uac31\uc2e0", "action_flag": 2, "change_message": "[{\"changed\": {\"fields\": [\"post_info\"]}}]"}}, {"model": "admin.logentry", "pk": 491, "fields": {"action_time": "2019-06-13T09:45:00.743Z", "user": 1, "content_type": 13, "object_id": "11", "object_repr": "\ud53c\uc790\ud5db", "action_flag": 2, "change_message": "[]"}}, {"model": "admin.logentry", "pk": 492, "fields": {"action_time": "2019-06-13T09:45:06.795Z", "user": 1, "content_type": 13, "object_id": "11", "object_repr": "\ud53c\uc790\ud5db", "action_flag": 2, "change_message": "[{\"changed\": {\"fields\": [\"event\"]}}]"}}, {"model": "admin.logentry", "pk": 493, "fields": {"action_time": "2019-06-13T09:46:58.633Z", "user": 1, "content_type": 26, "object_id": "16", "object_repr": "\uae30\ud0c0 \uc815\ubcf4 \uac31\uc2e0", "action_flag": 2, "change_message": "[{\"changed\": {\"fields\": [\"post_info\"]}}]"}}, {"model": "admin.logentry", "pk": 494, "fields": {"action_time": "2019-06-13T09:49:23.412Z", "user": 1, "content_type": 13, "object_id": "11", "object_repr": "\ud53c\uc790\ud5db", "action_flag": 2, "change_message": "[{\"changed\": {\"fields\": [\"event\"]}}]"}}, {"model": "admin.logentry", "pk": 495, "fields": {"action_time": "2019-06-13T09:50:05.032Z", "user": 1, "content_type": 26, "object_id": "16", "object_repr": "\uae30\ud0c0 \uc815\ubcf4 \uac31\uc2e0", "action_flag": 3, "change_message": ""}}, {"model": "admin.logentry", "pk": 496, "fields": {"action_time": "2019-06-13T09:50:18.225Z", "user": 1, "content_type": 26, "object_id": "20", "object_repr": "\uc774\ubca4\ud2b8 \uac31\uc2e0", "action_flag": 3, "change_message": ""}}, {"model": "admin.logentry", "pk": 497, "fields": {"action_time": "2019-06-13T13:55:40.790Z", "user": 1, "content_type": 25, "object_id": "100", "object_repr": "MenuTimeLine object (100)", "action_flag": 3, "change_message": ""}}, {"model": "admin.logentry", "pk": 498, "fields": {"action_time": "2019-06-13T13:55:40.845Z", "user": 1, "content_type": 25, "object_id": "99", "object_repr": "MenuTimeLine object (99)", "action_flag": 3, "change_message": ""}}, {"model": "admin.logentry", "pk": 499, "fields": {"action_time": "2019-06-13T13:55:40.861Z", "user": 1, "content_type": 25, "object_id": "98", "object_repr": "MenuTimeLine object (98)", "action_flag": 3, "change_message": ""}}, {"model": "admin.logentry", "pk": 500, "fields": {"action_time": "2019-06-13T13:55:40.873Z", "user": 1, "content_type": 25, "object_id": "97", "object_repr": "MenuTimeLine object (97)", "action_flag": 3, "change_message": ""}}, {"model": "admin.logentry", "pk": 501, "fields": {"action_time": "2019-06-13T13:55:40.886Z", "user": 1, "content_type": 25, "object_id": "96", "object_repr": "MenuTimeLine object (96)", "action_flag": 3, "change_message": ""}}, {"model": "admin.logentry", "pk": 502, "fields": {"action_time": "2019-06-13T13:55:40.899Z", "user": 1, "content_type": 25, "object_id": "95", "object_repr": "MenuTimeLine object (95)", "action_flag": 3, "change_message": ""}}, {"model": "admin.logentry", "pk": 503, "fields": {"action_time": "2019-06-13T13:55:40.911Z", "user": 1, "content_type": 25, "object_id": "94", "object_repr": "MenuTimeLine object (94)", "action_flag": 3, "change_message": ""}}, {"model": "admin.logentry", "pk": 504, "fields": {"action_time": "2019-06-13T13:55:40.924Z", "user": 1, "content_type": 25, "object_id": "93", "object_repr": "MenuTimeLine object (93)", "action_flag": 3, "change_message": ""}}, {"model": "admin.logentry", "pk": 505, "fields": {"action_time": "2019-06-13T13:55:40.938Z", "user": 1, "content_type": 25, "object_id": "92", "object_repr": "MenuTimeLine object (92)", "action_flag": 3, "change_message": ""}}, {"model": "admin.logentry", "pk": 506, "fields": {"action_time": "2019-06-13T13:55:40.952Z", "user": 1, "content_type": 25, "object_id": "91", "object_repr": "MenuTimeLine object (91)", "action_flag": 3, "change_message": ""}}, {"model": "admin.logentry", "pk": 507, "fields": {"action_time": "2019-06-13T13:55:40.965Z", "user": 1, "content_type": 25, "object_id": "90", "object_repr": "MenuTimeLine object (90)", "action_flag": 3, "change_message": ""}}, {"model": "admin.logentry", "pk": 508, "fields": {"action_time": "2019-06-13T13:55:40.978Z", "user": 1, "content_type": 25, "object_id": "89", "object_repr": "MenuTimeLine object (89)", "action_flag": 3, "change_message": ""}}, {"model": "admin.logentry", "pk": 509, "fields": {"action_time": "2019-06-13T13:55:40.991Z", "user": 1, "content_type": 25, "object_id": "88", "object_repr": "MenuTimeLine object (88)", "action_flag": 3, "change_message": ""}}, {"model": "admin.logentry", "pk": 510, "fields": {"action_time": "2019-06-13T13:55:41.003Z", "user": 1, "content_type": 25, "object_id": "87", "object_repr": "MenuTimeLine object (87)", "action_flag": 3, "change_message": ""}}, {"model": "admin.logentry", "pk": 511, "fields": {"action_time": "2019-06-13T13:55:41.016Z", "user": 1, "content_type": 25, "object_id": "86", "object_repr": "MenuTimeLine object (86)", "action_flag": 3, "change_message": ""}}, {"model": "admin.logentry", "pk": 512, "fields": {"action_time": "2019-06-13T13:55:41.029Z", "user": 1, "content_type": 25, "object_id": "85", "object_repr": "MenuTimeLine object (85)", "action_flag": 3, "change_message": ""}}, {"model": "admin.logentry", "pk": 513, "fields": {"action_time": "2019-06-13T13:55:41.042Z", "user": 1, "content_type": 25, "object_id": "84", "object_repr": "MenuTimeLine object (84)", "action_flag": 3, "change_message": ""}}, {"model": "admin.logentry", "pk": 514, "fields": {"action_time": "2019-06-13T13:55:41.055Z", "user": 1, "content_type": 25, "object_id": "83", "object_repr": "MenuTimeLine object (83)", "action_flag": 3, "change_message": ""}}, {"model": "admin.logentry", "pk": 515, "fields": {"action_time": "2019-06-13T13:55:41.068Z", "user": 1, "content_type": 25, "object_id": "82", "object_repr": "MenuTimeLine object (82)", "action_flag": 3, "change_message": ""}}, {"model": "admin.logentry", "pk": 516, "fields": {"action_time": "2019-06-13T13:55:41.082Z", "user": 1, "content_type": 25, "object_id": "81", "object_repr": "MenuTimeLine object (81)", "action_flag": 3, "change_message": ""}}, {"model": "admin.logentry", "pk": 517, "fields": {"action_time": "2019-06-13T13:55:41.095Z", "user": 1, "content_type": 25, "object_id": "80", "object_repr": "MenuTimeLine object (80)", "action_flag": 3, "change_message": ""}}, {"model": "admin.logentry", "pk": 518, "fields": {"action_time": "2019-06-13T13:55:41.108Z", "user": 1, "content_type": 25, "object_id": "79", "object_repr": "MenuTimeLine object (79)", "action_flag": 3, "change_message": ""}}, {"model": "admin.logentry", "pk": 519, "fields": {"action_time": "2019-06-13T13:55:41.120Z", "user": 1, "content_type": 25, "object_id": "78", "object_repr": "MenuTimeLine object (78)", "action_flag": 3, "change_message": ""}}, {"model": "admin.logentry", "pk": 520, "fields": {"action_time": "2019-06-13T13:55:41.133Z", "user": 1, "content_type": 25, "object_id": "77", "object_repr": "MenuTimeLine object (77)", "action_flag": 3, "change_message": ""}}, {"model": "admin.logentry", "pk": 521, "fields": {"action_time": "2019-06-13T13:55:41.146Z", "user": 1, "content_type": 25, "object_id": "76", "object_repr": "MenuTimeLine object (76)", "action_flag": 3, "change_message": ""}}, {"model": "admin.logentry", "pk": 522, "fields": {"action_time": "2019-06-13T13:55:41.159Z", "user": 1, "content_type": 25, "object_id": "75", "object_repr": "MenuTimeLine object (75)", "action_flag": 3, "change_message": ""}}, {"model": "admin.logentry", "pk": 523, "fields": {"action_time": "2019-06-13T13:55:41.171Z", "user": 1, "content_type": 25, "object_id": "74", "object_repr": "MenuTimeLine object (74)", "action_flag": 3, "change_message": ""}}, {"model": "admin.logentry", "pk": 524, "fields": {"action_time": "2019-06-13T13:55:41.184Z", "user": 1, "content_type": 25, "object_id": "73", "object_repr": "MenuTimeLine object (73)", "action_flag": 3, "change_message": ""}}, {"model": "admin.logentry", "pk": 525, "fields": {"action_time": "2019-06-13T13:55:41.196Z", "user": 1, "content_type": 25, "object_id": "71", "object_repr": "MenuTimeLine object (71)", "action_flag": 3, "change_message": ""}}, {"model": "admin.logentry", "pk": 526, "fields": {"action_time": "2019-06-13T13:55:41.208Z", "user": 1, "content_type": 25, "object_id": "70", "object_repr": "MenuTimeLine object (70)", "action_flag": 3, "change_message": ""}}, {"model": "admin.logentry", "pk": 527, "fields": {"action_time": "2019-06-13T13:55:41.220Z", "user": 1, "content_type": 25, "object_id": "69", "object_repr": "MenuTimeLine object (69)", "action_flag": 3, "change_message": ""}}, {"model": "admin.logentry", "pk": 528, "fields": {"action_time": "2019-06-13T13:55:41.235Z", "user": 1, "content_type": 25, "object_id": "67", "object_repr": "MenuTimeLine object (67)", "action_flag": 3, "change_message": ""}}, {"model": "admin.logentry", "pk": 529, "fields": {"action_time": "2019-06-13T13:55:41.247Z", "user": 1, "content_type": 25, "object_id": "66", "object_repr": "MenuTimeLine object (66)", "action_flag": 3, "change_message": ""}}, {"model": "admin.logentry", "pk": 530, "fields": {"action_time": "2019-06-13T13:55:41.258Z", "user": 1, "content_type": 25, "object_id": "65", "object_repr": "MenuTimeLine object (65)", "action_flag": 3, "change_message": ""}}, {"model": "admin.logentry", "pk": 531, "fields": {"action_time": "2019-06-13T13:55:41.271Z", "user": 1, "content_type": 25, "object_id": "64", "object_repr": "MenuTimeLine object (64)", "action_flag": 3, "change_message": ""}}, {"model": "admin.logentry", "pk": 532, "fields": {"action_time": "2019-06-13T13:55:41.284Z", "user": 1, "content_type": 25, "object_id": "63", "object_repr": "MenuTimeLine object (63)", "action_flag": 3, "change_message": ""}}, {"model": "admin.logentry", "pk": 533, "fields": {"action_time": "2019-06-13T13:55:41.311Z", "user": 1, "content_type": 25, "object_id": "62", "object_repr": "MenuTimeLine object (62)", "action_flag": 3, "change_message": ""}}, {"model": "admin.logentry", "pk": 534, "fields": {"action_time": "2019-06-13T13:55:41.337Z", "user": 1, "content_type": 25, "object_id": "61", "object_repr": "MenuTimeLine object (61)", "action_flag": 3, "change_message": ""}}, {"model": "admin.logentry", "pk": 535, "fields": {"action_time": "2019-06-13T13:55:41.364Z", "user": 1, "content_type": 25, "object_id": "60", "object_repr": "MenuTimeLine object (60)", "action_flag": 3, "change_message": ""}}, {"model": "admin.logentry", "pk": 536, "fields": {"action_time": "2019-06-13T13:55:41.389Z", "user": 1, "content_type": 25, "object_id": "59", "object_repr": "MenuTimeLine object (59)", "action_flag": 3, "change_message": ""}}, {"model": "admin.logentry", "pk": 537, "fields": {"action_time": "2019-06-13T13:55:56.593Z", "user": 1, "content_type": 14, "object_id": "69", "object_repr": "\ud638\uce58\ud0a8 \ud06c\ub9ac\uc2a4\ud53c\ud06c\ub9bc", "action_flag": 2, "change_message": "[{\"changed\": {\"fields\": [\"img\"]}}]"}}, {"model": "admin.logentry", "pk": 538, "fields": {"action_time": "2019-06-13T13:56:59.524Z", "user": 1, "content_type": 14, "object_id": "69", "object_repr": "\ud638\uce58\ud0a8 \ud06c\ub9ac\uc2a4\ud53c\ud06c\ub9bc", "action_flag": 2, "change_message": "[{\"changed\": {\"fields\": [\"img\"]}}]"}}, {"model": "admin.logentry", "pk": 539, "fields": {"action_time": "2019-06-13T14:01:48.482Z", "user": 1, "content_type": 14, "object_id": "69", "object_repr": "\ud638\uce58\ud0a8 \ud06c\ub9ac\uc2a4\ud53c \ud06c\ub9bc", "action_flag": 2, "change_message": "[{\"changed\": {\"fields\": [\"name\"]}}]"}}, {"model": "admin.logentry", "pk": 540, "fields": {"action_time": "2019-06-13T14:02:37.747Z", "user": 1, "content_type": 14, "object_id": "69", "object_repr": "\ud638\uce58\ud0a8 \ud06c\ub9ac\uc2a4\ud53c \ud06c\ub9bc", "action_flag": 2, "change_message": "[{\"changed\": {\"fields\": [\"img\"]}}]"}}, {"model": "admin.logentry", "pk": 541, "fields": {"action_time": "2019-06-13T14:03:36.180Z", "user": 1, "content_type": 25, "object_id": "103", "object_repr": "MenuTimeLine object (103)", "action_flag": 3, "change_message": ""}}, {"model": "admin.logentry", "pk": 542, "fields": {"action_time": "2019-06-13T14:03:36.194Z", "user": 1, "content_type": 25, "object_id": "102", "object_repr": "MenuTimeLine object (102)", "action_flag": 3, "change_message": ""}}, {"model": "admin.logentry", "pk": 543, "fields": {"action_time": "2019-06-13T14:03:36.207Z", "user": 1, "content_type": 25, "object_id": "101", "object_repr": "MenuTimeLine object (101)", "action_flag": 3, "change_message": ""}}, {"model": "admin.logentry", "pk": 544, "fields": {"action_time": "2019-06-13T14:07:49.871Z", "user": 1, "content_type": 25, "object_id": "104", "object_repr": "MenuTimeLine object (104)", "action_flag": 2, "change_message": "[{\"changed\": {\"fields\": [\"post_menu_is_yosigy\"]}}]"}}, {"model": "admin.logentry", "pk": 545, "fields": {"action_time": "2019-06-13T14:08:29.882Z", "user": 1, "content_type": 14, "object_id": "69", "object_repr": "\ud638\uce58\ud0a8 \ud06c\ub9ac\uc2a4\ud53c\ud06c\ub9bc", "action_flag": 2, "change_message": "[{\"changed\": {\"fields\": [\"name\"]}}]"}}, {"model": "admin.logentry", "pk": 546, "fields": {"action_time": "2019-06-13T15:11:21.060Z", "user": 1, "content_type": 13, "object_id": "4", "object_repr": "\ud638\uce58\ud0a8", "action_flag": 2, "change_message": "[{\"changed\": {\"fields\": [\"img\"]}}]"}}, {"model": "admin.logentry", "pk": 547, "fields": {"action_time": "2019-06-13T15:11:42.454Z", "user": 1, "content_type": 13, "object_id": "4", "object_repr": "\ud638\uce58\ud0a8", "action_flag": 3, "change_message": ""}}, {"model": "admin.logentry", "pk": 548, "fields": {"action_time": "2019-06-13T15:14:15.298Z", "user": 1, "content_type": 14, "object_id": "69", "object_repr": "\ud638\uce58\ud0a8 \ud06c\ub9ac\uc2a4\ud53c\ud06c\ub9bc!!", "action_flag": 2, "change_message": "[{\"changed\": {\"fields\": [\"name\"]}}]"}}, {"model": "admin.logentry", "pk": 549, "fields": {"action_time": "2019-06-13T15:17:56.372Z", "user": 1, "content_type": 14, "object_id": "69", "object_repr": "\ud638\uce58\ud0a8 \ud06c\ub9ac\uc2a4\ud53c\ud06c\ub9bc~~", "action_flag": 2, "change_message": "[{\"changed\": {\"fields\": [\"name\"]}}]"}}, {"model": "admin.logentry", "pk": 550, "fields": {"action_time": "2019-06-13T15:22:40.276Z", "user": 1, "content_type": 25, "object_id": "107", "object_repr": "MenuTimeLine object (107)", "action_flag": 3, "change_message": ""}}, {"model": "admin.logentry", "pk": 551, "fields": {"action_time": "2019-06-13T15:22:40.290Z", "user": 1, "content_type": 25, "object_id": "106", "object_repr": "MenuTimeLine object (106)", "action_flag": 3, "change_message": ""}}, {"model": "admin.logentry", "pk": 552, "fields": {"action_time": "2019-06-13T15:22:40.303Z", "user": 1, "content_type": 25, "object_id": "105", "object_repr": "MenuTimeLine object (105)", "action_flag": 3, "change_message": ""}}, {"model": "admin.logentry", "pk": 553, "fields": {"action_time": "2019-06-13T15:22:49.966Z", "user": 1, "content_type": 14, "object_id": "69", "object_repr": "\ud638\uce58\ud0a8 \ud06c\ub9ac\uc2a4\ud53c\ud06c\ub9bc!", "action_flag": 2, "change_message": "[{\"changed\": {\"fields\": [\"name\"]}}]"}}, {"model": "admin.logentry", "pk": 554, "fields": {"action_time": "2019-06-13T15:23:37.184Z", "user": 1, "content_type": 14, "object_id": "69", "object_repr": "\ud638\uce58\ud0a8 \ud06c\ub9ac\uc2a4\ud53c\ud06c\ub9bc", "action_flag": 2, "change_message": "[{\"changed\": {\"fields\": [\"name\"]}}]"}}, {"model": "admin.logentry", "pk": 555, "fields": {"action_time": "2019-06-13T15:36:01.265Z", "user": 1, "content_type": 14, "object_id": "69", "object_repr": "\ud638\uce58\ud0a8 \ud06c\ub9ac\uc2a4\ud53c\ud06c\ub9bcads", "action_flag": 2, "change_message": "[{\"changed\": {\"fields\": [\"name\"]}}]"}}, {"model": "admin.logentry", "pk": 556, "fields": {"action_time": "2019-06-13T15:36:12.039Z", "user": 1, "content_type": 25, "object_id": "109", "object_repr": "MenuTimeLine object (109)", "action_flag": 3, "change_message": ""}}, {"model": "admin.logentry", "pk": 557, "fields": {"action_time": "2019-06-13T15:36:12.054Z", "user": 1, "content_type": 25, "object_id": "108", "object_repr": "MenuTimeLine object (108)", "action_flag": 3, "change_message": ""}}, {"model": "admin.logentry", "pk": 558, "fields": {"action_time": "2019-06-13T15:36:19.725Z", "user": 1, "content_type": 14, "object_id": "69", "object_repr": "\ud638\uce58\ud0a8 \ud06c\ub9ac\uc2a4\ud53c\ud06c\ub9bc!!", "action_flag": 2, "change_message": "[{\"changed\": {\"fields\": [\"name\"]}}]"}}, {"model": "admin.logentry", "pk": 559, "fields": {"action_time": "2019-06-13T15:36:42.352Z", "user": 1, "content_type": 14, "object_id": "69", "object_repr": "\ud638\uce58\ud0a8 \ud06c\ub9ac\uc2a4\ud53c\ud06c\ub9bcdfs", "action_flag": 2, "change_message": "[{\"changed\": {\"fields\": [\"name\"]}}]"}}, {"model": "admin.logentry", "pk": 560, "fields": {"action_time": "2019-06-13T15:36:52.130Z", "user": 1, "content_type": 14, "object_id": "69", "object_repr": "\ud638\uce58\ud0a8 \ud06c\ub9ac\uc2a4\ud53c\ud06c\ub9bc", "action_flag": 2, "change_message": "[{\"changed\": {\"fields\": [\"name\"]}}]"}}, {"model": "admin.logentry", "pk": 561, "fields": {"action_time": "2019-06-13T15:37:09.784Z", "user": 1, "content_type": 14, "object_id": "69", "object_repr": "\ud638\uce58\ud0a8 \ud06c\ub9ac\uc2a4\ud53c\ud06c\ub9bc", "action_flag": 2, "change_message": "[{\"changed\": {\"fields\": [\"detail\"]}}]"}}, {"model": "admin.logentry", "pk": 562, "fields": {"action_time": "2019-06-13T15:38:19.909Z", "user": 1, "content_type": 14, "object_id": "70", "object_repr": "\uc2e0\uba54\ub274 \uce58\ud0a8!!!", "action_flag": 1, "change_message": "[{\"added\": {}}]"}}, {"model": "admin.logentry", "pk": 563, "fields": {"action_time": "2019-06-13T15:40:15.094Z", "user": 1, "content_type": 13, "object_id": "10", "object_repr": "\ud638\uce58\ud0a8", "action_flag": 2, "change_message": "[{\"changed\": {\"fields\": [\"info\", \"estimated_delivery_time\"]}}]"}}, {"model": "admin.logentry", "pk": 564, "fields": {"action_time": "2019-06-13T15:41:55.505Z", "user": 1, "content_type": 26, "object_id": "26", "object_repr": "\uc0ac\uc7a5\ub2d8 \uc54c\ub9bc \uac31\uc2e0", "action_flag": 3, "change_message": ""}}, {"model": "admin.logentry", "pk": 565, "fields": {"action_time": "2019-06-13T15:43:01.075Z", "user": 1, "content_type": 13, "object_id": "9", "object_repr": "\uc2e0\uc804 \ub5a1\ubcf6\uc774", "action_flag": 2, "change_message": "[{\"changed\": {\"fields\": [\"estimated_delivery_time\"]}}]"}}, {"model": "admin.logentry", "pk": 566, "fields": {"action_time": "2019-06-13T15:43:44.443Z", "user": 1, "content_type": 13, "object_id": "9", "object_repr": "\uc2e0\uc804 \ub5a1\ubcf6\uc774", "action_flag": 2, "change_message": "[{\"changed\": {\"fields\": [\"operation_start_hour\"]}}]"}}, {"model": "admin.logentry", "pk": 567, "fields": {"action_time": "2019-06-14T05:33:44.289Z", "user": 1, "content_type": 26, "object_id": "28", "object_repr": "\uc6b4\uc601\uc2dc\uac04 \uac31\uc2e0", "action_flag": 2, "change_message": "[{\"changed\": {\"fields\": [\"changed_field\"]}}]"}}, {"model": "admin.logentry", "pk": 568, "fields": {"action_time": "2019-06-14T05:33:56.224Z", "user": 1, "content_type": 26, "object_id": "27", "object_repr": "\uae30\ud0c0 \uc815\ubcf4 \uac31\uc2e0", "action_flag": 2, "change_message": "[{\"changed\": {\"fields\": [\"changed_field\"]}}]"}}, {"model": "admin.logentry", "pk": 569, "fields": {"action_time": "2019-06-14T05:34:02.921Z", "user": 1, "content_type": 26, "object_id": "25", "object_repr": "\uc0ac\uc7a5\ub2d8 \uc54c\ub9bc \uac31\uc2e0", "action_flag": 2, "change_message": "[{\"changed\": {\"fields\": [\"changed_field\"]}}]"}}, {"model": "admin.logentry", "pk": 570, "fields": {"action_time": "2019-06-14T05:34:09.724Z", "user": 1, "content_type": 26, "object_id": "24", "object_repr": "\uc774\ubca4\ud2b8 \uac31\uc2e0", "action_flag": 2, "change_message": "[{\"changed\": {\"fields\": [\"changed_field\"]}}]"}}, {"model": "admin.logentry", "pk": 571, "fields": {"action_time": "2019-06-14T05:34:16.808Z", "user": 1, "content_type": 26, "object_id": "15", "object_repr": "\uc6b4\uc601\uc2dc\uac04 \uac31\uc2e0", "action_flag": 2, "change_message": "[{\"changed\": {\"fields\": [\"changed_field\"]}}]"}}, {"model": "admin.logentry", "pk": 572, "fields": {"action_time": "2019-06-14T05:34:40.042Z", "user": 1, "content_type": 13, "object_id": "11", "object_repr": "\ud53c\uc790\ud5db", "action_flag": 2, "change_message": "[{\"changed\": {\"fields\": [\"img\"]}}]"}}, {"model": "admin.logentry", "pk": 573, "fields": {"action_time": "2019-06-14T05:46:57.353Z", "user": 1, "content_type": 26, "object_id": "15", "object_repr": "\uc6b4\uc601\uc2dc\uac04 \uac31\uc2e0", "action_flag": 2, "change_message": "[{\"changed\": {\"fields\": [\"changed_data\"]}}]"}}, {"model": "admin.logentry", "pk": 574, "fields": {"action_time": "2019-06-17T02:26:39.592Z", "user": 1, "content_type": 31, "object_id": "1", "object_repr": "YosigyTicket object (1)", "action_flag": 1, "change_message": "[{\"added\": {}}]"}}, {"model": "admin.logentry", "pk": 575, "fields": {"action_time": "2019-06-17T02:27:03.970Z", "user": 1, "content_type": 31, "object_id": "2", "object_repr": "YosigyTicket object (2)", "action_flag": 1, "change_message": "[{\"added\": {}}]"}}, {"model": "admin.logentry", "pk": 576, "fields": {"action_time": "2019-06-17T02:27:57.179Z", "user": 1, "content_type": 31, "object_id": "3", "object_repr": "YosigyTicket object (3)", "action_flag": 1, "change_message": "[{\"added\": {}}]"}}, {"model": "admin.logentry", "pk": 577, "fields": {"action_time": "2019-06-17T02:50:07.296Z", "user": 1, "content_type": 14, "object_id": "1", "object_repr": "\uace0\ucd94\ubc14\uc0ac\uc0ad", "action_flag": 2, "change_message": "[{\"changed\": {\"fields\": [\"is_set_menu\"]}}]"}}, {"model": "admin.logentry", "pk": 578, "fields": {"action_time": "2019-06-17T02:50:11.203Z", "user": 1, "content_type": 14, "object_id": "1", "object_repr": "\uace0\ucd94\ubc14\uc0ac\uc0ad", "action_flag": 2, "change_message": "[{\"changed\": {\"fields\": [\"is_yosigy\", \"is_set_menu\"]}}]"}}, {"model": "admin.logentry", "pk": 579, "fields": {"action_time": "2019-06-17T02:54:26.460Z", "user": 1, "content_type": 14, "object_id": "1", "object_repr": "\uace0\ucd94\ubc14\uc0ac\uc0ad", "action_flag": 2, "change_message": "[{\"changed\": {\"fields\": [\"is_yosigy\", \"is_set_menu\"]}}]"}}, {"model": "admin.logentry", "pk": 580, "fields": {"action_time": "2019-06-17T05:57:22.132Z", "user": 1, "content_type": 31, "object_id": "2", "object_repr": "YosigyTicket object (2)", "action_flag": 2, "change_message": "[{\"changed\": {\"fields\": [\"status\"]}}]"}}, {"model": "admin.logentry", "pk": 581, "fields": {"action_time": "2019-06-17T06:05:27.201Z", "user": 1, "content_type": 31, "object_id": "2", "object_repr": "YosigyTicket object (2)", "action_flag": 2, "change_message": "[{\"changed\": {\"fields\": [\"status\"]}}]"}}, {"model": "admin.logentry", "pk": 582, "fields": {"action_time": "2019-06-17T07:46:49.741Z", "user": 1, "content_type": 14, "object_id": "67", "object_repr": "\ud638\uce58\ud0a8 \uc591\ub150 \uac10\uc790 \uc138\ud2b8", "action_flag": 2, "change_message": "[{\"changed\": {\"fields\": [\"is_yosigy\"]}}]"}}, {"model": "admin.logentry", "pk": 583, "fields": {"action_time": "2019-06-17T07:46:56.131Z", "user": 1, "content_type": 14, "object_id": "65", "object_repr": "\ud0d5\uc218\uc721 \uc138\ud2b8 C", "action_flag": 2, "change_message": "[{\"changed\": {\"fields\": [\"is_yosigy\"]}}]"}}, {"model": "admin.logentry", "pk": 584, "fields": {"action_time": "2019-06-17T07:47:16.579Z", "user": 1, "content_type": 14, "object_id": "63", "object_repr": "\ud0d5\uc218\uc721 \uc138\ud2b8 A", "action_flag": 2, "change_message": "[{\"changed\": {\"fields\": [\"is_yosigy\"]}}]"}}, {"model": "admin.logentry", "pk": 585, "fields": {"action_time": "2019-06-17T07:47:30.175Z", "user": 1, "content_type": 14, "object_id": "64", "object_repr": "\ud0d5\uc218\uc721 \uc138\ud2b8 B", "action_flag": 2, "change_message": "[{\"changed\": {\"fields\": [\"is_yosigy\"]}}]"}}, {"model": "admin.logentry", "pk": 586, "fields": {"action_time": "2019-06-17T08:30:25.263Z", "user": 1, "content_type": 14, "object_id": "55", "object_repr": "\uce58\ud0a8 \ud14c\uc2a4\ud2b8", "action_flag": 3, "change_message": ""}}, {"model": "admin.logentry", "pk": 587, "fields": {"action_time": "2019-06-17T08:30:35.969Z", "user": 1, "content_type": 14, "object_id": "70", "object_repr": "\uc2e0\uba54\ub274 \uce58\ud0a8!!!", "action_flag": 3, "change_message": ""}}, {"model": "admin.logentry", "pk": 588, "fields": {"action_time": "2019-06-17T08:32:03.122Z", "user": 1, "content_type": 14, "object_id": "19", "object_repr": "\ubb3c\ud68ctest5", "action_flag": 3, "change_message": ""}}, {"model": "admin.logentry", "pk": 589, "fields": {"action_time": "2019-06-17T09:49:19.348Z", "user": 1, "content_type": 31, "object_id": "1", "object_repr": "YosigyTicket object (1)", "action_flag": 2, "change_message": "[{\"changed\": {\"fields\": [\"expire_time\"]}}]"}}, {"model": "admin.logentry", "pk": 590, "fields": {"action_time": "2019-06-17T09:58:22.213Z", "user": 1, "content_type": 31, "object_id": "1", "object_repr": "YosigyTicket object (1)", "action_flag": 2, "change_message": "[{\"changed\": {\"fields\": [\"expire_time\"]}}]"}}, {"model": "admin.logentry", "pk": 591, "fields": {"action_time": "2019-06-17T09:59:20.522Z", "user": 1, "content_type": 31, "object_id": "1", "object_repr": "YosigyTicket object (1)", "action_flag": 2, "change_message": "[{\"changed\": {\"fields\": [\"expire_time\"]}}]"}}, {"model": "admin.logentry", "pk": 592, "fields": {"action_time": "2019-06-17T09:59:46.321Z", "user": 1, "content_type": 31, "object_id": "4", "object_repr": "YosigyTicket object (4)", "action_flag": 1, "change_message": "[{\"added\": {}}]"}}, {"model": "admin.logentry", "pk": 593, "fields": {"action_time": "2019-06-17T10:00:13.478Z", "user": 1, "content_type": 31, "object_id": "5", "object_repr": "YosigyTicket object (5)", "action_flag": 1, "change_message": "[{\"added\": {}}]"}}, {"model": "admin.logentry", "pk": 594, "fields": {"action_time": "2019-06-18T06:15:35.121Z", "user": 1, "content_type": 30, "object_id": "8", "object_repr": "Yosigy object (8)", "action_flag": 2, "change_message": "[{\"changed\": {\"fields\": [\"deadline\"]}}]"}}, {"model": "admin.logentry", "pk": 595, "fields": {"action_time": "2019-06-18T06:15:52.365Z", "user": 1, "content_type": 30, "object_id": "8", "object_repr": "Yosigy object (8)", "action_flag": 2, "change_message": "[{\"changed\": {\"fields\": [\"deadline\"]}}]"}}, {"model": "admin.logentry", "pk": 596, "fields": {"action_time": "2019-06-19T01:29:07.100Z", "user": 1, "content_type": 19, "object_id": "bc21638f-a349-41e3-b702-5afb2a25dca5", "object_repr": "mhshimtest - \ud53c\uc790\ud5db - weather : 0", "action_flag": 3, "change_message": ""}}, {"model": "admin.logentry", "pk": 597, "fields": {"action_time": "2019-06-19T01:29:07.149Z", "user": 1, "content_type": 19, "object_id": "91811435-d719-43b5-9548-ed3c0c4bb5b7", "object_repr": "mhshimtest - \ud53c\uc790\ud5db - weather : 0", "action_flag": 3, "change_message": ""}}, {"model": "admin.logentry", "pk": 598, "fields": {"action_time": "2019-06-19T03:07:13.711Z", "user": 1, "content_type": 31, "object_id": "6", "object_repr": "YosigyTicket object (6)", "action_flag": 1, "change_message": "[{\"added\": {}}]"}}, {"model": "admin.logentry", "pk": 599, "fields": {"action_time": "2019-06-19T05:04:47.925Z", "user": 1, "content_type": 31, "object_id": "7", "object_repr": "YosigyTicket object (7)", "action_flag": 1, "change_message": "[{\"added\": {}}]"}}, {"model": "admin.logentry", "pk": 600, "fields": {"action_time": "2019-06-20T07:19:05.956Z", "user": 1, "content_type": 19, "object_id": "e9a6f186-9763-471a-9510-d9cea8ebebfc", "object_repr": "mhshimtest - \uad7d\ub124\uce58\ud0a8 - weather : 4", "action_flag": 2, "change_message": "[{\"changed\": {\"fields\": [\"yosigy_ticket\"]}}]"}}, {"model": "admin.logentry", "pk": 601, "fields": {"action_time": "2019-06-20T07:26:58.818Z", "user": 1, "content_type": 19, "object_id": "e9a6f186-9763-471a-9510-d9cea8ebebfc", "object_repr": "mhshimtest - \uad7d\ub124\uce58\ud0a8 - weather : 4", "action_flag": 3, "change_message": ""}}, {"model": "admin.logentry", "pk": 602, "fields": {"action_time": "2019-06-21T02:07:48.401Z", "user": 1, "content_type": 14, "object_id": "4", "object_repr": "\ubcfc\ucf00\uc774\ub178", "action_flag": 2, "change_message": "[{\"changed\": {\"fields\": [\"is_yosigy\"]}}]"}}, {"model": "admin.logentry", "pk": 603, "fields": {"action_time": "2019-06-21T02:35:52.148Z", "user": 1, "content_type": 14, "object_id": "6", "object_repr": "\ud1b5\ub2e4\ub9ac", "action_flag": 2, "change_message": "[{\"changed\": {\"fields\": [\"is_yosigy\"]}}]"}}, {"model": "admin.logentry", "pk": 604, "fields": {"action_time": "2019-06-21T02:37:22.202Z", "user": 1, "content_type": 14, "object_id": "6", "object_repr": "\ud1b5\ub2e4\ub9ac", "action_flag": 2, "change_message": "[{\"changed\": {\"fields\": [\"is_yosigy\"]}}]"}}, {"model": "admin.logentry", "pk": 605, "fields": {"action_time": "2019-06-21T02:37:47.051Z", "user": 1, "content_type": 14, "object_id": "71", "object_repr": "test\uba54\ub274", "action_flag": 1, "change_message": "[{\"added\": {}}]"}}, {"model": "admin.logentry", "pk": 606, "fields": {"action_time": "2019-06-22T09:19:07.911Z", "user": 1, "content_type": 14, "object_id": "72", "object_repr": "\uc694\uc2dd\uc774 \ud14c\uc2a4\ud2b8", "action_flag": 1, "change_message": "[{\"added\": {}}]"}}, {"model": "admin.logentry", "pk": 607, "fields": {"action_time": "2019-06-22T09:39:06.709Z", "user": 1, "content_type": 29, "object_id": "16", "object_repr": "2 - \uad7d\ub124\uce58\ud0a8-\uc11c\ucd08\uc810\uc694\uc2dd\uc774 \ud14c\uc2a4\ud2b81000", "action_flag": 1, "change_message": "[{\"added\": {}}]"}}, {"model": "admin.logentry", "pk": 608, "fields": {"action_time": "2019-06-22T10:09:13.900Z", "user": 1, "content_type": 14, "object_id": "73", "object_repr": "\ud638\uce58\ud0a8 \uce58\uc290\ub7ad", "action_flag": 1, "change_message": "[{\"added\": {}}]"}}, {"model": "admin.logentry", "pk": 609, "fields": {"action_time": "2019-06-22T10:12:21.770Z", "user": 1, "content_type": 14, "object_id": "74", "object_repr": "\uad7d\ub124 \ub525\uce58\uc988", "action_flag": 1, "change_message": "[{\"added\": {}}]"}}, {"model": "admin.logentry", "pk": 610, "fields": {"action_time": "2019-06-22T10:12:48.690Z", "user": 1, "content_type": 14, "object_id": "68", "object_repr": "\ud638\uce58\ud0a8 \uce58\uc290\ub7ad", "action_flag": 3, "change_message": ""}}, {"model": "admin.logentry", "pk": 611, "fields": {"action_time": "2019-06-22T10:13:03.082Z", "user": 1, "content_type": 14, "object_id": "66", "object_repr": "\ud638\uce58\ud0a8 \uac04\uc7a5\uce58\ud0a8", "action_flag": 2, "change_message": "[{\"changed\": {\"fields\": [\"detail\"]}}]"}}, {"model": "admin.logentry", "pk": 612, "fields": {"action_time": "2019-06-22T10:14:18.697Z", "user": 1, "content_type": 14, "object_id": "66", "object_repr": "\ud638\uce58\ud0a8 \uac04\uc7a5\uce58\ud0a8", "action_flag": 2, "change_message": "[{\"changed\": {\"fields\": [\"img\"]}}]"}}, {"model": "admin.logentry", "pk": 613, "fields": {"action_time": "2019-06-22T10:37:37.467Z", "user": 1, "content_type": 14, "object_id": "17", "object_repr": "\uad11\uc5b4\ud68c \uc18c", "action_flag": 2, "change_message": "[{\"changed\": {\"fields\": [\"img\"]}}]"}}, {"model": "admin.logentry", "pk": 614, "fields": {"action_time": "2019-06-22T10:51:18.989Z", "user": 1, "content_type": 14, "object_id": "17", "object_repr": "\uad11\uc5b4\ud68c \uc18c?", "action_flag": 2, "change_message": "[{\"changed\": {\"fields\": [\"name\"]}}]"}}, {"model": "admin.logentry", "pk": 615, "fields": {"action_time": "2019-06-22T10:51:52.036Z", "user": 1, "content_type": 14, "object_id": "17", "object_repr": "\uad11\uc5b4\ud68c \uc18c", "action_flag": 2, "change_message": "[{\"changed\": {\"fields\": [\"name\"]}}]"}}, {"model": "admin.logentry", "pk": 616, "fields": {"action_time": "2019-06-22T10:55:58.698Z", "user": 1, "content_type": 14, "object_id": "75", "object_repr": "\ud0d5\uc218\uc721 \uc138\ud2b8 Z", "action_flag": 1, "change_message": "[{\"added\": {}}]"}}, {"model": "admin.logentry", "pk": 617, "fields": {"action_time": "2019-06-22T11:25:05.384Z", "user": 1, "content_type": 29, "object_id": "17", "object_repr": "7 - \ud638\uce58\ud0a8-\uc11c\ucd08\uc810\ud638\uce58\ud0a8 \uce58\uc290\ub7ad15000", "action_flag": 1, "change_message": "[{\"added\": {}}]"}}, {"model": "admin.logentry", "pk": 618, "fields": {"action_time": "2019-06-22T11:26:49.245Z", "user": 1, "content_type": 29, "object_id": "18", "object_repr": "2 - \uad7d\ub124\uce58\ud0a8-\uc11c\ucd08\uc810\uad7d\ub124 \ub525\uce58\uc98814000", "action_flag": 1, "change_message": "[{\"added\": {}}]"}}, {"model": "admin.logentry", "pk": 619, "fields": {"action_time": "2019-06-22T11:27:40.003Z", "user": 1, "content_type": 29, "object_id": "16", "object_repr": "2 - \uad7d\ub124\uce58\ud0a8-\uc11c\ucd08\uc810\uc694\uc2dd\uc774 \ud14c\uc2a4\ud2b81000", "action_flag": 3, "change_message": ""}}, {"model": "admin.logentry", "pk": 620, "fields": {"action_time": "2019-06-22T11:28:34.778Z", "user": 1, "content_type": 14, "object_id": "75", "object_repr": "\ud0d5\uc218\uc721 \uc138\ud2b8 Z", "action_flag": 2, "change_message": "[{\"changed\": {\"fields\": [\"price\"]}}]"}}, {"model": "admin.logentry", "pk": 621, "fields": {"action_time": "2019-06-22T11:37:39.605Z", "user": 1, "content_type": 14, "object_id": "75", "object_repr": "\ud0d5\uc218\uc721 \uc138\ud2b8 Z", "action_flag": 2, "change_message": "[{\"changed\": {\"fields\": [\"price\"]}}]"}}, {"model": "admin.logentry", "pk": 622, "fields": {"action_time": "2019-06-22T12:03:14.006Z", "user": 1, "content_type": 14, "object_id": "75", "object_repr": "\ud0d5\uc218\uc721 \uc138\ud2b8 Z", "action_flag": 2, "change_message": "[{\"changed\": {\"fields\": [\"is_set_menu\"]}}]"}}, {"model": "admin.logentry", "pk": 623, "fields": {"action_time": "2019-06-22T12:03:18.605Z", "user": 1, "content_type": 14, "object_id": "75", "object_repr": "\ud0d5\uc218\uc721 \uc138\ud2b8 Z", "action_flag": 2, "change_message": "[{\"changed\": {\"fields\": [\"is_set_menu\"]}}]"}}, {"model": "admin.logentry", "pk": 624, "fields": {"action_time": "2019-06-22T12:04:32.789Z", "user": 1, "content_type": 14, "object_id": "75", "object_repr": "\ud0d5\uc218\uc721 \uc138\ud2b8 Z", "action_flag": 2, "change_message": "[{\"changed\": {\"fields\": [\"price\"]}}]"}}, {"model": "admin.logentry", "pk": 625, "fields": {"action_time": "2019-06-22T12:47:34.182Z", "user": 1, "content_type": 29, "object_id": "19", "object_repr": "5 - \ud64d\ucf69\ubc18\uc810-\uc11c\ucd08\uc810\ud0d5\uc218\uc721 \uc138\ud2b8 Z21000", "action_flag": 1, "change_message": "[{\"added\": {}}]"}}, {"model": "admin.logentry", "pk": 626, "fields": {"action_time": "2019-07-01T07:58:13.218Z", "user": 1, "content_type": 14, "object_id": "76", "object_repr": "\uce58\uc988 \ud53c\uc790", "action_flag": 1, "change_message": "[{\"added\": {}}]"}}, {"model": "admin.logentry", "pk": 627, "fields": {"action_time": "2019-07-01T07:58:45.955Z", "user": 1, "content_type": 14, "object_id": "76", "object_repr": "\ud53c\uc790\ud5db \uce58\uc988 \ud53c\uc790", "action_flag": 2, "change_message": "[{\"changed\": {\"fields\": [\"name\"]}}]"}}, {"model": "admin.logentry", "pk": 628, "fields": {"action_time": "2019-07-01T07:59:44.200Z", "user": 1, "content_type": 30, "object_id": "9", "object_repr": "\uc694\uc2dd\uc774 \ub9e4\uc7a5 : \ud53c\uc790\ud5db", "action_flag": 1, "change_message": "[{\"added\": {}}]"}}, {"model": "admin.logentry", "pk": 629, "fields": {"action_time": "2019-07-01T08:00:27.994Z", "user": 1, "content_type": 30, "object_id": "9", "object_repr": "\uc694\uc2dd\uc774 \ub9e4\uc7a5 : \ud53c\uc790\ud5db", "action_flag": 2, "change_message": "[{\"changed\": {\"fields\": [\"user\"]}}]"}}, {"model": "admin.logentry", "pk": 630, "fields": {"action_time": "2019-07-01T08:01:53.910Z", "user": 1, "content_type": 29, "object_id": "20", "object_repr": "9 - \ud53c\uc790\ud5db-\uc11c\ucd08\uc810\ud53c\uc790\ud5db \uce58\uc988 \ud53c\uc79018000", "action_flag": 1, "change_message": "[{\"added\": {}}]"}}, {"model": "admin.logentry", "pk": 631, "fields": {"action_time": "2019-07-01T08:03:23.806Z", "user": 1, "content_type": 13, "object_id": "11", "object_repr": "\ud53c\uc790\ud5db", "action_flag": 2, "change_message": "[{\"changed\": {\"fields\": [\"store_owner\"]}}]"}}, {"model": "admin.logentry", "pk": 632, "fields": {"action_time": "2019-07-01T08:15:51.526Z", "user": 1, "content_type": 13, "object_id": "11", "object_repr": "\ud53c\uc790\ud5db", "action_flag": 2, "change_message": "[{\"changed\": {\"fields\": [\"store_owner\"]}}]"}}, {"model": "admin.logentry", "pk": 633, "fields": {"action_time": "2019-07-01T08:25:45.853Z", "user": 1, "content_type": 29, "object_id": "20", "object_repr": "9 - \ud53c\uc790\ud5db-\uc11c\ucd08\uc810\ud53c\uc790\ud5db \uce58\uc988 \ud53c\uc79018000", "action_flag": 3, "change_message": ""}}, {"model": "admin.logentry", "pk": 634, "fields": {"action_time": "2019-07-01T08:28:59.571Z", "user": 1, "content_type": 11, "object_id": "15", "object_repr": "myunghun.shim", "action_flag": 2, "change_message": "[{\"changed\": {\"fields\": [\"is_staff\"]}}]"}}, {"model": "admin.logentry", "pk": 635, "fields": {"action_time": "2019-07-01T08:29:51.408Z", "user": 1, "content_type": 11, "object_id": "9", "object_repr": "mhshimtest", "action_flag": 2, "change_message": "[{\"changed\": {\"fields\": [\"is_staff\"]}}]"}}, {"model": "admin.logentry", "pk": 636, "fields": {"action_time": "2019-07-02T02:02:58.344Z", "user": 1, "content_type": 14, "object_id": "77", "object_repr": "\uc138\ud2b8 \uba54\ub274 Test", "action_flag": 1, "change_message": "[{\"added\": {}}]"}}, {"model": "admin.logentry", "pk": 637, "fields": {"action_time": "2019-07-02T02:03:29.186Z", "user": 1, "content_type": 29, "object_id": "23", "object_repr": "11 - \uad7d\ub124\uce58\ud0a8-\uc11c\ucd08\uc810\uc138\ud2b8 \uba54\ub274 Test10000", "action_flag": 1, "change_message": "[{\"added\": {}}]"}}, {"model": "admin.logentry", "pk": 638, "fields": {"action_time": "2019-07-02T02:04:34.020Z", "user": 1, "content_type": 14, "object_id": "77", "object_repr": "\uc138\ud2b8 \uba54\ub274 Test", "action_flag": 2, "change_message": "[{\"changed\": {\"fields\": [\"img\"]}}]"}}, {"model": "admin.logentry", "pk": 639, "fields": {"action_time": "2019-07-02T03:07:29.403Z", "user": 1, "content_type": 11, "object_id": "14", "object_repr": "mhshimtest1", "action_flag": 2, "change_message": "[{\"changed\": {\"fields\": [\"is_staff\"]}}]"}}, {"model": "admin.logentry", "pk": 640, "fields": {"action_time": "2019-07-02T03:07:38.512Z", "user": 1, "content_type": 11, "object_id": "9", "object_repr": "mhshimtest", "action_flag": 2, "change_message": "[{\"changed\": {\"fields\": [\"is_staff\"]}}]"}}, {"model": "admin.logentry", "pk": 641, "fields": {"action_time": "2019-07-02T03:13:40.610Z", "user": 1, "content_type": 11, "object_id": "14", "object_repr": "\uc0ac\uc7a5\ub2d8", "action_flag": 2, "change_message": "[{\"changed\": {\"fields\": [\"username\"]}}]"}}, {"model": "admin.logentry", "pk": 642, "fields": {"action_time": "2019-07-02T03:13:54.767Z", "user": 1, "content_type": 11, "object_id": "9", "object_repr": "\uc720\uc8001", "action_flag": 2, "change_message": "[{\"changed\": {\"fields\": [\"username\"]}}]"}}, {"model": "admin.logentry", "pk": 643, "fields": {"action_time": "2019-07-02T03:14:43.905Z", "user": 1, "content_type": 13, "object_id": "10", "object_repr": "\ud638\uce58\ud0a8", "action_flag": 2, "change_message": "[{\"changed\": {\"fields\": [\"store_owner\"]}}]"}}, {"model": "admin.logentry", "pk": 644, "fields": {"action_time": "2019-07-02T03:14:51.147Z", "user": 1, "content_type": 13, "object_id": "1", "object_repr": "\uad7d\ub124\uce58\ud0a8", "action_flag": 2, "change_message": "[{\"changed\": {\"fields\": [\"store_owner\"]}}]"}}, {"model": "admin.logentry", "pk": 645, "fields": {"action_time": "2019-07-02T03:14:59.720Z", "user": 1, "content_type": 13, "object_id": "8", "object_repr": "\uad50\ucd0c\uce58\ud0a8", "action_flag": 2, "change_message": "[{\"changed\": {\"fields\": [\"store_owner\"]}}]"}}, {"model": "admin.logentry", "pk": 646, "fields": {"action_time": "2019-07-02T03:20:42.717Z", "user": 1, "content_type": 30, "object_id": "11", "object_repr": "\uc694\uc2dd\uc774 \ub9e4\uc7a5 : \uad7d\ub124\uce58\ud0a8", "action_flag": 3, "change_message": ""}}, {"model": "admin.logentry", "pk": 647, "fields": {"action_time": "2019-07-02T03:20:42.728Z", "user": 1, "content_type": 30, "object_id": "10", "object_repr": "\uc694\uc2dd\uc774 \ub9e4\uc7a5 : \ud53c\uc790\ud5db", "action_flag": 3, "change_message": ""}}, {"model": "admin.logentry", "pk": 648, "fields": {"action_time": "2019-07-02T03:20:42.738Z", "user": 1, "content_type": 30, "object_id": "9", "object_repr": "\uc694\uc2dd\uc774 \ub9e4\uc7a5 : \ud53c\uc790\ud5db", "action_flag": 3, "change_message": ""}}, {"model": "admin.logentry", "pk": 649, "fields": {"action_time": "2019-07-02T03:20:42.746Z", "user": 1, "content_type": 30, "object_id": "8", "object_repr": "\uc694\uc2dd\uc774 \ub9e4\uc7a5 : \uc2e0\uc804 \ub5a1\ubcf6\uc774", "action_flag": 3, "change_message": ""}}, {"model": "admin.logentry", "pk": 650, "fields": {"action_time": "2019-07-02T03:20:42.756Z", "user": 1, "content_type": 30, "object_id": "7", "object_repr": "\uc694\uc2dd\uc774 \ub9e4\uc7a5 : \ud638\uce58\ud0a8", "action_flag": 3, "change_message": ""}}, {"model": "admin.logentry", "pk": 651, "fields": {"action_time": "2019-07-02T03:20:42.766Z", "user": 1, "content_type": 30, "object_id": "5", "object_repr": "\uc694\uc2dd\uc774 \ub9e4\uc7a5 : \ud64d\ucf69\ubc18\uc810", "action_flag": 3, "change_message": ""}}, {"model": "admin.logentry", "pk": 652, "fields": {"action_time": "2019-07-02T03:20:42.775Z", "user": 1, "content_type": 30, "object_id": "2", "object_repr": "\uc694\uc2dd\uc774 \ub9e4\uc7a5 : \uad7d\ub124\uce58\ud0a8", "action_flag": 3, "change_message": ""}}, {"model": "admin.logentry", "pk": 653, "fields": {"action_time": "2019-07-02T03:20:42.783Z", "user": 1, "content_type": 30, "object_id": "1", "object_repr": "\uc694\uc2dd\uc774 \ub9e4\uc7a5 : \ucc99\ud69f\uc9d1", "action_flag": 3, "change_message": ""}}, {"model": "admin.logentry", "pk": 654, "fields": {"action_time": "2019-07-02T03:21:05.320Z", "user": 1, "content_type": 32, "object_id": "11", "object_repr": "11-63000\uc6d0", "action_flag": 3, "change_message": ""}}, {"model": "admin.logentry", "pk": 655, "fields": {"action_time": "2019-07-02T03:21:05.331Z", "user": 1, "content_type": 32, "object_id": "10", "object_repr": "10-70000\uc6d0", "action_flag": 3, "change_message": ""}}, {"model": "admin.logentry", "pk": 656, "fields": {"action_time": "2019-07-02T03:21:05.342Z", "user": 1, "content_type": 32, "object_id": "9", "object_repr": "9-70000\uc6d0", "action_flag": 3, "change_message": ""}}, {"model": "admin.logentry", "pk": 657, "fields": {"action_time": "2019-07-02T03:21:05.351Z", "user": 1, "content_type": 32, "object_id": "8", "object_repr": "8-143000\uc6d0", "action_flag": 3, "change_message": ""}}, {"model": "admin.logentry", "pk": 658, "fields": {"action_time": "2019-07-02T03:21:05.360Z", "user": 1, "content_type": 32, "object_id": "7", "object_repr": "7-299000\uc6d0", "action_flag": 3, "change_message": ""}}, {"model": "admin.logentry", "pk": 659, "fields": {"action_time": "2019-07-02T03:21:05.369Z", "user": 1, "content_type": 32, "object_id": "6", "object_repr": "6-66000\uc6d0", "action_flag": 3, "change_message": ""}}, {"model": "admin.logentry", "pk": 660, "fields": {"action_time": "2019-07-02T03:21:05.394Z", "user": 1, "content_type": 32, "object_id": "5", "object_repr": "5-140000\uc6d0", "action_flag": 3, "change_message": ""}}, {"model": "admin.logentry", "pk": 661, "fields": {"action_time": "2019-07-02T03:21:05.415Z", "user": 1, "content_type": 32, "object_id": "4", "object_repr": "4-78000\uc6d0", "action_flag": 3, "change_message": ""}}, {"model": "admin.logentry", "pk": 662, "fields": {"action_time": "2019-07-02T03:21:05.435Z", "user": 1, "content_type": 32, "object_id": "3", "object_repr": "3-56000\uc6d0", "action_flag": 3, "change_message": ""}}, {"model": "admin.logentry", "pk": 663, "fields": {"action_time": "2019-07-02T03:21:05.456Z", "user": 1, "content_type": 32, "object_id": "2", "object_repr": "2-161000\uc6d0", "action_flag": 3, "change_message": ""}}, {"model": "admin.logentry", "pk": 664, "fields": {"action_time": "2019-07-02T03:21:05.465Z", "user": 1, "content_type": 32, "object_id": "1", "object_repr": "1-60000\uc6d0", "action_flag": 3, "change_message": ""}}, {"model": "admin.logentry", "pk": 665, "fields": {"action_time": "2019-07-02T06:20:05.481Z", "user": 1, "content_type": 13, "object_id": "7", "object_repr": "\uae08\ub8e1", "action_flag": 2, "change_message": "[{\"changed\": {\"fields\": [\"store_owner\"]}}]"}}, {"model": "admin.logentry", "pk": 666, "fields": {"action_time": "2019-07-02T06:20:11.498Z", "user": 1, "content_type": 13, "object_id": "7", "object_repr": "\uae08\ub8e1", "action_flag": 2, "change_message": "[]"}}, {"model": "admin.logentry", "pk": 667, "fields": {"action_time": "2019-07-02T06:23:33.351Z", "user": 1, "content_type": 14, "object_id": "63", "object_repr": "\ud0d5\uc218\uc721 \uc138\ud2b8 A", "action_flag": 2, "change_message": "[{\"changed\": {\"fields\": [\"restaurant\"]}}]"}}, {"model": "admin.logentry", "pk": 668, "fields": {"action_time": "2019-07-02T06:23:43.822Z", "user": 1, "content_type": 14, "object_id": "64", "object_repr": "\ud0d5\uc218\uc721 \uc138\ud2b8 B", "action_flag": 2, "change_message": "[{\"changed\": {\"fields\": [\"restaurant\"]}}]"}}, {"model": "admin.logentry", "pk": 669, "fields": {"action_time": "2019-07-02T06:23:59.469Z", "user": 1, "content_type": 14, "object_id": "65", "object_repr": "\ud0d5\uc218\uc721 \uc138\ud2b8 C", "action_flag": 2, "change_message": "[{\"changed\": {\"fields\": [\"restaurant\"]}}]"}}, {"model": "admin.logentry", "pk": 670, "fields": {"action_time": "2019-07-02T06:27:37.233Z", "user": 1, "content_type": 30, "object_id": "13", "object_repr": "\uc694\uc2dd\uc774 \ub9e4\uc7a5 : \ud638\uce58\ud0a8", "action_flag": 2, "change_message": "[{\"changed\": {\"fields\": [\"notice\", \"min_price\"]}}]"}}, {"model": "admin.logentry", "pk": 671, "fields": {"action_time": "2019-07-02T06:29:52.458Z", "user": 1, "content_type": 25, "object_id": "133", "object_repr": "MenuTimeLine object (133)", "action_flag": 3, "change_message": ""}}, {"model": "admin.logentry", "pk": 672, "fields": {"action_time": "2019-07-02T06:29:52.468Z", "user": 1, "content_type": 25, "object_id": "132", "object_repr": "MenuTimeLine object (132)", "action_flag": 3, "change_message": ""}}, {"model": "admin.logentry", "pk": 673, "fields": {"action_time": "2019-07-02T06:34:45.834Z", "user": 1, "content_type": 29, "object_id": "28", "object_repr": "13 - \ud638\uce58\ud0a8-\uc11c\ucd08\uc810\ud638\uce58\ud0a8 \uc591\ub150 \uac10\uc790 \uc138\ud2b815000", "action_flag": 2, "change_message": "[{\"changed\": {\"fields\": [\"discounted_price\"]}}]"}}, {"model": "admin.logentry", "pk": 674, "fields": {"action_time": "2019-07-02T07:01:10.061Z", "user": 1, "content_type": 14, "object_id": "77", "object_repr": "\uc138\ud2b8 \uba54\ub274 Test", "action_flag": 3, "change_message": ""}}, {"model": "admin.logentry", "pk": 675, "fields": {"action_time": "2019-07-02T07:01:10.072Z", "user": 1, "content_type": 14, "object_id": "71", "object_repr": "test\uba54\ub274", "action_flag": 3, "change_message": ""}}, {"model": "admin.logentry", "pk": 676, "fields": {"action_time": "2019-07-02T07:01:37.502Z", "user": 1, "content_type": 14, "object_id": "72", "object_repr": "\uc694\uc2dd\uc774 \ud14c\uc2a4\ud2b8", "action_flag": 3, "change_message": ""}}, {"model": "admin.logentry", "pk": 677, "fields": {"action_time": "2019-07-02T07:08:12.400Z", "user": 1, "content_type": 14, "object_id": "78", "object_repr": "test", "action_flag": 1, "change_message": "[{\"added\": {}}]"}}, {"model": "admin.logentry", "pk": 678, "fields": {"action_time": "2019-07-02T07:09:34.545Z", "user": 1, "content_type": 14, "object_id": "78", "object_repr": "test", "action_flag": 3, "change_message": ""}}]